radio,mcc,net,area,cell,unit,lon,lat,range,samples,changeable,created,updated,averageSignal
LTE,310,410,8840,41733647,0,-86.7354,36.2672,8495,35,1,1366158017,1762349102,0
GSM,310,260,31402,5782,0,-86.4338,35.8342,1858,5,1,1377792517,1768540761,0
LTE,310,410,8195,39250952,0,-86.5212,36.7167,2386,27,1,1393904641,1786566061,0
LTE,310,410,8834,41832456,0,-87.306,36.625,6904,27,1,1401568157,1773936371,0
LTE,310,410,9101,42243337,0,-85.171,35.0277,1285,50,1,1411773494,1787513525,0
LTE,310,410,8849,41954064,0,-85.5387,35.3476,16419,50,1,1413220243,1748327799,0
LTE,310,260,43777,6388481,0,-86.7396,36.071,7805,32,1,1413613052,1767454503,0
LTE,310,410,8195,39251977,0,-86.4408,36.8917,6209,27,1,1414539905,1785412621,0
LTE,310,260,43777,6382337,0,-86.8226,36.1597,1899,30,1,1415870548,1767442805,0
LTE,310,410,9101,42243336,0,-85.1511,35.0457,14939,50,1,1423176263,1787513526,0
LTE,310,410,8836,41857295,0,-87.1517,36.0509,20445,38,1,1426435149,1752558142,0
LTE,310,410,8834,41790472,0,-87.3617,36.6538,7229,30,1,1428622289,1773936845,0
LTE,310,410,8849,42242575,0,-85.3602,35.3942,5284,51,1,1429280701,1747012404,0
LTE,310,410,9101,42265352,0,-85.1516,35.0367,15602,32,1,1429481072,1787513525,0
LTE,310,410,8834,41764874,0,-87.2885,36.6058,6408,14,1,1429973238,1782917461,0
LTE,310,410,8832,41781519,0,-86.9071,35.5558,810,50,1,1430792167,1756422182,0
LTE,310,410,8832,41840399,0,-86.8828,35.4443,2646,27,1,1430792167,1770128162,0
LTE,310,410,8838,41749257,0,-86.6689,36.1349,2856,50,1,1431374834,1772487488,0
LTE,310,410,8838,41766410,0,-86.6768,36.1126,7200,50,1,1431374834,1753355404,0
LTE,310,260,43777,6381059,0,-86.8174,36.1532,2670,50,1,1432775638,1759956183,0
LTE,310,260,43777,6381826,0,-86.7765,36.1225,3896,28,1,1432775639,1767478143,0
LTE,310,260,43777,6379521,0,-86.7688,36.1081,1336,27,1,1432775639,1767478143,0
LTE,310,260,43777,6868227,0,-86.5928,36.1692,9029,33,1,1432775643,1788291485,0
LTE,310,260,43777,6996481,0,-86.6233,36.1588,5658,30,1,1432775650,1788291485,0
LTE,310,410,8704,41239306,0,-88.862,35.6664,9517,27,1,1433803256,1746846303,0
LTE,310,410,8704,41332744,0,-88.7767,35.6821,19667,40,1,1433803261,1746846305,0
LTE,310,410,8834,41778696,0,-87.4513,36.6889,4863,8,1,1434334856,1782916503,0
LTE,310,410,9101,42275345,0,-85.2549,35.1247,2514,23,1,1441504419,1747001883,0
LTE,310,260,43777,6381057,0,-86.7936,36.1817,6065,26,1,1442542448,1767442805,0
LTE,310,260,43777,6382338,0,-86.8186,36.15,2312,41,1,1442542448,1759890422,0
LTE,310,260,44029,7911435,0,-86.8808,35.4169,12816,29,1,1442542449,1773965942,0
LTE,310,260,44029,7596044,0,-86.8951,35.5099,9259,27,1,1442542449,1773965943,0
LTE,310,260,44029,7911437,0,-86.8833,35.3744,2272,27,1,1442542449,1773965942,0
LTE,310,260,43777,6379523,0,-86.7639,36.0989,4138,31,1,1442542448,1767478143,0
LTE,310,260,44029,7299853,0,-86.8894,35.2802,2409,29,1,1442542450,1773988383,0
LTE,310,260,43777,6382083,0,-86.8192,36.1414,500,50,1,1442542448,1759890421,0
LTE,310,260,44029,7085067,0,-86.8785,35.1556,3632,50,1,1442542451,1773988383,0
LTE,310,260,44029,7596045,0,-86.8949,35.5086,15543,50,1,1442542449,1773965943,0
LTE,310,260,44029,7299851,0,-86.8821,35.3156,9667,30,1,1442542450,1773988382,0
LTE,310,260,43777,6868994,0,-86.7169,36.3482,1586,38,1,1442542450,1766424122,0
LTE,310,260,44029,7085068,0,-86.8805,35.1145,6712,40,1,1442716531,1773988383,0
LTE,310,260,43777,6386178,0,-86.7714,36.2112,7812,27,1,1442716555,1768402682,0
LTE,310,260,43777,6871809,0,-86.7047,36.3074,870,29,1,1442716555,1768402682,0
LTE,310,260,43777,6386177,0,-86.7713,36.2317,19992,34,1,1442716555,1768402682,0
LTE,310,410,8846,41763600,0,-87.2157,35.9658,13409,27,1,1443638277,1746858512,0
LTE,310,410,8195,39260680,0,-86.3843,36.9893,1304,50,1,1443643990,1786567261,0
LTE,310,410,8195,39251208,0,-86.3205,37.0121,1616,27,1,1443644230,1786567501,0
LTE,310,260,43777,6383619,0,-86.7038,36.143,7415,35,1,1448755995,1753355403,0
LTE,310,410,8846,41848081,0,-87.8366,35.8831,26583,27,1,1452831484,1779922447,0
LTE,310,410,8846,41735695,0,-87.3664,36.0153,23256,50,1,1452831485,1777040882,0
LTE,310,410,8846,41847057,0,-87.4668,35.9881,15349,29,1,1452831485,1746858482,0
LTE,310,410,8846,41774607,0,-87.6938,35.8803,2186,39,1,1452831484,1752558185,0
LTE,310,410,8846,41847824,0,-87.6369,35.8979,26896,27,1,1452831484,1777038730,0
LTE,310,410,8846,41747473,0,-87.6087,35.9197,23503,50,1,1452831484,1774020062,0
GSM,310,260,31402,4491,0,-86.4292,35.8307,1557,10,1,1458625418,1768540761,0
GSM,310,260,31402,6243,0,-86.881,35.3844,3983,8,1,1458625419,1769842051,0
GSM,310,260,31402,6242,0,-86.8777,35.3954,6247,15,1,1458625419,1785126533,0
GSM,310,260,31403,11101,0,-87.4933,36.8649,2386,7,1,1458625422,1757624581,0
LTE,310,410,8832,41756689,0,-86.8801,35.4308,4737,27,1,1458628792,1770128161,0
LTE,310,410,8832,41841168,0,-86.8877,35.0998,5726,27,1,1458628794,1770160321,0
LTE,310,410,8833,41784074,0,-86.7644,36.0492,5255,27,1,1458628796,1756422188,0
LTE,310,410,8832,41771784,0,-86.8722,35.7425,4656,29,1,1458628793,1770126721,0
LTE,310,410,8832,41840406,0,-86.8751,35.4125,11007,29,1,1458628794,1756422136,0
LTE,310,410,8833,41749769,0,-86.8048,35.9665,7201,27,1,1458628795,1770126002,0
LTE,310,410,8833,41749768,0,-86.8009,35.9857,5991,27,1,1458628795,1770125941,0
LTE,310,410,8834,41745929,0,-87.2173,36.5222,2916,27,1,1458628798,1782917941,0
LTE,310,410,8834,41760008,0,-87.2422,36.5208,4264,34,1,1458628798,1770121322,0
LTE,310,410,8832,41780241,0,-86.9005,35.0847,8380,27,1,1458628793,1770129781,0
LTE,310,410,8832,41771785,0,-86.8902,35.6667,3455,27,1,1458628793,1770127142,0
LTE,310,410,8832,41840407,0,-86.8818,35.377,5777,50,1,1458628794,1756422136,0
LTE,310,410,8832,41840400,0,-86.8801,35.3505,10637,50,1,1458628794,1756422135,0
LTE,310,410,8833,41729801,0,-86.6216,36.0161,1435,27,1,1458628795,1782921602,0
LTE,310,410,8833,41777936,0,-86.7919,35.9973,8148,50,1,1458628796,1770125821,0
LTE,310,410,8834,41745930,0,-87.2518,36.5587,3093,11,1,1441240002,1782917641,0
LTE,310,410,8834,41745928,0,-87.2416,36.5468,27436,27,1,1458628798,1782917761,0
LTE,310,410,8834,41764873,0,-87.2599,36.573,2052,27,1,1458628798,1782917581,0
LTE,310,410,8834,41785865,0,-87.3822,36.5553,7534,15,1,1458628799,1777044541,0
LTE,310,410,8834,41838103,0,-87.4178,36.5945,1000,3,1,1458628800,1774027802,0
LTE,310,410,8833,41753617,0,-86.7778,36.0463,12982,27,1,1458628796,1753355402,0
LTE,310,410,8834,41756938,0,-87.3564,36.5306,2642,3,1,1429269421,1777044901,0
LTE,310,410,8834,41786902,0,-87.3847,36.5509,1211,11,1,1458628799,1774027441,0
LTE,310,410,8834,41778455,0,-87.4258,36.6057,6076,4,1,1446909816,1774028041,0
LTE,310,410,8834,41788680,0,-87.2869,36.5986,10059,27,1,1458628799,1773936361,0
LTE,310,410,8834,43110922,0,-87.458,36.7043,5053,27,1,1458628801,1782914521,0
LTE,310,410,8832,41757712,0,-86.8812,35.352,3110,50,1,1458628792,1756422135,0
LTE,310,410,8833,41761800,0,-86.8095,35.961,8654,27,1,1458628796,1770126002,0
LTE,310,410,8834,41786903,0,-87.3924,36.5508,1765,50,1,1458628799,1774027441,0
LTE,310,410,8834,41797129,0,-87.3667,36.5163,3997,27,1,1458628799,1779922814,0
LTE,310,410,8834,41873943,0,-87.4102,36.5746,3143,20,1,1458628800,1774027621,0
LTE,310,410,8834,41831446,0,-87.4011,36.5739,3825,27,1,1458628800,1774027561,0
LTE,310,410,8833,41755145,0,-86.7838,36.0303,5993,28,1,1458628796,1770125762,0
LTE,310,410,8834,41832458,0,-87.3429,36.646,1642,4,1,1446584529,1773936542,0
LTE,310,410,8834,41833481,0,-87.3489,36.4813,12109,27,1,1458628800,1779922501,0
LTE,310,410,8835,41913624,0,-85.7843,36.1352,11304,50,1,1458628804,1770791156,0
LTE,310,410,8837,41786641,0,-86.3394,35.7439,22340,27,1,1458628807,1786558681,0
LTE,310,410,8837,41839881,0,-86.2548,35.6423,6225,27,1,1458628809,1785402661,0
LTE,310,410,8837,41839882,0,-86.2413,35.6092,2680,27,1,1458628809,1785402782,0
LTE,310,410,8834,41797143,0,-87.3666,36.5134,2510,14,1,1458628799,1774026661,0
LTE,310,410,8834,41840136,0,-87.4135,36.6627,3954,50,1,1458628800,1773936841,0
LTE,310,410,8836,41815567,0,-86.9387,36.1618,6656,30,1,1458628806,1761413702,0
LTE,310,410,8836,41835279,0,-87.0027,36.0759,18258,25,1,1458628806,1752558141,0
LTE,310,410,8837,41935114,0,-86.0728,35.4824,17721,50,1,1458628809,1773843781,0
LTE,310,410,8837,41934865,0,-86.2077,35.5607,8187,27,1,1458628809,1746858498,0
LTE,310,410,8836,41835280,0,-86.9981,36.0764,6553,50,1,1458628806,1752558140,0
LTE,310,410,8836,41770256,0,-87.017,36.0771,2417,50,1,1458628806,1752558141,0
LTE,310,410,8837,41834505,0,-86.4337,35.8442,7289,26,1,1458628808,1786559281,0
LTE,310,410,8837,41942282,0,-86.2391,35.6002,4151,38,1,1458628809,1746858497,0
LTE,310,410,8838,41732616,0,-86.7961,36.1503,3112,39,1,1458628811,1771888807,0
LTE,310,410,8837,41786376,0,-86.4358,35.8495,7029,27,1,1458628807,1786559281,0
LTE,310,410,8837,41935113,0,-86.047,35.4514,12996,27,1,1458628809,1773844081,0
LTE,310,410,8838,41728776,0,-86.7829,36.1385,9997,27,1,1458628811,1759874101,0
LTE,310,410,8838,41736202,0,-86.7077,36.1336,2349,4,1,1445967611,1753355402,0
LTE,310,410,8838,41739273,0,-86.697,36.0809,2089,50,1,1458628811,1770124621,0
LTE,310,410,8838,41732618,0,-86.8025,36.1525,1000,19,1,1434008590,1772408043,0
LTE,310,410,8837,41786377,0,-86.4262,35.8407,7499,27,1,1458628807,1786559281,0
LTE,310,410,8837,41786378,0,-86.429,35.8412,1328,18,1,1456289004,1786559222,0
LTE,310,410,8837,41787656,0,-86.4176,35.8318,1571,27,1,1458628808,1786559161,0
LTE,310,410,8837,41762575,0,-86.2648,35.6561,2305,50,1,1458628807,1746858496,0
LTE,310,410,8837,41762577,0,-86.2882,35.6801,5956,50,1,1458628807,1746858496,0
LTE,310,410,8837,41786640,0,-86.2963,35.6917,7484,28,1,1458628807,1773930601,0
LTE,310,410,8837,41834504,0,-86.4457,35.8585,8618,27,1,1458628808,1786559341,0
LTE,310,410,8838,41732631,0,-86.7997,36.1459,1000,23,1,1446994500,1761413708,0
LTE,310,410,8837,41754121,0,-86.4108,35.8547,2920,50,1,1458628807,1773841981,0
LTE,310,410,8837,41734153,0,-86.3968,35.8119,3457,50,1,1458628807,1786559161,0
LTE,310,410,8837,41839880,0,-86.2582,35.6471,7209,29,1,1458628809,1785402841,0
LTE,310,410,8837,41833224,0,-86.3787,35.7911,9063,50,1,1458628808,1773931081,0
LTE,310,410,8837,41833225,0,-86.3575,35.7666,2648,27,1,1458628808,1786558871,0
LTE,310,410,8838,41739272,0,-86.7052,36.0915,3258,27,1,1458628811,1770124621,0
LTE,310,410,8838,41736200,0,-86.6844,36.1302,7592,36,1,1458628811,1753355404,0
LTE,310,410,8838,41729288,0,-86.7479,36.1233,5857,50,1,1458628811,1753355402,0
LTE,310,410,8838,41732617,0,-86.8007,36.144,2560,9,1,1447270739,1771888807,0
LTE,310,410,8838,41753352,0,-86.7349,36.1108,2599,27,1,1458628812,1771888804,0
LTE,310,410,8838,41751560,0,-86.7577,36.1554,4223,50,1,1458628812,1773933421,0
LTE,310,410,8838,41739528,0,-86.8205,36.16,9140,34,1,1458628811,1761413704,0
LTE,310,410,8838,41751562,0,-86.7687,36.1583,627,37,1,1458628812,1772487485,0
LTE,310,410,8838,41750793,0,-86.7142,36.1016,6827,28,1,1458628812,1773840601,0
LTE,310,410,8838,41859862,0,-86.7692,36.1661,4755,50,1,1458628813,1772487485,0
LTE,310,410,8839,41953289,0,-85.8727,35.2487,2858,27,1,1458628815,1786556281,0
LTE,310,410,8840,41732105,0,-87.0149,36.3944,8206,29,1,1458628815,1782918901,0
LTE,310,410,8839,42357519,0,-85.7382,35.084,7647,27,1,1458628815,1746858543,0
LTE,310,410,8839,42358033,0,-85.826,35.2197,19686,27,1,1458628815,1746858503,0
LTE,310,410,8840,41732106,0,-87.0716,36.428,8319,28,1,1458628815,1773935281,0
LTE,310,410,8840,41728520,0,-86.7743,36.2262,2766,27,1,1458628815,1786563421,0
LTE,310,410,8840,41735441,0,-86.943,36.1662,7577,32,1,1458628815,1761413702,0
LTE,310,410,8840,41743626,0,-86.857,36.1216,7732,14,1,1458628815,1759964282,0
LTE,310,410,8840,41753098,0,-86.8633,36.1506,1047,26,1,1458628815,1761413704,0
LTE,310,410,8840,41864208,0,-86.8736,36.2785,2412,7,1,1458628816,1757211181,0
LTE,310,410,8840,41864463,0,-86.8645,36.3278,8568,50,1,1458628816,1762948507,0
LTE,310,410,8846,41757450,0,-87.4759,36.8245,2027,12,1,1441463381,1782913741,0
LTE,310,410,8846,41802505,0,-87.3748,36.4447,2851,14,1,1458628818,1779922501,0
LTE,310,410,8846,41796616,0,-87.4678,36.7489,4174,27,1,1458628818,1782914281,0
LTE,310,410,8837,41936136,0,-86.0875,35.4939,11649,30,1,1458628809,1782924241,0
LTE,310,410,8838,41739274,0,-86.7084,36.096,8039,50,1,1458628811,1770124621,0
LTE,310,410,8838,41751816,0,-86.8043,36.1729,5667,27,1,1458628812,1761413704,0
LTE,310,410,8838,41750792,0,-86.7228,36.1166,995,27,1,1458628812,1773840481,0
LTE,310,410,8838,41751050,0,-86.8201,36.1357,4965,50,1,1458628812,1759890421,0
LTE,310,410,8838,41859863,0,-86.7677,36.1523,2042,12,1,1458628813,1756422189,0
LTE,310,410,8838,41861641,0,-86.7923,36.1716,6855,28,1,1458628813,1761413704,0
LTE,310,410,8838,41888264,0,-86.7708,36.1083,10028,50,1,1458628814,1756422188,0
LTE,310,410,8839,42351887,0,-85.6616,35.0322,18819,27,1,1458628815,1773926701,0
LTE,310,410,8840,41731345,0,-86.8701,36.3271,11264,50,1,1458628815,1762948507,0
LTE,310,410,8839,42357520,0,-85.772,35.1391,8935,27,1,1458628815,1782926695,0
LTE,310,410,8840,41846033,0,-86.9623,36.3654,10267,27,1,1458628816,1782918781,0
LTE,310,410,8840,41764113,0,-86.7555,36.198,2913,15,1,1458628815,1773839881,0
LTE,310,410,8846,41752330,0,-87.4682,37.0787,8443,24,1,1458628817,1782912661,0
LTE,310,410,8846,41749001,0,-87.371,36.3568,12778,14,1,1458628817,1779922501,0
LTE,310,410,8838,41741321,0,-86.7227,36.1318,5523,50,1,1458628811,1773840421,0
LTE,310,410,8838,41860872,0,-86.8183,36.1603,8970,29,1,1458628813,1761413704,0
LTE,310,410,8838,41888266,0,-86.7683,36.0999,9144,50,1,1458628814,1756422188,0
LTE,310,410,8839,42241807,0,-85.7272,35.0696,3477,27,1,1458628815,1786555201,0
LTE,310,410,8840,41846031,0,-86.8936,36.3326,9093,50,1,1458628816,1762948507,0
LTE,310,410,8840,41753096,0,-86.854,36.1513,5642,30,1,1458628815,1761413704,0
LTE,310,410,8840,41865232,0,-86.8625,36.3448,5987,50,1,1458628816,1762948507,0
LTE,310,410,8846,41747727,0,-88.1091,36.077,20641,50,1,1458628817,1773949861,0
LTE,310,410,8846,41766929,0,-88.1414,35.8176,17545,27,1,1458628818,1746846363,0
LTE,310,410,8846,41867017,0,-87.4713,36.8362,9908,29,1,1458628819,1782913681,0
LTE,310,410,8838,41739529,0,-86.8216,36.1507,4619,50,1,1458628811,1759890421,0
LTE,310,410,8838,41750794,0,-86.7174,36.1055,6708,27,1,1458628812,1773840541,0
LTE,310,410,8838,41859848,0,-86.7712,36.1739,4018,27,1,1458628813,1772487485,0
LTE,310,410,8839,41953546,0,-85.8665,35.2474,3669,28,1,1458628815,1786556401,0
LTE,310,410,8840,41728521,0,-86.7755,36.2073,2136,27,1,1458628815,1786563301,0
LTE,310,410,8846,41757449,0,-87.4737,36.7813,7210,27,1,1458628817,1782914221,0
LTE,310,410,8846,41796617,0,-87.4554,36.7046,3593,27,1,1458628818,1782915062,0
LTE,310,410,8846,41858577,0,-87.2018,35.9465,2916,50,1,1458628819,1746858485,0
LTE,310,410,8847,41832200,0,-87.1824,36.5,2403,29,1,1458628821,1782918065,0
LTE,310,410,8838,41751818,0,-86.8166,36.1653,6862,28,1,1458628812,1761413704,0
LTE,310,410,8838,41751048,0,-86.8229,36.1432,4535,50,1,1458628812,1759890421,0
LTE,310,410,8838,41860874,0,-86.8411,36.1535,2917,27,1,1458628813,1761413704,0
LTE,310,410,8838,41886729,0,-86.8039,36.1554,3004,50,1,1458628814,1771888807,0
LTE,310,410,8838,41890832,0,-86.7096,36.1395,3705,50,1,1458628814,1753355403,0
LTE,310,410,8839,42358032,0,-85.8217,35.206,9028,46,1,1458628815,1746858504,0
LTE,310,410,8840,41734408,0,-86.8105,36.1124,3993,34,1,1458628815,1759890421,0
LTE,310,410,8839,41953290,0,-85.9069,35.303,6878,27,1,1458628815,1786556581,0
LTE,310,410,8839,41953551,0,-85.8897,35.3124,21350,50,1,1458628815,1746858502,0
LTE,310,410,8846,41747728,0,-88.1085,36.0264,19242,50,1,1458628817,1773950281,0
LTE,310,410,8846,41758480,0,-87.8879,35.869,21725,28,1,1458628817,1779922813,0
LTE,310,410,8846,41745416,0,-87.4729,36.8808,5765,27,1,1458628817,1782913442,0
LTE,310,410,8846,41867016,0,-87.4668,36.8542,7924,29,1,1458628819,1782913561,0
LTE,310,410,8846,41959953,0,-88.1075,35.9769,7504,24,1,1458628819,1773950401,0
LTE,310,410,8847,41812241,0,-87.1299,36.3146,1000,10,1,1458628821,1752532861,0
LTE,310,410,8838,41741322,0,-86.7314,36.1408,7966,50,1,1458628811,1773840361,0
LTE,310,410,8838,41861640,0,-86.798,36.1716,7006,32,1,1458628813,1761413704,0
LTE,310,410,8840,41731343,0,-86.8287,36.3102,12308,23,1,1458628815,1762948505,0
LTE,310,410,8840,41864719,0,-86.8307,36.3026,5110,6,1,1458628816,1762948507,0
LTE,310,410,8846,41752329,0,-87.4624,37.0529,6608,27,1,1458628817,1782912841,0
LTE,310,410,8846,41774608,0,-87.7173,35.8776,23408,50,1,1458628818,1752558185,0
LTE,310,410,8846,41802504,0,-87.3664,36.4994,8493,28,1,1458628818,1779922814,0
LTE,310,410,8848,41741578,0,-86.6607,36.3058,10072,42,1,1458628821,1762948509,0
LTE,310,410,8846,41796618,0,-87.5167,36.7599,7316,27,1,1458628818,1773937383,0
LTE,310,410,8846,41832713,0,-87.5285,36.785,7386,27,1,1458628819,1779922502,0
LTE,310,410,8846,43037591,0,-87.4725,36.8224,7339,38,1,1458628820,1782913802,0
LTE,310,410,8848,41741576,0,-86.6492,36.3189,5086,42,1,1458628821,1762948509,0
LTE,310,410,8848,41776392,0,-86.7021,36.3046,21409,29,1,1458628822,1762948504,0
LTE,310,410,8848,43008280,0,-86.7291,36.3014,3088,50,1,1458628824,1756422191,0
LTE,310,410,8848,41850888,0,-86.6052,36.3457,2486,50,1,1458628823,1760806323,0
LTE,310,410,8848,41850890,0,-86.6225,36.33,891,34,1,1452807596,1762948510,0
LTE,310,410,8849,42242576,0,-85.4352,35.26,9005,28,1,1458628825,1754694843,0
LTE,310,410,8852,41766152,0,-86.497,36.3608,2290,27,1,1458628826,1778886242,0
LTE,310,410,8846,41846793,0,-87.3747,36.0736,5062,33,1,1458628819,1779922448,0
LTE,310,410,8846,41966865,0,-88.3296,36.4392,3958,50,1,1458628820,1773947342,0
LTE,310,410,8848,41741577,0,-86.6261,36.3013,3714,50,1,1458628821,1760388843,0
LTE,310,410,8847,41864976,0,-86.9431,36.2026,7083,20,1,1458628821,1760668563,0
LTE,310,410,8848,41728264,0,-86.7057,36.3224,4129,28,1,1458628821,1762948508,0
LTE,310,410,8848,41751306,0,-86.7351,36.3575,7558,50,1,1458628821,1762948507,0
LTE,310,410,8848,41776394,0,-86.7207,36.2924,2088,28,1,1458628822,1762948504,0
LTE,310,410,8848,41850889,0,-86.591,36.332,1903,40,1,1458628823,1762349102,0
LTE,310,410,8852,41743120,0,-86.7133,36.3822,21155,50,1,1458628826,1785408061,0
LTE,310,410,8852,41793039,0,-86.2534,36.5274,3941,49,1,1458628826,1778782983,0
LTE,310,410,8848,41755912,0,-86.5765,36.3233,10964,24,1,1458628822,1760219882,0
LTE,310,410,8848,41755914,0,-86.618,36.3041,2256,26,1,1458628822,1760219882,0
LTE,310,410,8852,41731849,0,-86.666,36.4984,3351,27,1,1458628825,1786565101,0
LTE,310,410,8849,42256913,0,-85.4347,35.263,2068,50,1,1458628825,1754694843,0
LTE,310,410,8852,41742601,0,-86.4632,36.3807,5913,28,1,1458628826,1778886242,0
LTE,310,410,8852,41769752,0,-86.5869,36.6119,10703,27,1,1458628826,1752558134,0
LTE,310,410,8856,41755402,0,-86.8258,35.9188,6739,38,1,1458628831,1756422186,0
LTE,310,410,8848,41751304,0,-86.7152,36.3661,1335,50,1,1458628821,1756422193,0
LTE,310,410,8848,43008279,0,-86.705,36.3044,6364,23,1,1458628824,1785407821,0
LTE,310,410,8849,42256912,0,-85.3978,35.2159,8539,27,1,1458628825,1748327798,0
LTE,310,410,8852,41766154,0,-86.5204,36.3435,1841,27,1,1458628826,1778886242,0
LTE,310,410,8852,41769750,0,-86.574,36.6302,1525,27,1,1458628826,1785409142,0
LTE,310,410,8856,41755400,0,-86.819,35.9321,2238,27,1,1458628831,1770126121,0
LTE,310,410,8848,41751305,0,-86.7214,36.3446,1926,30,1,1458628821,1762948508,0
LTE,310,410,8848,43130897,0,-86.622,36.322,2757,31,1,1458628824,1762349103,0
LTE,310,410,8852,41730575,0,-86.1472,36.184,12783,27,1,1458628825,1779816845,0
LTE,310,410,8852,41845514,0,-86.6211,36.5669,12607,27,1,1458628827,1786565341,0
LTE,310,410,8852,41853968,0,-86.1873,36.188,12350,50,1,1458628829,1757099402,0
LTE,310,410,8856,41786120,0,-86.8659,35.7616,8959,50,1,1458628832,1770126782,0
LTE,310,410,8848,41772815,0,-86.6772,36.3108,5411,50,1,1458628822,1760388841,0
LTE,310,410,8852,41742602,0,-86.4508,36.3886,4812,29,1,1458628826,1778886242,0
LTE,310,410,8849,42257679,0,-85.2051,35.3416,3096,28,1,1458628825,1747012386,0
LTE,310,410,8852,41845513,0,-86.5932,36.5987,8364,27,1,1458628827,1786565521,0
LTE,310,410,8852,41852433,0,-86.7156,36.4214,928,50,1,1458628828,1785408241,0
LTE,310,410,8856,41755401,0,-86.8247,35.9084,8327,27,1,1458628831,1770126241,0
LTE,310,410,8856,41750537,0,-86.8087,35.8166,1778,50,1,1458628831,1746858490,0
LTE,310,410,8856,41800713,0,-86.868,35.7711,7910,28,1,1458628832,1770126844,0
LTE,310,410,8856,41743889,0,-86.871,35.9245,1208,15,1,1458628831,1753355346,0
LTE,310,410,8856,41800465,0,-87.0135,35.819,3868,40,1,1458628832,1746858488,0
LTE,310,410,8856,43036426,0,-86.5656,35.9679,3830,27,1,1458628833,1782921901,0
LTE,310,410,8856,41750538,0,-86.862,35.8222,4775,50,1,1458628831,1770126541,0
LTE,310,410,8856,41750536,0,-86.8322,35.8502,6858,27,1,1458628831,1770126421,0
LTE,310,410,8856,41800463,0,-86.9483,35.8228,7202,31,1,1458628832,1746858488,0
LTE,310,410,8856,41795855,0,-86.734,35.8136,7460,50,1,1458628832,1746858490,0
LTE,310,410,8856,41798671,0,-86.8342,35.9079,7036,50,1,1458628832,1753355347,0
LTE,310,410,8856,41800464,0,-86.9826,35.8159,1303,27,1,1458628832,1746858488,0
LTE,310,410,9093,42254353,0,-85.1695,35.3482,6068,37,1,1458628848,1782090844,0
LTE,310,410,9093,42254352,0,-85.1109,35.361,9895,15,1,1458628848,1782090909,0
LTE,310,410,9101,42248201,0,-85.2481,35.1126,1920,39,1,1458628854,1747005302,0
LTE,310,410,9101,42267914,0,-85.2324,35.0069,1514,50,1,1458628855,1787513522,0
LTE,310,410,9101,42270473,0,-85.3381,35.1747,6064,20,1,1458628855,1748327796,0
LTE,310,410,9101,42343176,0,-85.2736,35.0572,3936,27,1,1458628855,1747005303,0
LTE,310,410,9101,42360842,0,-85.2504,35.1264,4348,50,1,1458628856,1747001884,0
LTE,310,410,9101,42243082,0,-85.3104,35.0555,7275,50,1,1458628853,1748327792,0
LTE,310,410,9101,42245649,0,-85.3429,35.1852,1962,23,1,1458628853,1748327797,0
LTE,310,410,9101,42342922,0,-85.3284,35.0221,2201,39,1,1458628855,1787513506,0
LTE,310,410,9101,42346000,0,-85.2844,35.1589,8486,26,1,1458628855,1747012383,0
LTE,310,410,9101,42250248,0,-85.1317,35.0327,5552,26,1,1458628854,1767891901,0
LTE,310,410,9101,42357263,0,-85.2633,35.1631,2547,20,1,1458628856,1782090847,0
LTE,310,410,9101,42245393,0,-85.2631,35.0197,19529,50,1,1458628853,1773852421,0
LTE,310,410,9101,42243081,0,-85.3112,35.0441,5998,50,1,1458628853,1748327792,0
LTE,310,410,9101,42240776,0,-85.3515,35.1131,1394,29,1,1458628853,1748327795,0
LTE,310,410,9101,42248200,0,-85.2413,35.1266,909,46,1,1458628854,1747005302,0
LTE,310,410,9101,42256650,0,-85.3196,35.0711,2547,21,1,1458628854,1748327793,0
LTE,310,410,9101,42256649,0,-85.3147,35.0571,6363,50,1,1458628854,1748327792,0
LTE,310,410,9101,42342920,0,-85.316,35.0351,1349,42,1,1458628855,1787513506,0
LTE,310,410,9101,42357265,0,-85.2872,35.1522,7764,21,1,1458628856,1747012383,0
LTE,310,410,9108,42247688,0,-85.1162,35.0713,10697,27,1,1458628861,1787513527,0
LTE,310,410,9101,42247176,0,-85.3054,35.0256,8712,50,1,1458628854,1748327791,0
LTE,310,410,9101,42345999,0,-85.2724,35.1781,10883,47,1,1458628855,1747012383,0
LTE,310,410,9101,42342921,0,-85.3085,35.0283,904,27,1,1458628855,1787513506,0
LTE,310,410,9101,43011089,0,-85.3109,35.0549,1564,50,1,1458628856,1747012381,0
LTE,310,410,9108,42240266,0,-85.2012,35.2298,3876,50,1,1458628861,1782090846,0
LTE,310,410,9108,42241034,0,-85.0459,35.1206,9143,33,1,1458628861,1787513530,0
LTE,310,410,9101,42249482,0,-85.1527,35.0434,15214,29,1,1458628854,1787513525,0
LTE,310,410,9101,42247178,0,-85.3354,35.0233,1699,36,1,1458628854,1787513506,0
LTE,310,410,9101,42265361,0,-85.1604,35.0357,5996,50,1,1458628855,1776957061,0
LTE,310,410,9101,42267913,0,-85.2138,35.0016,1312,48,1,1458628855,1787513522,0
LTE,310,410,9101,42370057,0,-85.2679,35.0182,7342,27,1,1458628856,1787513507,0
LTE,310,410,9108,42240264,0,-85.1708,35.2456,6263,39,1,1458628861,1782090850,0
LTE,310,410,9108,42247689,0,-85.1326,35.0563,12886,33,1,1458628861,1787513527,0
LTE,310,410,9108,42259728,0,-85.1666,35.2596,6683,48,1,1458628862,1747012385,0
LTE,310,410,9108,42259729,0,-85.1618,35.2933,6759,37,1,1458628862,1747012385,0
LTE,310,410,9108,42354441,0,-85.1726,35.1676,17206,50,1,1458628862,1776956405,0
LTE,310,410,9108,42364170,0,-85.1328,35.2425,1013,48,1,1458628862,1782090913,0
LTE,310,410,9108,42360329,0,-85.0577,35.0523,1375,48,1,1458628862,1743712152,0
LTE,310,410,9108,42354442,0,-85.2432,35.1876,2234,35,1,1458628862,1782090847,0
LTE,310,410,9108,42354440,0,-85.2053,35.2259,4680,50,1,1458628862,1782090849,0
LTE,310,410,9108,42259727,0,-85.1498,35.2883,2187,38,1,1458628862,1782090913,0
LTE,310,410,9108,42356744,0,-85.0493,35.1083,3359,27,1,1458628862,1787513529,0
LTE,310,410,9108,42356746,0,-85.0646,35.0885,5878,50,1,1458628862,1787513528,0
LTE,310,410,9108,42360330,0,-85.0771,35.0826,7538,50,1,1458628862,1743712153,0
LTE,310,260,43777,6383361,0,-86.7258,36.1413,6002,29,1,1458666226,1788291484,0
LTE,310,260,43777,6379522,0,-86.7606,36.0974,7482,26,1,1458666225,1767478143,0
LTE,310,260,43777,6385411,0,-86.7762,36.0706,8260,19,1,1458666226,1767478143,0
LTE,310,260,43777,6387458,0,-86.6915,36.209,4307,35,1,1458666226,1773965945,0
LTE,310,260,43777,6395393,0,-86.8286,36.2375,8686,50,1,1458666226,1756266591,0
LTE,310,260,43777,6866689,0,-86.6419,36.3069,8180,28,1,1458666227,1768443602,0
LTE,310,260,43777,6867714,0,-86.9111,36.1209,6989,32,1,1458666227,1788291483,0
LTE,310,260,43777,6383618,0,-86.689,36.1435,2332,50,1,1458666226,1753355403,0
LTE,310,260,43777,6383107,0,-86.7445,36.1471,6532,50,1,1458666226,1788291484,0
LTE,310,260,43777,6382339,0,-86.8417,36.154,2671,32,1,1458666226,1788291483,0
LTE,310,260,43777,6388482,0,-86.7128,36.0551,5987,23,1,1458666226,1767454503,0
LTE,310,260,43777,6387457,0,-86.7031,36.222,9731,29,1,1458666226,1773965945,0
LTE,310,260,43777,6387459,0,-86.7143,36.2311,8673,32,1,1458666226,1773965946,0
LTE,310,260,43777,6400259,0,-86.8869,36.1431,5983,29,1,1458666227,1761413702,0
LTE,310,260,43777,6868226,0,-86.5532,36.168,2115,28,1,1458666227,1788291485,0
LTE,310,260,43777,6866691,0,-86.6526,36.2989,7532,24,1,1458666227,1763839092,0
LTE,310,260,43777,6867202,0,-86.5933,36.3312,1309,50,1,1458666227,1769592422,0
LTE,310,260,43777,6384641,0,-86.8131,36.1185,4503,46,1,1458666226,1759890421,0
LTE,310,260,43777,6391042,0,-86.6582,36.1653,3027,28,1,1458666226,1788291484,0
LTE,310,260,43777,6866690,0,-86.6318,36.3016,7548,34,1,1458666227,1768773903,0
LTE,310,260,43777,6873857,0,-86.6537,36.3154,2502,35,1,1458666227,1766431022,0
LTE,310,260,43777,6873858,0,-86.6328,36.3096,4157,44,1,1458666227,1768773903,0
LTE,310,260,43777,6867715,0,-86.9246,36.133,1450,50,1,1458666227,1760668563,0
LTE,310,260,43777,6871810,0,-86.6976,36.2982,4092,21,1,1458666227,1767557582,0
LTE,310,260,43777,6871811,0,-86.719,36.2963,12336,40,1,1458666227,1766424127,0
LTE,310,260,43777,6999555,0,-86.6405,36.2599,8733,41,1,1458666228,1763988665,0
LTE,310,260,43777,6996993,0,-86.7252,36.2387,5986,28,1,1458666227,1773965946,0
LTE,310,260,44027,7059211,0,-85.6927,36.1077,22358,27,1,1458666228,1770606661,0
LTE,310,260,44027,7059213,0,-85.7291,36.1058,25624,41,1,1458666228,1788291487,0
LTE,310,260,43777,6385667,0,-86.7488,36.1229,6249,49,1,1458666226,1753355402,0
LTE,310,260,43777,6391043,0,-86.6777,36.1702,3612,26,1,1458666226,1773965945,0
LTE,310,260,43777,6994433,0,-86.877,36.146,2373,30,1,1458666227,1788291483,0
LTE,310,260,43777,6867713,0,-86.8992,36.1315,5665,34,1,1458666227,1788291483,0
LTE,310,260,43777,6994435,0,-86.8961,36.1366,8052,36,1,1458666227,1788291483,0
LTE,310,260,43777,6996994,0,-86.718,36.2308,8727,32,1,1458666227,1773965946,0
LTE,310,260,43777,6995714,0,-86.7242,36.0122,2382,31,1,1458666227,1766424124,0
LTE,310,260,43777,7059971,0,-86.5345,36.1681,6827,33,1,1458666228,1788291485,0
LTE,310,260,44027,8103937,0,-86.4341,36.123,14547,50,1,1458666229,1788291485,0
LTE,310,260,43777,6385409,0,-86.7704,36.1149,3485,27,1,1458666226,1767478143,0
LTE,310,260,43777,6384642,0,-86.8091,36.1096,6060,36,1,1458666226,1759964281,0
LTE,310,260,43777,6385410,0,-86.7652,36.0801,18150,36,1,1458666226,1767478143,0
LTE,310,260,43777,6397186,0,-86.6776,36.29,12307,31,1,1458666226,1766190601,0
LTE,310,260,43777,6868481,0,-86.4907,36.1713,26077,28,1,1458666227,1788291485,0
LTE,310,260,43777,6867458,0,-86.6351,36.2571,6184,34,1,1458666227,1763988664,0
LTE,310,260,43777,6868482,0,-86.4397,36.1806,3176,27,1,1458666227,1788291485,0
LTE,310,260,43777,6882050,0,-86.568,36.3283,1481,46,1,1458666227,1769592423,0
LTE,310,260,43777,6882051,0,-86.5876,36.3366,3883,37,1,1458666227,1769592423,0
LTE,310,260,43777,6994434,0,-86.8819,36.1392,1557,33,1,1458666227,1759964282,0
LTE,310,260,43777,6866947,0,-86.6176,36.2958,9665,38,1,1458666227,1774162982,0
LTE,310,260,43777,6996995,0,-86.7319,36.2393,5265,30,1,1458666227,1773965946,0
LTE,310,260,43777,6995715,0,-86.7417,36.0072,1158,32,1,1458666227,1766424124,0
LTE,310,260,44027,8525581,0,-85.8054,36.1418,29483,27,1,1458666229,1770607261,0
LTE,310,260,43777,6382082,0,-86.82,36.1365,1259,50,1,1458666226,1759890421,0
LTE,310,260,43777,6384643,0,-86.8162,36.1074,2084,34,1,1458666226,1759964281,0
LTE,310,260,43777,6391041,0,-86.6912,36.1867,7284,50,1,1458666226,1773965945,0
LTE,310,260,43777,6388483,0,-86.7274,36.0442,2603,31,1,1458666226,1767454503,0
LTE,310,260,43777,6397185,0,-86.6981,36.301,3190,36,1,1458666226,1767557582,0
LTE,310,260,43777,6400257,0,-86.869,36.1476,4411,28,1,1458666227,1760668562,0
LTE,310,260,43777,6397187,0,-86.7014,36.2921,2515,41,1,1458666226,1768402682,0
LTE,310,260,43777,6867203,0,-86.6226,36.3301,1480,27,1,1458666227,1768773903,0
LTE,310,260,43777,6868993,0,-86.7179,36.3586,3950,35,1,1458666227,1766424122,0
LTE,310,260,43777,6866945,0,-86.5793,36.3316,8443,36,1,1458666227,1769592423,0
LTE,310,260,43777,6868483,0,-86.4931,36.1738,8909,38,1,1458666227,1788291485,0
LTE,310,260,43777,6873859,0,-86.6584,36.3083,9560,27,1,1458666227,1768441741,0
LTE,310,260,43777,7058433,0,-86.6773,35.9933,4959,30,1,1458666228,1756009772,0
LTE,310,260,43777,7059970,0,-86.5215,36.1705,7996,29,1,1458666228,1788291485,0
LTE,310,260,44027,7925515,0,-86.0338,36.1742,19425,50,1,1458666229,1788291487,0
LTE,310,260,44027,7345932,0,-86.1922,36.1926,8404,27,1,1458666229,1770608281,0
LTE,310,260,44027,7345931,0,-86.173,36.1892,6835,27,1,1458666229,1770608161,0
LTE,310,260,43777,6995713,0,-86.7396,36.0183,4107,31,1,1458666227,1766424124,0
LTE,310,260,43777,6999553,0,-86.6203,36.2828,4328,45,1,1458666228,1774162982,0
LTE,310,260,44027,8525580,0,-85.7575,36.1203,19066,34,1,1458666229,1788291487,0
LTE,310,260,44027,8105473,0,-86.4478,36.3002,16144,50,1,1458666229,1769592424,0
LTE,310,260,44027,8525579,0,-85.7416,36.1119,17769,30,1,1458666229,1788291487,0
LTE,310,260,43777,6999554,0,-86.5952,36.2585,7750,16,1,1458666228,1774162981,0
LTE,310,260,44027,8540428,0,-85.9383,36.174,24756,27,1,1458666229,1781809081,0
LTE,310,260,44029,7596043,0,-86.9005,35.5268,11184,33,1,1458666230,1773965943,0
LTE,310,260,44029,7911436,0,-86.88,35.3874,9538,23,1,1458666230,1773965942,0
LTE,310,410,8195,39260950,0,-86.1535,37.0476,3921,28,1,1458876457,1756430702,0
LTE,310,410,8195,39260682,0,-86.3974,36.9661,1000,2,1,1445266966,1786567142,0
LTE,310,410,8195,39260694,0,-86.3894,36.9786,5483,27,1,1458876456,1785412982,0
LTE,310,410,8195,39268104,0,-86.3517,37.0091,3323,48,1,1458876458,1786567381,0
LTE,310,410,8195,39268105,0,-86.375,37,5210,50,1,1458876458,1786567321,0
LTE,310,410,8195,39251464,0,-86.4667,36.832,1271,27,1,1458876455,1786566661,0
LTE,310,410,8195,39261194,0,-86.092,37.0652,21290,27,1,1458876457,1785413821,0
LTE,310,410,8195,39260681,0,-86.396,36.9708,7892,44,1,1458876456,1786567201,0
LTE,310,410,8195,39260936,0,-86.1443,37.0509,2658,27,1,1458876457,1785413821,0
LTE,310,410,8195,39250953,0,-86.5446,36.6784,7993,27,1,1458876455,1786565761,0
LTE,310,410,8195,39260168,0,-86.4823,36.7725,3976,27,1,1458876456,1786566421,0
LTE,310,410,8195,39270166,0,-86.2612,37.0196,28302,50,1,1458876458,1785413401,0
LTE,310,410,8195,39251976,0,-86.4121,36.9437,3408,27,1,1458876455,1785412742,0
LTE,310,410,8195,39260695,0,-86.3952,36.9679,8209,27,1,1458876456,1785412861,0
LTE,310,410,8195,39270159,0,-86.264,37.0192,10419,33,1,1458876458,1756422244,0
LTE,310,410,8195,39251465,0,-86.4712,36.8193,2317,25,1,1458876455,1786566481,0
LTE,310,410,8195,39251990,0,-86.4074,36.9482,3447,27,1,1458876455,1785412861,0
LTE,310,410,8195,39260169,0,-86.5049,36.7375,8074,30,1,1458876456,1786566121,0
LTE,310,410,8195,39251222,0,-86.2782,37.0213,7698,35,1,1458876455,1785413221,0
LTE,310,410,8195,39260938,0,-86.2224,37.0379,4233,27,1,1458876457,1785413472,0
LTE,310,410,8195,40796945,0,-86.2417,37.0288,12642,38,1,1458876459,1756422245,0
LTE,310,410,8197,39204779,0,-88.3088,36.6466,15128,24,1,1458876467,1773946201,0
LTE,310,410,8208,39403779,0,-85.7703,36.6544,3588,50,1,1458876473,1762663861,0
LTE,310,410,8197,39198735,0,-88.8508,36.5336,3715,50,1,1458876466,1779922444,0
LTE,310,410,8197,39206167,0,-88.6564,37.0421,7380,49,1,1458876467,1779922629,0
LTE,310,410,8208,39401987,0,-85.7615,36.6483,500,50,1,1458876473,1762663862,0
LTE,310,410,8197,39200683,0,-88.6406,36.7636,7389,29,1,1458876466,1779922629,0
LTE,310,410,8197,39200684,0,-88.6566,36.7408,3524,26,1,1458876466,1779922629,0
LTE,310,410,8704,41239305,0,-88.8483,35.6522,21061,50,1,1458876524,1746846303,0
LTE,310,410,8704,43287313,0,-88.8554,35.6686,7183,25,1,1458876527,1746846304,0
LTE,310,410,8705,41240593,0,-88.2217,35.8156,24455,27,1,1458876528,1746846362,0
LTE,310,410,8705,41248527,0,-88.5711,35.7334,19853,27,1,1458876529,1746846307,0
LTE,310,410,8704,41265416,0,-88.7275,35.6848,14447,42,1,1458876525,1752558194,0
LTE,310,410,8705,41303825,0,-88.6975,35.6981,11150,50,1,1458876529,1752558193,0
LTE,310,410,8704,41265417,0,-88.7542,35.6827,17748,50,1,1458876525,1752558194,0
LTE,310,410,8704,41301770,0,-88.9462,35.6599,11261,50,1,1458876525,1746846302,0
LTE,310,410,8705,41249801,0,-88.4067,35.7844,3302,50,1,1458876529,1752558191,0
LTE,310,410,8705,41303824,0,-88.6294,35.719,23078,50,1,1458876529,1746846307,0
GSM,310,260,26361,3063,0,-86.0531,37.0933,1785,24,1,1458942621,1763614245,0
GSM,310,260,26305,9012,0,-88.6147,37.08,2403,50,1,1458942618,1768625101,0
LTE,310,410,8856,41755416,0,-86.8319,35.9181,10704,24,1,1459262914,1753355345,0
LTE,310,410,8197,39204780,0,-88.3128,36.6179,1921,49,1,1458876467,1773946501,0
LTE,310,410,8837,41762568,0,-86.2748,35.6655,5229,27,1,1459313199,1785402901,0
LTE,310,410,8837,41762570,0,-86.2924,35.6858,2514,28,1,1459313199,1785403021,0
LTE,310,410,8848,41850378,0,-86.6073,36.3703,5901,50,1,1459399685,1762948509,0
LTE,310,410,8838,41751049,0,-86.8191,36.1352,5064,50,1,1458628812,1759890421,0
LTE,310,410,8704,43287447,0,-88.8566,35.6633,2280,50,1,1459462065,1746846304,0
LTE,310,410,8852,41731848,0,-86.6321,36.5496,4359,22,1,1459580758,1786565161,0
LTE,310,410,8838,43047953,0,-86.7468,36.083,7098,50,1,1459609649,1770124981,0
LTE,310,260,43777,6882049,0,-86.5364,36.3523,5288,47,1,1458666227,1769592423,0
LTE,310,410,8846,41775626,0,-87.3766,36.0615,2019,29,1,1459714062,1779922448,0
LTE,310,410,8846,41775625,0,-87.3514,36.0331,2707,27,1,1460078743,1779922814,0
LTE,310,260,43777,6865921,0,-86.6017,36.2527,3218,22,1,1460088328,1774162981,0
LTE,310,410,9101,42246664,0,-85.272,35.0165,2891,47,1,1460254128,1787513507,0
LTE,310,410,9101,42246666,0,-85.2858,35.0185,4964,27,1,1460254128,1787513507,0
LTE,310,410,9093,42254351,0,-85.0846,35.4034,6758,10,1,1458628848,1782090912,0
LTE,310,410,8846,41858576,0,-87.1046,35.8762,11022,27,1,1458628819,1746858486,0
LTE,310,410,9101,42246408,0,-85.2587,35.0777,8669,28,1,1461179143,1747005303,0
LTE,310,410,9101,42249737,0,-85.2348,35.0289,9647,50,1,1461293794,1767997142,0
LTE,310,410,9101,42246410,0,-85.2727,35.0686,5981,50,1,1461361189,1747005303,0
LTE,310,410,9101,42246409,0,-85.2706,35.0591,3388,27,1,1461361189,1747005303,0
LTE,310,410,8856,41825552,0,-86.8753,35.8967,2013,43,1,1458628833,1753355347,0
LTE,310,410,8838,41739016,0,-86.7824,36.1904,8320,50,1,1458628811,1773933661,0
LTE,310,410,8833,41824266,0,-86.6716,36.0736,8828,50,1,1461688366,1773840601,0
LTE,310,410,8838,41830410,0,-86.8632,36.1522,7825,27,1,1461884762,1761413702,0
LTE,310,410,9101,42245647,0,-85.3148,35.2017,4588,49,1,1458628853,1748068563,0
LTE,310,410,8838,43021463,0,-86.7298,36.1403,4718,50,1,1461980783,1773933301,0
LTE,310,410,8838,43005335,0,-86.7168,36.1025,15197,35,1,1462208722,1786562401,0
LTE,310,410,9101,42984855,0,-85.2346,35.0062,5841,50,1,1462341946,1773924241,0
LTE,310,410,8848,43131031,0,-86.6198,36.3312,1822,37,1,1462579543,1778782983,0
LTE,310,410,8849,42269456,0,-85.4076,35.2543,14169,25,1,1458628825,1748068565,0
LTE,310,410,8840,41846025,0,-86.9378,36.3524,1774,27,1,1463047860,1782919021,0
LTE,310,410,8852,41852424,0,-86.7004,36.4493,2733,27,1,1463192729,1786564861,0
LTE,310,410,8840,41846026,0,-86.9512,36.3601,9371,26,1,1463227565,1782918961,0
LTE,310,410,8852,41766153,0,-86.5074,36.3396,6116,24,1,1463450735,1779816842,0
LTE,310,410,8838,41830409,0,-86.8375,36.1518,5127,50,1,1463544335,1761413704,0
LTE,310,410,8852,41852426,0,-86.7018,36.4419,24825,50,1,1463926246,1752558136,0
LTE,310,410,8852,41852425,0,-86.707,36.4352,1204,27,1,1463926246,1786564801,0
LTE,310,410,8837,41836552,0,-86.5339,35.9367,3827,27,1,1464355037,1786559761,0
LTE,310,410,8837,41836554,0,-86.5133,35.9151,8445,27,1,1464418022,1786559641,0
LTE,310,410,8837,41836553,0,-86.5018,35.9079,5895,28,1,1464418022,1786559581,0
LTE,310,410,8840,41879818,0,-86.8885,36.1392,9073,27,1,1464530834,1761413703,0
LTE,310,410,8840,41879816,0,-86.8771,36.1461,8398,50,1,1464530834,1761413703,0
GSM,310,260,31402,13531,0,-86.8941,35.898,2777,27,1,1464586128,1753355342,0
LTE,310,410,8840,43141137,0,-86.8936,36.1673,6011,37,1,1464664353,1759893242,0
LTE,310,410,8834,41833496,0,-87.3646,36.5087,1988,18,1,1464916733,1774026661,0
LTE,310,410,8840,41846024,0,-86.8881,36.3383,3949,23,1,1464917771,1782919081,0
LTE,310,410,8838,43012759,0,-86.8002,36.1568,1110,15,1,1465184837,1772408043,0
LTE,310,410,8834,41833482,0,-87.3708,36.5156,7659,21,1,1465500034,1779922814,0
LTE,310,410,8833,42984087,0,-86.7858,36.038,1102,50,1,1465944996,1756422187,0
LTE,310,410,8852,41798153,0,-86.5131,36.5772,3712,11,1,1466258765,1765914422,0
LTE,310,410,9101,42250762,0,-85.5326,35.0099,15672,50,1,1466352384,1787513498,0
LTE,310,410,9101,42344456,0,-85.3789,35.0217,2030,42,1,1466481929,1787513503,0
LTE,310,410,9101,42344457,0,-85.3941,35.0046,1723,36,1,1466481929,1787513503,0
LTE,310,410,8195,39260952,0,-86.225,37.0387,2792,27,1,1466636912,1785413461,0
LTE,310,410,8837,41938954,0,-86.0271,35.4188,21270,29,1,1466751953,1773844021,0
LTE,310,410,8840,41743368,0,-86.7537,36.2484,8752,31,1,1466820335,1762349102,0
LTE,310,260,43777,6867201,0,-86.6151,36.3546,1647,37,1,1467681079,1768773902,0
LTE,310,410,9108,42255626,0,-85.0805,35.0391,1762,14,1,1468203919,1743712152,0
LTE,310,410,8197,39205037,0,-88.3151,36.6017,1000,9,1,1468302351,1773946561,0
LTE,310,410,8840,41743369,0,-86.7456,36.2381,22905,33,1,1468476335,1762349102,0
LTE,310,410,8195,39251210,0,-86.3412,37.0124,12359,28,1,1458876455,1786567441,0
LTE,310,410,8846,41766920,0,-88.092,35.856,22714,27,1,1468634745,1773950761,0
LTE,310,410,8834,41840151,0,-87.4274,36.6387,1802,5,1,1468670742,1774028281,0
LTE,310,410,8852,41879306,0,-86.5668,36.334,2479,31,1,1468670742,1760562423,0
LTE,310,410,8837,41730057,0,-86.4629,35.8723,3509,27,1,1468681561,1786559401,0
LTE,310,410,8837,41730058,0,-86.4934,35.8923,7855,27,1,1468681561,1786559581,0
LTE,310,410,8846,41766921,0,-88.0971,35.8391,21844,32,1,1468710361,1779922447,0
LTE,310,410,8846,41766922,0,-88.1329,35.8235,18386,27,1,1468710361,1779922447,0
LTE,310,410,8834,41797130,0,-87.3605,36.5358,9034,19,1,1458628799,1779922814,0
LTE,310,410,8195,39261101,0,-86.2101,37.0354,20256,27,1,1468803944,1786567801,0
LTE,310,410,9101,42275337,0,-85.2363,35.1345,5222,50,1,1468836340,1747005302,0
LTE,310,410,8834,41797144,0,-87.3706,36.5317,6016,13,1,1469234777,1774027022,0
LTE,310,410,8839,42251272,0,-85.5897,35.0999,12090,39,1,1469245515,1746858584,0
LTE,310,410,8846,41846537,0,-87.2634,36.0141,13230,50,1,1469293841,1752558143,0
LTE,310,410,8846,41846538,0,-87.337,36.0202,7673,29,1,1469293841,1779922814,0
LTE,310,410,8852,41879305,0,-86.5643,36.3267,1625,39,1,1469406353,1766463721,0
LTE,310,410,8839,42251273,0,-85.629,35.0499,6108,50,1,1469434082,1746858544,0
LTE,310,410,8195,39250967,0,-86.5518,36.6726,3110,27,1,1469520348,1785409321,0
LTE,310,410,8852,41790736,0,-86.2873,36.5465,10876,9,1,1469520349,1760743143,0
LTE,310,410,8195,39268118,0,-86.372,37.0042,3168,28,1,1458876458,1785413102,0
LTE,310,410,8848,41891338,0,-86.6425,36.3564,3241,24,1,1469764970,1760388841,0
LTE,310,410,8195,39251115,0,-86.5291,36.704,4876,28,1,1469948796,1752558133,0
LTE,310,410,8195,39251116,0,-86.5575,36.6633,2238,50,1,1469948796,1752558134,0
LTE,310,410,8846,41735689,0,-87.3722,36.0143,3221,27,1,1470000080,1779922813,0
LTE,310,410,8846,41735690,0,-87.4143,36.0021,2850,29,1,1470000080,1779922814,0
LTE,310,410,9108,42255625,0,-85.0931,35.0044,3790,16,1,1470020779,1743712152,0
LTE,310,410,8838,41752213,0,-86.7737,36.1216,6301,50,1,1470108425,1756422188,0
LTE,310,410,8856,41856777,0,-86.8427,35.8183,2182,27,1,1470189333,1770126541,0
LTE,310,410,8836,41752840,0,-86.9657,36.0855,21753,27,1,1470197016,1752558140,0
LTE,310,410,8836,41752842,0,-86.9596,36.081,10750,27,1,1470197016,1752558140,0
LTE,310,410,8848,41850377,0,-86.5887,36.3458,12856,14,1,1470364575,1779816842,0
LTE,310,410,8838,41860616,0,-86.7723,36.1253,8040,50,1,1470640627,1756422189,0
LTE,310,410,8856,41856776,0,-86.8322,35.853,10241,28,1,1470760229,1770126485,0
LTE,310,410,8195,39251224,0,-86.3542,37.0091,1953,28,1,1470902808,1785413161,0
LTE,310,410,9101,42270472,0,-85.3822,35.2105,2021,50,1,1470951620,1748327797,0
LTE,310,410,8838,43139478,0,-86.7748,36.1643,3905,39,1,1471061134,1773933301,0
LTE,310,410,8838,43006103,0,-86.77,36.1647,5820,24,1,1471061134,1772487485,0
LTE,310,410,8840,41743370,0,-86.7713,36.2157,9061,50,1,1471145229,1773839581,0
LTE,310,410,8838,41860617,0,-86.7719,36.1181,9494,50,1,1471165639,1756422188,0
LTE,310,410,8195,39251371,0,-86.2815,37.0156,7604,27,1,1471230444,1756422244,0
LTE,310,410,8195,39250966,0,-86.5378,36.7033,14771,50,1,1471237706,1785411781,0
LTE,310,410,8838,41859351,0,-86.7669,36.1653,6651,35,1,1471322858,1772487485,0
LTE,310,410,8838,43139477,0,-86.7774,36.181,9664,50,1,1471322858,1786563121,0
LTE,310,410,8195,39268119,0,-86.3868,36.9918,4457,27,1,1458876458,1785413041,0
LTE,310,410,8848,41891337,0,-86.6105,36.3257,8729,32,1,1471788599,1760388841,0
LTE,310,410,8852,41879304,0,-86.5401,36.3303,8109,43,1,1471788600,1762109762,0
LTE,310,410,8846,41816503,0,-87.4706,36.8819,7347,19,1,1471957610,1774029721,0
LTE,310,410,8846,43147158,0,-87.4761,36.8299,1000,3,1,1472078940,1743682322,0
LTE,310,410,8846,41745589,0,-87.469,36.8856,1789,50,1,1472522763,1774029661,0
LTE,310,410,8834,43111095,0,-87.4575,36.7055,4710,29,1,1472617532,1782916621,0
LTE,310,410,8846,41796790,0,-87.4636,36.7153,3346,28,1,1472680105,1782914821,0
LTE,310,410,8195,39251627,0,-86.47,36.8256,28779,50,1,1472764148,1756422198,0
LTE,310,410,8832,41781514,0,-86.9006,35.5268,1470,50,1,1472862376,1756422137,0
LTE,310,410,8832,41781512,0,-86.9029,35.5366,5700,29,1,1472862376,1770127741,0
LTE,310,410,8197,39196845,0,-88.6639,37.0382,2900,20,1,1472907988,1779922629,0
LTE,310,410,8832,41781513,0,-86.8938,35.5025,3477,28,1,1472998001,1770127923,0
LTE,310,410,8195,39251479,0,-86.4752,36.7985,10394,50,1,1473002314,1785412081,0
LTE,310,410,8195,39268268,0,-86.3788,36.9947,4534,28,1,1473044741,1756422243,0
LTE,310,410,8852,41851657,0,-86.4371,36.3321,4862,37,1,1473225203,1779816842,0
LTE,310,410,8832,41841416,0,-86.8861,35.0577,22715,29,1,1473487686,1756422132,0
LTE,310,410,8852,41851656,0,-86.4425,36.3547,5448,28,1,1473566738,1779816842,0
LTE,310,410,8840,43014423,0,-86.8145,36.1054,1000,10,1,1473702194,1759956183,0
LTE,310,410,8195,39258027,0,-86.3988,36.9575,25845,42,1,1473881781,1756422243,0
LTE,310,410,8195,39251628,0,-86.4781,36.796,24928,50,1,1473881781,1752558132,0
LTE,310,410,8838,41737482,0,-86.7548,36.1528,8073,50,1,1474410429,1773840301,0
LTE,310,410,8838,41737481,0,-86.7493,36.1458,7947,50,1,1474410429,1773840301,0
LTE,310,410,8838,41728790,0,-86.7839,36.1357,3220,31,1,1474495607,1760834701,0
LTE,310,410,8846,41867190,0,-87.4806,36.8272,4110,15,1,1474844771,1774029241,0
LTE,310,410,8846,41867189,0,-87.4524,36.8642,4516,18,1,1475100399,1774029421,0
LTE,310,410,8833,41778069,0,-86.7926,36.0022,3003,23,1,1475211964,1756422187,0
LTE,310,410,8846,41808655,0,-87.5242,36.7604,8013,27,1,1475241316,1773937501,0
LTE,310,410,9101,43247889,0,-85.1594,35.0407,9583,50,1,1475323555,1776957061,0
LTE,310,410,8195,39260843,0,-86.3921,36.9823,7634,46,1,1475467531,1756422243,0
LTE,310,410,8195,39260844,0,-86.3856,36.9722,24111,28,1,1475467531,1756422243,0
LTE,310,410,9101,42277641,0,-85.3002,35.0313,8302,50,1,1475485593,1748327791,0
LTE,310,260,43777,6381581,0,-86.7652,36.1589,25674,50,1,1475787989,1753241221,0
LTE,310,410,8852,41851912,0,-86.4721,36.3798,8107,29,1,1475950079,1778886242,0
LTE,310,410,8847,41832373,0,-87.1974,36.5102,7559,18,1,1476079582,1773837601,0
LTE,310,410,8838,43008919,0,-86.7934,36.136,1000,17,1,1476229828,1759885921,0
LTE,310,410,8837,41810954,0,-86.3955,35.8104,24693,50,1,1477173971,1773842162,0
LTE,310,410,8846,41754633,0,-87.5877,36.7873,17146,50,1,1477832781,1773937501,0
LTE,310,410,8852,41851913,0,-86.4835,36.3693,1193,28,1,1477940851,1778886242,0
LTE,310,410,8834,41790645,0,-87.3661,36.6555,5524,25,1,1479064061,1782917221,0
LTE,310,410,8837,41934857,0,-86.1273,35.519,4991,31,1,1479064061,1782923941,0
LTE,310,410,8848,41730312,0,-86.5398,36.3663,2465,44,1,1479086725,1760226602,0
LTE,310,410,8838,41738248,0,-86.7646,36.0968,7840,50,1,1479491480,1756422188,0
LTE,310,410,8838,41738250,0,-86.7675,36.0942,9134,50,1,1479491480,1756422188,0
LTE,310,410,8838,41738249,0,-86.767,36.0886,8698,50,1,1479491480,1756422188,0
LTE,310,410,8195,39260183,0,-86.5271,36.7049,13912,27,1,1479784915,1785411902,0
LTE,310,410,8195,39260182,0,-86.4822,36.7832,11649,50,1,1479786879,1785412021,0
LTE,310,260,43777,6389261,0,-86.6748,36.056,8423,27,1,1479960679,1763736242,0
LTE,310,410,8837,41786634,0,-86.334,35.7384,3697,27,1,1479967543,1786558864,0
LTE,310,410,8837,41786633,0,-86.3106,35.7089,2590,27,1,1479967543,1785403081,0
LTE,310,410,8837,41934858,0,-86.2026,35.5563,3570,27,1,1480051191,1785402541,0
LTE,310,410,8848,41776408,0,-86.7133,36.2995,6154,27,1,1480052529,1756422191,0
LTE,310,260,43777,6379533,0,-86.7655,36.1015,8004,50,1,1480437236,1753355402,0
LTE,310,260,43777,6379532,0,-86.7551,36.0974,8576,31,1,1480437236,1753355402,0
LTE,310,260,43777,6379531,0,-86.7651,36.1067,1197,50,1,1480437236,1753355402,0
LTE,310,410,8704,41240072,0,-88.9779,35.6669,9685,50,1,1480622354,1746846302,0
LTE,310,410,8197,39196682,0,-88.6608,37.0314,6138,9,1,1480734445,1779922443,0
LTE,310,260,44029,8105237,0,-86.8737,35.765,5228,32,1,1480856731,1773965944,0
LTE,310,410,8848,41730313,0,-86.5891,36.3309,1990,22,1,1480904720,1762349102,0
LTE,310,410,8847,41779722,0,-86.9826,36.2053,3505,21,1,1481281550,1761413701,0
LTE,310,410,8847,41779721,0,-86.9635,36.1928,4561,50,1,1481281549,1761413702,0
LTE,310,410,8846,41747720,0,-88.1035,36.0667,21870,44,1,1481418331,1773949681,0
LTE,310,260,43777,6400269,0,-86.9008,36.1398,4210,28,1,1481465143,1760834642,0
LTE,310,260,43777,6400267,0,-86.8711,36.1476,7486,28,1,1481465143,1761413704,0
LTE,310,410,8195,39266070,0,-86.5572,36.7487,11735,9,1,1481687042,1785411902,0
LTE,310,410,8847,41802165,0,-87.2277,36.5145,1999,10,1,1481880884,1773837421,0
LTE,310,410,8195,39261099,0,-86.133,37.0536,4268,27,1,1481941853,1786568042,0
LTE,310,410,8856,41736712,0,-86.869,35.8942,6020,34,1,1482272945,1753355344,0
LTE,310,260,43777,6391052,0,-86.6353,36.1623,11314,29,1,1482465931,1788291484,0
LTE,310,410,8836,41835273,0,-87.005,36.0748,18027,50,1,1482482735,1752558140,0
LTE,310,410,9108,42277386,0,-85.248,35.1683,3328,50,1,1482726421,1747001883,0
LTE,310,410,8846,41735688,0,-87.3528,36.0252,9146,30,1,1482895533,1779922814,0
LTE,310,260,43777,6882069,0,-86.5287,36.3434,1916,21,1,1483471337,1763839092,0
LTE,310,260,43777,6882071,0,-86.6122,36.3697,5102,15,1,1483561920,1763839092,0
LTE,310,260,43777,6381836,0,-86.7759,36.133,1752,27,1,1484028336,1760834701,0
LTE,310,410,8832,41843978,0,-86.8872,35.5059,8688,5,1,1484282723,1770127801,0
LTE,310,410,8838,41741336,0,-86.7321,36.1412,2846,27,1,1484362105,1782920941,0
LTE,310,410,8838,41741334,0,-86.7134,36.142,8180,50,1,1485631909,1772487487,0
LTE,310,410,8838,41745175,0,-86.7582,36.1632,2628,16,1,1486288929,1786562822,0
LTE,310,410,8846,41763592,0,-87.2377,36.0236,25870,49,1,1486293429,1752558142,0
LTE,310,410,8846,41763593,0,-87.2508,36.0157,1570,28,1,1486293429,1752558143,0
LTE,310,410,8846,41846807,0,-87.3748,36.0641,6645,29,1,1486374464,1779922814,0
LTE,310,260,43777,6867478,0,-86.6128,36.2468,6653,12,1,1486431330,1763988664,0
LTE,310,260,43777,6999575,0,-86.6489,36.2645,3934,6,1,1486431331,1763988663,0
LTE,310,410,8838,41745174,0,-86.7731,36.1804,2440,29,1,1486434606,1756422189,0
LTE,310,410,8834,41778613,0,-87.3918,36.6659,2122,8,1,1486704400,1773836641,0
LTE,310,410,8838,41745176,0,-86.7688,36.1729,3331,20,1,1486710434,1786562941,0
LTE,310,260,43777,8947214,0,-86.7037,36.0892,8318,41,1,1487544926,1763736662,0
LTE,310,410,8838,41751576,0,-86.7657,36.159,6610,7,1,1487657125,1772487485,0
LTE,310,260,44027,8525591,0,-85.8124,36.1395,5243,50,1,1487734899,1788291487,0
LTE,310,410,8838,41751575,0,-86.7692,36.1511,5223,27,1,1487903147,1756422189,0
LTE,310,410,9101,42343433,0,-85.2935,35.0191,6896,26,1,1487915142,1787513507,0
LTE,310,410,9101,42343434,0,-85.2978,35.0221,6476,42,1,1488492914,1787513506,0
LTE,310,410,8856,41795850,0,-86.7664,35.8164,4507,27,1,1488515258,1746858490,0
LTE,310,410,8856,41795848,0,-86.7346,35.8058,7975,50,1,1488515258,1746858490,0
LTE,310,260,43777,7059980,0,-86.5034,36.1718,24756,27,1,1488526006,1781811122,0
LTE,310,410,8848,41741592,0,-86.677,36.3036,4602,23,1,1488616398,1762109762,0
LTE,310,410,9101,42343432,0,-85.2853,35.0258,2058,25,1,1488617457,1773924481,0
LTE,310,410,8848,41741590,0,-86.639,36.3276,15035,17,1,1488740812,1762349102,0
LTE,310,410,8840,41772296,0,-86.8038,36.2808,15903,50,1,1489375537,1782919621,0
LTE,310,410,8840,41772297,0,-86.7951,36.2712,1460,50,1,1489699952,1782919681,0
LTE,310,410,8833,41729815,0,-86.611,36.0074,9515,27,1,1489710825,1786561561,0
LTE,310,410,8840,41772298,0,-86.8093,36.2913,1344,27,1,1489885540,1782919501,0
LTE,310,260,43777,7059981,0,-86.5314,36.168,6470,26,1,1490070197,1770609301,0
LTE,310,410,9101,42248714,0,-85.3025,35.1273,4603,50,1,1490237719,1747012382,0
LTE,310,410,8852,41743112,0,-86.7169,36.4057,14732,27,1,1490320657,1786564682,0
LTE,310,410,8852,41743113,0,-86.7156,36.3895,1184,23,1,1490320657,1786564621,0
LTE,310,410,8852,41743114,0,-86.7201,36.411,1528,27,1,1490320657,1786564741,0
LTE,310,260,43777,6381835,0,-86.78,36.1392,2032,15,1,1490461194,1760834701,0
LTE,310,410,8849,42271242,0,-85.4142,35.2952,10436,47,1,1490656273,1748327799,0
LTE,310,260,43777,6383628,0,-86.6855,36.1433,8867,32,1,1490661347,1788291484,0
LTE,310,260,43777,6383629,0,-86.7025,36.1434,5022,32,1,1490661347,1788291484,0
LTE,310,410,8833,41729816,0,-86.6646,36.0508,8261,38,1,1490661401,1786561681,0
LTE,310,410,8846,41820938,0,-87.3396,36.1936,4863,6,1,1491051818,1779922448,0
LTE,310,410,8847,41848328,0,-86.9852,36.2046,3638,39,1,1491113119,1761413702,0
LTE,310,410,8197,39200429,0,-88.3083,36.6502,14736,32,1,1491193533,1773942601,0
LTE,310,410,8846,41846281,0,-87.1891,36.0291,17836,28,1,1491442659,1752558142,0
LTE,310,410,8846,41846280,0,-87.223,36.0275,17062,50,1,1491591235,1752558142,0
LTE,310,410,9101,42369544,0,-85.2847,35.0059,9273,49,1,1491721613,1773924421,0
LTE,310,410,8838,41766424,0,-86.678,36.1123,5689,11,1,1505390042,1753355404,0
LTE,310,410,8704,41265432,0,-88.7968,35.6771,10214,27,1,1505391997,1746846304,0
LTE,310,410,9101,42243350,0,-85.1533,35.0528,3719,7,1,1505412030,1776957061,0
LTE,310,410,8197,39203243,0,-88.6709,37.0093,16287,9,1,1505416124,1779922629,0
LTE,310,410,8197,39226378,0,-87.8387,36.9448,13028,50,1,1505424199,1773939061,0
LTE,310,410,8197,39226377,0,-87.8528,36.8671,8891,4,1,1505424201,1773938761,0
LTE,310,410,8197,39222280,0,-87.7393,36.8863,9335,27,1,1505431481,1773938827,0
LTE,310,260,43777,6865932,0,-86.5972,36.2078,4607,11,1,1505432889,1766200862,0
LTE,310,260,43777,6385677,0,-86.7483,36.1235,5994,50,1,1505433597,1753355402,0
LTE,310,410,8197,39224586,0,-88.3041,37.0146,8713,30,1,1505435226,1773940981,0
LTE,310,410,8197,39227402,0,-88.2605,37.0436,7180,50,1,1505435232,1773940622,0
LTE,310,410,8197,39227401,0,-88.2229,37.058,10840,50,1,1505435233,1773940501,0
LTE,310,410,8197,39222024,0,-88.1243,37.0681,16073,27,1,1505435238,1773940021,0
LTE,310,410,8846,41846282,0,-87.229,36.0249,16486,43,1,1505440008,1752558143,0
LTE,310,410,8197,39227145,0,-88.3136,37.0114,10079,41,1,1505441975,1773940801,0
LTE,310,260,43777,7056641,0,-86.5656,36.2488,5565,6,1,1505442693,1774162981,0
LTE,310,410,8832,41841160,0,-86.8799,35.1479,9377,28,1,1505445491,1770160441,0
LTE,310,410,8832,41841161,0,-86.8806,35.1065,9699,27,1,1505445493,1770160321,0
LTE,310,410,8837,41833239,0,-86.3683,35.7851,6463,26,1,1505451123,1773842401,0
LTE,310,410,8197,39224841,0,-88.0384,37.0514,17027,27,1,1505452943,1773940021,0
LTE,310,410,8846,41847561,0,-87.5492,35.9484,17312,27,1,1505457842,1779922813,0
LTE,310,410,8846,41808648,0,-87.5209,36.7536,6560,30,1,1505458692,1779922814,0
LTE,310,410,8197,39222026,0,-88.2156,37.0496,12630,16,1,1505463242,1773940321,0
LTE,310,410,8197,39222281,0,-87.7034,36.8592,5070,22,1,1505463267,1773938521,0
LTE,310,410,9101,42246154,0,-85.3738,35.0241,9236,27,1,1505463415,1787513504,0
LTE,310,410,9101,42246153,0,-85.3667,35.0267,7553,31,1,1505463415,1787513504,0
LTE,310,410,8838,41751574,0,-86.76,36.157,5014,24,1,1505465500,1786562761,0
LTE,310,410,8838,41739031,0,-86.7822,36.1728,5854,11,1,1505465501,1772487485,0
LTE,310,260,43777,6381837,0,-86.819,36.1419,2397,50,1,1505466972,1759885921,0
LTE,310,410,8838,41750806,0,-86.7256,36.114,1698,27,1,1505469403,1771888804,0
LTE,310,260,43777,6385419,0,-86.7691,36.1088,6807,24,1,1505472217,1753355402,0
LTE,310,410,8846,41848073,0,-87.791,35.8801,1497,26,1,1505472758,1779922447,0
LTE,310,410,8846,41848074,0,-87.8268,35.8809,3320,31,1,1505472759,1779922447,0
LTE,310,410,8846,41847562,0,-87.5601,35.9453,19832,27,1,1505472765,1779922813,0
LTE,310,410,8846,41847560,0,-87.5449,35.9623,1823,28,1,1505472766,1779922813,0
LTE,310,410,8846,41847050,0,-87.4571,35.9963,2072,29,1,1505472766,1779922813,0
LTE,310,410,8846,41847049,0,-87.4344,35.9958,1015,27,1,1505472769,1779922813,0
LTE,310,410,8856,41859082,0,-86.6972,35.846,4366,50,1,1505472787,1746858491,0
LTE,310,410,9101,42246152,0,-85.3555,35.0234,11175,27,1,1505472845,1786553701,0
LTE,310,410,8849,42271241,0,-85.387,35.3143,3428,27,1,1505474027,1748327799,0
LTE,310,410,8849,42242569,0,-85.4014,35.3139,6676,27,1,1505474035,1754694843,0
LTE,310,410,8197,39195144,0,-88.2868,36.9977,12374,27,1,1505474545,1773941221,0
LTE,310,410,8197,39195145,0,-88.3826,36.8496,11315,27,1,1505474545,1773942001,0
LTE,310,410,8197,39198123,0,-88.7394,36.6585,22735,23,1,1505474572,1779922629,0
LTE,310,410,8197,39206154,0,-88.6724,37.0627,1299,6,1,1505481671,1779922443,0
LTE,310,410,8197,39206152,0,-88.651,37.0611,6779,24,1,1505485178,1779922443,0
LTE,310,410,8197,39206153,0,-88.6608,37.0452,6984,27,1,1505485178,1779922629,0
LTE,310,410,8197,39226376,0,-87.7855,36.9141,7309,50,1,1505488400,1773938829,0
LTE,310,410,8846,41732872,0,-87.4702,36.9321,3855,50,1,1505491143,1782913141,0
LTE,310,410,9101,42245386,0,-85.2559,35.0189,9288,37,1,1505491357,1787513507,0
LTE,310,410,9101,42245385,0,-85.2508,35.0136,1531,35,1,1505491357,1787513521,0
LTE,310,410,8197,39196587,0,-88.3056,36.7548,11573,7,1,1505494143,1773942121,0
LTE,310,410,8838,41860888,0,-86.8404,36.1541,8059,25,1,1505497363,1759956183,0
LTE,310,410,8846,41847306,0,-87.5254,35.9736,1742,28,1,1505497909,1779922813,0
LTE,310,410,8846,41847305,0,-87.5064,35.9646,18924,27,1,1505497909,1779922813,0
LTE,310,410,8846,41847304,0,-87.497,35.984,2635,30,1,1505497909,1779922813,0
LTE,310,260,44027,7059223,0,-85.7547,36.0885,14784,22,1,1505500247,1788291487,0
LTE,310,260,43777,6385676,0,-86.7302,36.1258,5276,50,1,1505500833,1753355402,0
LTE,310,410,8197,39206316,0,-88.6618,37.044,6102,31,1,1505501174,1779922629,0
LTE,310,260,43777,6385420,0,-86.7625,36.0816,3775,50,1,1505503455,1753355402,0
LTE,310,410,9101,42248214,0,-85.2384,35.1287,5942,50,1,1505507286,1747001884,0
LTE,310,410,8852,41852938,0,-86.426,36.1835,9473,50,1,1505518905,1779816843,0
LTE,310,410,8197,39195400,0,-88.1915,36.6318,14086,16,1,1505520226,1773946861,0
LTE,310,410,8197,39195401,0,-88.3318,36.5288,1274,2,1,1505520233,1773946982,0
LTE,310,410,8846,41960202,0,-87.9986,35.8682,12779,36,1,1505523747,1779922447,0
LTE,310,410,8846,41960200,0,-87.9215,35.8717,14166,29,1,1505525579,1779922447,0
LTE,310,410,8846,41758473,0,-87.8518,35.8754,13238,28,1,1505525581,1774019161,0
LTE,310,410,8838,41860886,0,-86.823,36.165,7930,23,1,1505525609,1759956183,0
LTE,310,260,44029,6866434,0,-86.7923,35.9937,21698,28,1,1505526483,1767478142,0
LTE,310,260,44029,6379266,0,-86.8111,35.9566,6460,31,1,1505526487,1767478142,0
LTE,310,260,44029,6868737,0,-86.8333,35.8733,4127,29,1,1505526490,1753355345,0
LTE,310,410,9101,42243351,0,-85.1814,35.0207,8308,13,1,1505527652,1779922811,0
LTE,310,410,8852,41853961,0,-86.1679,36.1876,10162,28,1,1505528596,1779816844,0
LTE,310,410,9093,42244104,0,-85.0188,35.4542,25307,29,1,1494623719,1782090912,0
LTE,310,410,9101,42248713,0,-85.2973,35.1191,2004,28,1,1494854144,1747012382,0
LTE,310,260,44027,9530627,0,-86.4088,36.1865,1035,34,1,1505352804,1788291485,0
LTE,310,260,44027,9530626,0,-86.3871,36.1845,4720,27,1,1505352982,1788291486,0
LTE,310,260,44027,7043607,0,-86.3937,36.1363,10758,13,1,1505353090,1756756081,0
LTE,310,260,44027,7043587,0,-86.3896,36.1345,2511,50,1,1505353094,1743548881,0
LTE,310,260,44027,8102657,0,-86.4427,35.9425,9038,29,1,1505353707,1746828841,0
LTE,310,260,44027,6874114,0,-86.4459,35.9095,21970,37,1,1505353932,1748104321,0
LTE,310,260,44027,8947723,0,-86.4583,35.8683,8074,37,1,1505354128,1763732762,0
LTE,310,260,44027,6390540,0,-86.3767,35.7909,6042,27,1,1505355878,1763732162,0
LTE,310,260,44027,6390539,0,-86.4036,35.8194,1206,29,1,1505355890,1763732582,0
LTE,310,260,44027,7974924,0,-86.2421,35.6168,2923,27,1,1505474468,1763731621,0
LTE,310,260,44027,7974925,0,-86.272,35.6618,4346,27,1,1505474686,1763731741,0
LTE,310,260,44027,7311883,0,-86.3077,35.7058,1323,27,1,1505474944,1763731982,0
LTE,310,260,44027,7311884,0,-86.3178,35.7187,1759,27,1,1505475022,1763732041,0
LTE,310,260,44027,7311885,0,-86.3287,35.7326,1445,27,1,1505475118,1763732102,0
LTE,310,260,43003,7190796,0,-88.5831,37.0135,7931,27,1,1505531199,1764344463,0
LTE,310,260,43003,6863372,0,-88.6729,37.0738,7885,44,1,1505532054,1764344163,0
LTE,310,260,43003,7190795,0,-88.649,37.0519,8926,32,1,1505532060,1764344343,0
LTE,310,260,43003,7899413,0,-88.3064,37.0195,10710,19,1,1505622496,1763746565,0
LTE,310,260,43003,7940108,0,-88.2409,37.052,11455,28,1,1505623026,1764345484,0
LTE,310,410,8195,39245484,0,-86.8846,36.7413,14468,3,1,1505857584,1767061501,0
LTE,310,410,8835,41907465,0,-85.4574,36.1424,18975,9,1,1506049214,1779021783,0
LTE,310,410,8197,39194632,0,-88.2882,37.0298,20805,26,1,1506062309,1773940921,0
LTE,310,260,44029,6866179,0,-86.9606,36.0725,3975,46,1,1506122762,1767446883,0
LTE,310,260,44027,9504535,0,-86.3912,35.9091,7915,50,1,1505654486,1746828962,0
LTE,310,260,44029,7011073,0,-86.8581,36.0451,6257,33,1,1505580037,1767446883,0
LTE,310,260,44029,6779393,0,-86.8981,35.9236,3891,24,1,1505571084,1752532928,0
LTE,310,260,44029,7043861,0,-86.9491,36.0544,6098,30,1,1505579418,1752532926,0
LTE,310,260,44029,6871555,0,-86.8539,36.0469,8671,12,1,1505579998,1767446883,0
LTE,310,260,44029,6866178,0,-86.9065,36.062,4954,29,1,1505580209,1767446883,0
LTE,310,260,44029,7011075,0,-86.8996,36.0555,5834,10,1,1505580106,1767446883,0
LTE,310,260,44029,6871554,0,-86.8046,36.0176,6125,27,1,1505574084,1767446883,0
LTE,310,260,44027,7219981,0,-86.0685,35.4829,1319,50,1,1505571228,1763730961,0
LTE,310,260,44027,7669771,0,-85.9859,35.3873,3740,28,1,1505571630,1763730721,0
LTE,310,260,44027,7669772,0,-86.0179,35.4192,1367,32,1,1505571383,1763730782,0
LTE,310,260,44027,7219980,0,-86.0498,35.4542,1856,50,1,1505571285,1763730842,0
LTE,310,260,44027,7311629,0,-86.108,35.5048,26612,50,1,1505571096,1763731201,0
LTE,310,260,44027,7311628,0,-86.066,35.4669,17624,50,1,1505571100,1763731022,0
LTE,310,260,44027,6390787,0,-86.3274,36.1871,9474,30,1,1505948310,1788291485,0
LTE,310,260,44029,6387714,0,-86.9518,36.0695,4906,30,1,1506209032,1781813161,0
LTE,310,260,44029,6387713,0,-86.9242,36.1099,5601,34,1,1506209243,1788291483,0
LTE,310,410,8704,41332759,0,-88.807,35.6739,6211,25,1,1506440208,1746846305,0
LTE,310,410,9101,42255880,0,-85.3099,35.0889,9097,25,1,1506621029,1747012382,0
LTE,310,260,44027,8947724,0,-86.4366,35.854,8902,29,1,1507241982,1764351784,0
LTE,310,260,44027,9290767,0,-86.4001,35.8187,3298,16,1,1507242303,1763732582,0
LTE,310,260,44027,7346177,0,-86.4922,35.863,12528,20,1,1507312231,1748104621,0
LTE,310,260,44027,7085569,0,-86.5109,35.8718,7307,21,1,1507312384,1748277841,0
LTE,310,260,44027,8105730,0,-86.571,35.8423,27586,21,1,1507312404,1748104687,0
LTE,310,260,44027,8105750,0,-86.5833,35.8541,9070,11,1,1507312420,1748104981,0
LTE,310,260,44027,8105731,0,-86.6419,35.8478,17343,18,1,1507321248,1748105102,0
LTE,310,260,44027,7085571,0,-86.6023,35.8543,10606,13,1,1507321547,1748104801,0
LTE,310,260,44027,8114957,0,-86.2329,35.5785,1412,27,1,1507406005,1763731561,0
LTE,310,260,44027,8114956,0,-86.2298,35.5745,3783,29,1,1507406078,1763731441,0
LTE,310,260,44027,8114955,0,-86.24,35.6043,3009,31,1,1507406094,1763731561,0
LTE,310,260,44027,7311627,0,-86.1474,35.5285,3477,28,1,1507406341,1763731202,0
LTE,310,410,8197,39221782,0,-87.9222,36.9991,24281,19,1,1507456967,1773939121,0
LTE,310,260,44029,7031041,0,-87.0024,36.0912,1439,50,1,1507605547,1767446882,0
LTE,310,260,44029,6387715,0,-86.9578,36.0925,2325,8,1,1507632826,1767442806,0
LTE,310,410,8197,39198744,0,-88.8844,36.518,1837,50,1,1507846296,1779922444,0
LTE,310,260,44029,7311372,0,-87.9866,35.8665,12460,26,1,1507857785,1753186741,0
LTE,310,260,44029,7311371,0,-87.9351,35.868,9995,27,1,1507857927,1748152321,0
LTE,310,260,44029,7973133,0,-87.8844,35.8669,16800,27,1,1507858063,1788291441,0
LTE,310,260,44029,7973131,0,-87.8527,35.876,13894,42,1,1507858197,1788291442,0
LTE,310,260,44029,7311116,0,-87.7931,35.8803,8521,27,1,1507858264,1788291442,0
LTE,310,260,44029,7311115,0,-87.7577,35.8813,6128,36,1,1507858424,1788291442,0
LTE,310,260,44029,7631372,0,-87.698,35.8813,9421,27,1,1507858599,1770613381,0
LTE,310,260,44029,7631373,0,-87.7122,35.8864,23668,27,1,1507858672,1770613321,0
LTE,310,260,44029,7631371,0,-87.6728,35.8869,26720,27,1,1507858677,1770613201,0
LTE,310,260,44029,7215126,0,-87.6334,35.9004,5785,6,1,1507858761,1788291442,0
LTE,310,260,44029,7631381,0,-87.635,35.9002,24273,19,1,1507858770,1788291442,0
LTE,310,260,44029,7215116,0,-87.5943,35.9208,19953,15,1,1507858797,1770613141,0
LTE,310,260,44029,7314189,0,-87.5652,35.9437,9569,27,1,1507858860,1756760702,0
LTE,310,260,44029,7215115,0,-87.553,35.9469,15310,16,1,1507858868,1770613141,0
LTE,310,260,44029,7314188,0,-87.5433,35.9581,18311,27,1,1507859079,1770612901,0
LTE,310,260,44029,7314187,0,-87.5436,35.9631,8586,27,1,1507859096,1770612781,0
LTE,310,260,44029,7214860,0,-87.5193,35.9742,11829,28,1,1507859146,1788291443,0
LTE,310,260,44029,7214859,0,-87.5062,35.9802,12385,35,1,1507859228,1788291443,0
LTE,310,260,44029,7214605,0,-87.4126,36.0005,21437,27,1,1507859372,1788291443,0
LTE,310,260,44029,7214604,0,-87.3507,36.0146,11741,27,1,1507859590,1788291443,0
LTE,310,260,44029,7306007,0,-87.2713,36.0081,20119,31,1,1507859761,1788291444,0
LTE,310,260,44029,7305997,0,-87.2501,36.0097,24576,34,1,1507859772,1788291444,0
LTE,310,260,44029,7305996,0,-87.2066,36.0262,10700,50,1,1507859973,1788291444,0
LTE,310,260,44029,7306006,0,-87.1526,36.0423,4761,50,1,1507860097,1788291444,0
LTE,310,260,44029,7214348,0,-87.1307,36.0635,2100,50,1,1507860208,1788291482,0
LTE,310,260,44029,7214347,0,-87.1201,36.0736,5779,34,1,1507860335,1788291482,0
LTE,310,260,44029,7031043,0,-87.0183,36.0805,2990,50,1,1507860500,1767446882,0
LTE,310,260,44029,7031042,0,-86.9874,36.0659,2571,50,1,1507860667,1767442809,0
LTE,310,260,44027,6390541,0,-86.3936,35.8065,4281,27,1,1507903358,1763732522,0
LTE,310,410,8846,41763594,0,-87.2631,36.0225,5019,23,1,1508103802,1752558143,0
LTE,310,410,8197,39204361,0,-88.3272,36.586,10225,8,1,1508788531,1773947221,0
LTE,310,410,8197,39195402,0,-88.3363,36.5725,20800,3,1,1508788716,1773946921,0
LTE,310,260,44027,7043585,0,-86.3501,36.1714,2089,50,1,1509032350,1743548941,0
LTE,310,260,44027,7043586,0,-86.3653,36.1512,7976,29,1,1509032457,1743548941,0
LTE,310,260,44029,7973132,0,-87.8713,35.871,24035,28,1,1509039667,1788291441,0
LTE,310,260,43003,7191317,0,-88.0704,37.0588,27158,18,1,1510003494,1763746023,0
LTE,310,260,44027,7219970,0,-86.0581,35.4661,25552,27,1,1510100777,1763730961,0
LTE,310,410,8848,41860104,0,-86.7015,36.2208,7595,15,1,1510147840,1760562423,0
LTE,310,410,8848,41860105,0,-86.6981,36.2161,1145,18,1,1510147866,1760562423,0
LTE,310,260,44029,7043862,0,-87.01,36.0221,2735,30,1,1510906836,1752532926,0
LTE,310,410,8832,41758729,0,-86.8746,35.1741,5532,27,1,1511163254,1770160501,0
LTE,310,410,8832,41758728,0,-86.8668,35.2006,13592,28,1,1511163388,1770160741,0
LTE,310,410,9108,42259721,0,-85.1637,35.2652,8099,44,1,1511645631,1782090849,0
LTE,310,410,9108,42259722,0,-85.1562,35.279,500,48,1,1511645698,1782090913,0
LTE,310,410,9108,42259720,0,-85.15,35.2798,2002,50,1,1511645711,1782090913,0
LTE,310,410,8849,42242568,0,-85.3719,35.4037,1813,50,1,1511647803,1747012388,0
LTE,310,410,9101,42280201,0,-85.2567,35.0839,8314,50,1,1511914975,1747005302,0
LTE,310,410,9101,42361610,0,-85.2592,35.0919,4948,28,1,1511915351,1747005303,0
LTE,310,260,43777,6866700,0,-86.6298,36.2956,6053,12,1,1511985015,1763988663,0
LTE,310,260,43777,6873878,0,-86.6226,36.3111,2349,9,1,1511986642,1763839092,0
LTE,310,410,9108,42252810,0,-85.0125,35.1287,7316,27,1,1512634182,1787513530,0
LTE,310,410,8839,41953558,0,-85.9329,35.3339,9772,27,1,1513267722,1782925321,0
LTE,310,410,8838,41767704,0,-86.6942,36.1591,2275,10,1,1513647903,1757046938,0
LTE,310,410,9101,42247192,0,-85.3648,35.0126,7585,4,1,1514755142,1773852121,0
LTE,310,410,9101,42344200,0,-85.286,35.1511,5127,10,1,1514975943,1747012382,0
LTE,310,410,8839,41953560,0,-85.8827,35.2695,9066,28,1,1515495014,1782925681,0
LTE,310,410,8839,41953559,0,-85.8299,35.2282,13133,23,1,1515616355,1782925921,0
LTE,310,260,44027,7085591,0,-86.6019,35.8546,3291,8,1,1518105693,1748104861,0
LTE,310,410,8705,41299466,0,-88.3103,35.807,20576,46,1,1518360333,1746846361,0
LTE,310,410,8705,41299464,0,-88.2679,35.8173,16609,42,1,1518361488,1752558189,0
LTE,310,410,8832,41756682,0,-86.8366,35.4512,4383,13,1,1518976836,1770128101,0
LTE,310,410,8846,41747466,0,-87.6014,35.9205,1291,27,1,1519763309,1779922813,0
LTE,310,410,8846,41747465,0,-87.5892,35.926,21642,27,1,1519763333,1779922813,0
LTE,310,410,8846,41747464,0,-87.5704,35.9406,3245,26,1,1519763370,1779922813,0
LTE,310,260,44027,6779915,0,-86.4148,35.8689,26261,50,1,1520362574,1748104201,0
LTE,310,410,8839,42351880,0,-85.6343,35.0416,14554,16,1,1520375340,1786555021,0
LTE,310,410,8839,42351882,0,-85.697,35.0189,1282,50,1,1520375554,1787513494,0
LTE,310,410,8833,41775369,0,-86.6555,36.0433,5714,50,1,1520897008,1773840901,0
LTE,310,410,9108,42265096,0,-85.0543,35.1282,14139,26,1,1521145637,1776956465,0
LTE,310,410,8846,41779466,0,-87.3557,36.1192,7221,22,1,1521211979,1779922448,0
LTE,310,410,8846,41779464,0,-87.3445,36.1731,13304,11,1,1521212123,1779922448,0
LTE,310,410,8846,41811977,0,-87.3443,36.219,3829,6,1,1521212446,1779922448,0
LTE,310,410,8833,41892105,0,-86.6206,36.0022,10881,9,1,1521250339,1786560001,0
LTE,310,260,44029,7032833,0,-86.809,36.0393,4117,10,1,1521431400,1767446883,0
LTE,310,260,44029,6866433,0,-86.8664,36.046,5186,12,1,1521585537,1767446883,0
LTE,310,260,43777,6394380,0,-86.6985,36.1478,5900,30,1,1521749535,1788291484,0
LTE,310,260,44029,6870530,0,-86.8271,35.8998,10835,30,1,1523234497,1767478142,0
LTE,310,260,43777,6994455,0,-86.9042,36.1383,7551,19,1,1523549976,1761413702,0
LTE,310,260,43777,6868493,0,-86.4858,36.1745,4635,27,1,1523705295,1781811061,0
LTE,310,410,8197,39200266,0,-88.3193,36.6545,14201,50,1,1523720900,1773942541,0
LTE,310,410,8197,39210760,0,-88.6875,37.0949,3599,25,1,1524687069,1779922443,0
LTE,310,410,8852,41823242,0,-86.5289,36.3003,3298,20,1,1524777037,1760388844,0
LTE,310,410,8852,41823240,0,-86.5302,36.3068,1993,5,1,1524777164,1760226602,0
LTE,310,260,44029,7043841,0,-86.9518,36.0448,5416,30,1,1525023704,1767446883,0
LTE,310,260,43777,6997005,0,-86.7271,36.2337,4815,16,1,1525031476,1773965946,0
LTE,310,410,8838,41859352,0,-86.7875,36.1662,1000,20,1,1525282647,1772408042,0
LTE,310,410,9108,42244874,0,-85.0722,35.0718,9503,50,1,1525285671,1743712153,0
LTE,310,410,9108,42354185,0,-85.0713,35.053,2334,27,1,1526838136,1743712153,0
LTE,310,260,44029,25624331,0,-88.047,35.8636,26682,46,1,1526944732,1788291441,0
LTE,310,260,44029,6868749,0,-86.8486,35.8082,6019,28,1,1527275839,1773965944,0
LTE,310,410,9101,42344470,0,-85.372,35.0213,5810,16,1,1527508857,1773851941,0
LTE,310,410,8852,41852169,0,-86.4208,36.4062,3637,24,1,1527708934,1778886243,0
LTE,310,410,8852,41852168,0,-86.4074,36.4118,1307,5,1,1527711866,1762777862,0
LTE,310,260,44029,25624332,0,-88.0709,35.8483,9357,48,1,1528216805,1788291441,0
LTE,310,260,44029,25624342,0,-88.096,35.8441,20760,28,1,1528216965,1788291441,0
LTE,310,410,9101,42265368,0,-85.1681,35.0341,1971,5,1,1529964888,1779922811,0
LTE,310,260,44029,9930754,0,-86.7991,35.9739,8281,31,1,1530051852,1767478142,0
LTE,310,410,8197,39198124,0,-88.8197,36.5754,9614,16,1,1531150979,1779922444,0
LTE,310,410,8838,41750808,0,-86.7229,36.0977,3190,4,1,1531435340,1771888803,0
LTE,310,410,8840,41849097,0,-87.0383,36.3615,8378,50,1,1531687549,1773934861,0
LTE,310,260,43777,6393103,0,-86.6846,36.0654,7371,18,1,1532197195,1763736421,0
LTE,310,260,43777,6393100,0,-86.6852,36.0681,5618,18,1,1532197389,1763736422,0
LTE,310,260,43777,6393102,0,-86.6899,36.0746,8380,27,1,1532197406,1763736481,0
LTE,310,260,44029,9930753,0,-86.794,35.9993,2380,36,1,1532527695,1773965945,0
LTE,310,260,44029,7235585,0,-86.8263,35.9087,11821,19,1,1532528259,1753355345,0
LTE,310,260,44029,7235605,0,-86.8426,35.9154,8735,9,1,1532528571,1753355345,0
LTE,310,260,43778,7219213,0,-86.961,36.173,5092,27,1,1532915318,1761413702,0
LTE,310,410,8833,43009943,0,-86.6319,36.0243,4327,4,1,1533161382,1782921541,0
LTE,310,410,8832,41780233,0,-86.8792,35.0109,2579,28,1,1533217727,1770159961,0
LTE,310,410,8832,42587913,0,-86.8837,35.2166,8446,28,1,1533218472,1770160741,0
LTE,310,410,8832,42587912,0,-86.8845,35.2517,5143,27,1,1533218645,1770160861,0
LTE,310,260,32827,17667331,0,-88.8945,35.6656,7387,27,1,1534311289,1788291438,0
LTE,310,410,8197,39198380,0,-88.6787,36.8749,3307,12,1,1534424453,1779922629,0
LTE,310,410,8852,41769738,0,-86.5774,36.6187,5798,27,1,1534459952,1786565581,0
LTE,310,260,32827,16835585,0,-88.7702,35.6807,3583,18,1,1534508069,1788291439,0
LTE,310,410,8833,41755159,0,-86.786,36.0177,4314,24,1,1534538745,1770125881,0
LTE,310,410,8704,43313425,0,-88.771,35.6837,19119,21,1,1534782967,1746846305,0
LTE,310,410,9108,42244872,0,-85.0412,35.1079,3762,34,1,1535400057,1787513530,0
LTE,310,260,44029,6868747,0,-86.8334,35.8639,4727,35,1,1535749621,1773965944,0
LTE,310,410,8833,43041801,0,-86.8109,35.9497,7401,27,1,1536346967,1770126002,0
LTE,310,410,8833,43041804,0,-86.8162,35.9415,6408,27,1,1536346983,1770126121,0
LTE,310,410,8832,41780234,0,-86.884,35.0835,6941,27,1,1536350989,1770160261,0
LTE,310,410,8856,43240209,0,-86.8341,35.9128,27554,50,1,1537059532,1753355345,0
LTE,310,410,8848,42996119,0,-86.66,36.3102,3932,30,1,1538289097,1762109764,0
LTE,310,410,8838,41739542,0,-86.8205,36.1666,5769,12,1,1538701734,1759956183,0
LTE,310,410,8832,41757705,0,-86.8851,35.3531,5684,2,1,1538779692,1770128461,0
LTE,310,410,8832,41757704,0,-86.8849,35.3693,1376,50,1,1538779789,1770128402,0
LTE,310,410,8846,41811976,0,-87.3599,36.2892,5200,8,1,1538789362,1779922501,0
LTE,310,410,8848,43053975,0,-86.7028,36.2336,1058,15,1,1539033047,1762109764,0
LTE,310,410,8848,41893897,0,-86.6708,36.3142,5828,8,1,1539036611,1760388841,0
LTE,310,410,8197,39204873,0,-88.3135,36.5862,1897,4,1,1539895454,1773946801,0
LTE,310,410,8846,41796759,0,-87.5091,36.7475,1502,5,1,1540035578,1773937322,0
LTE,310,410,8838,41750965,0,-86.726,36.1149,3889,27,1,1540415061,1782921061,0
LTE,310,410,8838,41750966,0,-86.7108,36.0991,3111,14,1,1540423491,1773932821,0
LTE,310,410,8838,42585526,0,-86.782,36.1514,1000,7,1,1540499022,1772487486,0
LTE,310,410,8838,42585525,0,-86.7838,36.1573,1000,17,1,1540500179,1772408043,0
LTE,310,410,8838,42585352,0,-86.7819,36.1567,1000,13,1,1540500517,1772487486,0
LTE,310,410,8838,42585366,0,-86.7811,36.1562,1000,20,1,1540500650,1772487481,0
LTE,310,410,8838,42585353,0,-86.7823,36.1511,5801,24,1,1540553240,1772487486,0
LTE,310,410,8838,41860021,0,-86.7721,36.1657,7428,25,1,1540570967,1772487485,0
LTE,310,410,8838,42585367,0,-86.7836,36.1533,1000,10,1,1540777385,1772487486,0
LTE,310,410,8838,41860022,0,-86.77,36.1504,1000,18,1,1540932200,1771888802,0
LTE,310,410,8846,41846552,0,-87.3154,36.0227,1579,27,1,1541077764,1752558143,0
LTE,310,410,8838,42585354,0,-86.7839,36.1512,9381,28,1,1542062701,1772487486,0
LTE,310,260,44029,6868748,0,-86.833,35.8265,4051,25,1,1542071572,1773965944,0
LTE,310,260,44029,6379276,0,-86.809,35.9513,4302,20,1,1542072008,1773965945,0
LTE,310,410,9108,42355977,0,-85.0432,35.125,10074,40,1,1542715553,1787513530,0
LTE,310,410,8838,41739445,0,-86.6945,36.0974,3744,13,1,1542822639,1782921181,0
LTE,310,410,8836,41857290,0,-87.1552,36.0395,7850,40,1,1543359043,1752558142,0
LTE,310,410,8837,41836566,0,-86.5335,35.9389,7293,8,1,1543450319,1785404281,0
LTE,310,410,8838,41741494,0,-86.7234,36.1284,2366,20,1,1543451199,1786562521,0
LTE,310,410,8838,41739446,0,-86.6992,36.0807,3223,19,1,1543531180,1782921241,0
LTE,310,410,8856,41826838,0,-86.8363,35.9286,6717,24,1,1544414081,1753355346,0
LTE,310,410,9101,42249653,0,-85.1445,35.0481,6250,9,1,1544558796,1779922811,0
LTE,310,410,9101,42275478,0,-85.2406,35.1289,1000,5,1,1544565243,1747001884,0
LTE,310,410,8704,41240245,0,-88.9912,35.62,14270,44,1,1544576091,1752558196,0
LTE,310,410,8846,41846551,0,-87.2863,36.024,3325,27,1,1544743058,1752558143,0
LTE,310,410,8846,41774600,0,-87.6778,35.8829,3509,33,1,1544744419,1779922447,0
LTE,310,410,8846,41774602,0,-87.7662,35.8814,7124,28,1,1544744607,1779922447,0
LTE,310,410,9101,42250776,0,-85.5624,35.0193,15488,18,1,1545100205,1782927481,0
LTE,310,260,43777,6385421,0,-86.7701,36.0686,1103,50,1,1545295838,1753355402,0
LTE,310,410,8837,41836568,0,-86.5165,35.921,4146,5,1,1546033293,1785404221,0
LTE,310,410,8846,41774601,0,-87.7154,35.8758,3138,29,1,1546816811,1779922447,0
LTE,310,410,8833,41866677,0,-86.6483,36.0421,3866,11,1,1547678447,1773932401,0
LTE,310,410,8833,41866678,0,-86.5952,36.0017,2750,8,1,1547679196,1786560061,0
LTE,310,410,8838,43021505,0,-86.7456,36.1398,3194,19,1,1547758829,1753355403,0
LTE,310,410,8856,41838345,0,-86.564,35.8623,12176,25,1,1548358448,1746858492,0
LTE,310,410,8856,41838346,0,-86.6075,35.8535,3340,25,1,1548358670,1746858492,0
LTE,310,410,8838,42574344,0,-86.7886,36.1573,6473,22,1,1548469090,1761413705,0
LTE,310,260,43777,6868491,0,-86.4806,36.1755,4596,12,1,1548688778,1770609122,0
LTE,310,260,43777,6868492,0,-86.446,36.1799,6380,27,1,1548688785,1781810881,0
LTE,310,410,8837,41786807,0,-86.3483,35.7557,3827,12,1,1548701453,1785403381,0
LTE,310,410,8848,42996161,0,-86.6678,36.3125,4247,7,1,1548887362,1762349103,0
LTE,310,410,8840,41733823,0,-86.7365,36.2649,2932,9,1,1548887541,1760562423,0
LTE,310,410,8840,41733825,0,-86.7613,36.2656,3974,5,1,1548887548,1762948505,0
LTE,310,410,8840,41733824,0,-86.739,36.2519,4115,8,1,1548887662,1760562423,0
LTE,310,410,8840,41846207,0,-86.8916,36.3365,2966,14,1,1548889043,1762948505,0
LTE,310,410,8846,41763766,0,-87.2414,36.0075,4539,5,1,1548894564,1759809242,0
LTE,310,410,8837,42959041,0,-86.4857,35.8932,1491,20,1,1549069108,1785404101,0
LTE,310,410,8833,41775542,0,-86.6494,36.0393,1753,13,1,1549247960,1782921421,0
LTE,310,410,8833,41775543,0,-86.6666,36.0487,1000,8,1,1549248043,1773932521,0
LTE,310,410,8838,41886743,0,-86.8035,36.1558,2627,38,1,1549333965,1772408043,0
LTE,310,410,8838,42574345,0,-86.7906,36.1551,1464,24,1,1549334018,1771888807,0
LTE,310,410,8838,41768341,0,-86.8002,36.1352,1000,13,1,1549492064,1759885921,0
LTE,310,410,8852,41852607,0,-86.7026,36.4904,15517,4,1,1549657546,1785408361,0
LTE,310,410,8838,42585527,0,-86.7875,36.1548,1255,23,1,1549671215,1772408043,0
LTE,310,410,8838,42652479,0,-86.7938,36.1523,1994,19,1,1549671225,1771888807,0
LTE,310,410,8197,39234056,0,-88.0086,37.0381,14003,50,1,1549738654,1773939721,0
LTE,310,410,9101,42343093,0,-85.316,35.0392,1139,26,1,1549770508,1785397442,0
LTE,310,410,9101,42343094,0,-85.3081,35.0274,3584,27,1,1549921016,1786553461,0
LTE,310,410,8838,43012758,0,-86.7995,36.1428,2396,10,1,1550162024,1761413708,0
LTE,310,260,32827,16826881,0,-88.8557,35.6439,785,50,1,1550436034,1749353233,0
LTE,310,410,8838,41770519,0,-86.6945,36.1438,5081,40,1,1550715453,1772487488,0
LTE,310,410,8852,41854135,0,-86.2385,36.1925,11819,41,1,1550716517,1779816844,0
LTE,310,410,8838,42585368,0,-86.7865,36.1558,607,30,1,1551277093,1772487486,0
LTE,310,410,8838,42574358,0,-86.7921,36.1636,4945,22,1,1551390521,1772408043,0
LTE,310,410,8705,41299639,0,-88.4476,35.771,2501,18,1,1551485252,1752558191,0
LTE,310,410,8840,43170058,0,-86.7281,36.246,8021,33,1,1552080466,1762349103,0
LTE,310,410,8840,41733781,0,-86.7363,36.2667,2375,21,1,1552082139,1762109764,0
LTE,310,410,8840,41733782,0,-86.7403,36.2505,8705,9,1,1552083121,1762109764,0
LTE,310,410,8838,40982652,0,-86.6689,36.129,1000,3,1,1552389763,1772487488,0
LTE,310,410,8856,41836808,0,-86.5081,35.8662,11369,32,1,1553698382,1746858493,0
LTE,310,410,8856,41776136,0,-86.5448,35.8634,4502,25,1,1553698537,1746858492,0
LTE,310,410,8856,41836810,0,-86.5285,35.8641,3063,15,1,1553698548,1746858492,0
LTE,310,410,8856,41776138,0,-86.5533,35.8627,5264,9,1,1553698658,1746858492,0
LTE,310,410,8837,41833398,0,-86.3472,35.7687,4153,7,1,1553819529,1773930901,0
LTE,310,410,8837,41787829,0,-86.4121,35.8314,2231,5,1,1553878571,1785403741,0
LTE,310,410,8195,40797111,0,-86.1815,37.0416,6594,28,1,1554185043,1786567741,0
LTE,310,260,44029,7032834,0,-86.8141,36.04,4575,7,1,1554333194,1767446883,0
LTE,310,260,44029,7011074,0,-86.8465,36.0442,2862,15,1,1554333353,1767446883,0
LTE,310,260,44029,9930755,0,-86.8262,35.9602,2314,4,1,1554579251,1767467341,0
LTE,310,410,8840,41864456,0,-86.8658,36.3211,11977,14,1,1554758492,1782919288,0
LTE,310,410,8837,41730220,0,-86.461,35.8706,1804,10,1,1554945345,1746858493,0
LTE,310,260,44029,6379267,0,-86.8281,35.9441,4929,50,1,1555014367,1767467342,0
LTE,310,410,8848,41751319,0,-86.71,36.3386,2677,6,1,1555088163,1785408001,0
LTE,310,410,8856,43240385,-1,-86.8297,35.9165,5039,35,1,1555328163,1753355347,0
LTE,310,410,9101,42855125,0,-85.3297,35.021,2033,3,1,1555442523,1773924662,0
LTE,310,410,8837,41730230,0,-86.4583,35.8691,7023,10,1,1555535272,1785403922,0
LTE,310,260,43777,6379020,0,-86.6514,36.0409,5736,27,1,1555555070,1764351002,0
LTE,310,260,43777,6379022,0,-86.6611,36.0502,5686,23,1,1555555125,1763736002,0
LTE,310,260,43777,6379019,0,-86.6694,36.0521,7770,19,1,1555555140,1763736182,0
LTE,310,410,8856,41825728,-1,-86.8785,35.8972,2422,50,1,1555942465,1753355347,0
LTE,310,410,8838,41751723,0,-86.7582,36.1543,1793,27,1,1556037733,1785406981,0
LTE,310,410,8856,42931978,-1,-86.8576,35.8484,4819,50,1,1556091649,1746858489,0
LTE,310,410,8856,41744064,-1,-86.8539,35.9114,1475,22,1,1556092287,1753355345,0
LTE,310,410,8838,41751733,0,-86.7569,36.1536,1608,16,1,1556117214,1773933421,0
LTE,310,410,8838,41737495,0,-86.7371,36.1395,8917,27,1,1556117291,1786562641,0
LTE,310,410,8197,39201462,0,-88.313,36.608,1435,22,1,1556393072,1773946681,0
LTE,310,260,44029,7043843,0,-86.9698,36.069,3022,12,1,1556462151,1767442808,0
LTE,310,410,8848,41851062,0,-86.5901,36.3292,1242,12,1,1556906153,1762109764,0
LTE,310,410,8848,41850903,0,-86.5946,36.3291,1691,27,1,1556906557,1762349102,0
LTE,310,410,8852,41742774,0,-86.4534,36.3654,1923,9,1,1556912652,1779816842,0
LTE,310,410,8852,41761288,0,-86.4408,36.2727,5452,51,1,1556914510,1779816843,0
LTE,310,410,8834,43111085,0,-87.455,36.7063,3745,7,1,1557012591,1782916503,0
LTE,310,410,8840,41846165,0,-86.9174,36.3409,3572,31,1,1557020816,1762948506,0
LTE,310,410,8852,41936393,0,-86.1067,36.1711,9627,15,1,1557024142,1779816844,0
LTE,310,410,8852,41936394,0,-86.0678,36.1727,3350,21,1,1557025466,1779816845,0
LTE,310,410,8852,41936392,0,-86.027,36.1742,3233,28,1,1557025533,1779816845,0
LTE,310,410,8840,41743382,0,-86.7456,36.2475,5877,17,1,1557159919,1756422191,0
LTE,310,410,9101,43229633,0,-85.3198,35.0692,1832,17,1,1557189594,1748327793,0
LTE,310,410,8856,41738762,-1,-86.6659,35.8385,6745,32,1,1557987226,1746858491,0
LTE,310,410,8838,42574359,0,-86.7882,36.1549,1000,8,1,1558114562,1771888805,0
LTE,310,410,8838,42651683,0,-86.7811,36.1575,1000,6,1,1558118174,1772487486,0
LTE,310,410,8836,41857289,0,-87.1772,36.0278,8761,12,1,1558368295,1752558142,0
LTE,310,410,8838,41738263,0,-86.7626,36.0829,1994,27,1,1558452346,1770125463,0
LTE,310,410,8849,42256906,0,-85.4236,35.2581,3690,50,1,1558795123,1748327798,0
LTE,310,260,44028,8572941,0,-85.2738,36.1376,7282,45,1,1559245650,1788291489,0
LTE,310,260,32827,39389187,0,-88.8373,35.6198,1982,8,1,1559277653,1749353233,0
LTE,310,260,32827,16809219,0,-88.8297,35.6142,770,50,1,1559278662,1749353233,0
LTE,310,410,8195,40797121,0,-86.2048,37.04,6582,32,1,1559404937,1756422245,0
LTE,310,410,8852,43012011,0,-86.654,36.5124,1270,50,1,1559407347,1756422195,0
LTE,310,410,8848,41742999,0,-86.7319,36.2805,1000,10,1,1559408305,1762109764,0
LTE,310,410,8840,41743541,0,-86.7548,36.2395,1381,16,1,1559408441,1752558138,0
LTE,310,410,8840,41743543,0,-86.7718,36.2288,2475,25,1,1559408523,1752558138,0
LTE,310,410,8840,41735615,0,-86.9004,36.1292,3119,21,1,1559409187,1752558140,0
LTE,310,410,8840,41735616,0,-86.9128,36.1194,1000,18,1,1559409331,1752558140,0
LTE,310,410,8705,41303990,0,-88.6618,35.7094,5874,23,1,1559417509,1752558193,0
LTE,310,410,8705,41303817,0,-88.6424,35.7144,6299,27,1,1559417520,1746846306,0
LTE,310,410,8705,41303818,0,-88.6971,35.696,3269,27,1,1559417736,1752558194,0
LTE,310,410,8838,41729461,0,-86.7479,36.1248,2928,15,1,1560030772,1753355402,0
LTE,310,410,8840,41732268,0,-87.0026,36.3884,6659,7,1,1560141315,1773838322,0
LTE,310,410,8840,41846167,0,-86.9392,36.3522,5673,24,1,1560141646,1782918721,0
LTE,310,410,8838,43006145,0,-86.7717,36.1596,4949,16,1,1560142568,1772487485,0
LTE,310,410,8838,41737654,0,-86.7438,36.144,8026,27,1,1560142836,1773933301,0
LTE,310,410,8838,41751734,0,-86.769,36.149,1609,28,1,1560146149,1772487482,0
LTE,310,410,8837,41840021,0,-86.2667,35.6572,5349,27,1,1560179946,1746858496,0
LTE,310,410,8848,41772951,0,-86.695,36.3065,1000,7,1,1560633748,1762109764,0
LTE,310,410,8848,41772950,0,-86.662,36.3101,3052,18,1,1560633838,1762109764,0
LTE,310,410,8848,43036055,0,-86.6291,36.305,3376,7,1,1560634195,1760388843,0
LTE,310,410,8852,41879319,0,-86.5422,36.3288,8359,25,1,1560634748,1760562423,0
LTE,310,410,8856,41738761,0,-86.6295,35.8435,1813,50,1,1560990583,1746858492,0
LTE,310,260,44028,8546316,0,-85.6372,36.1327,17126,46,1,1561262892,1788291488,0
LTE,310,260,44284,7954957,0,-85.0622,36.0124,25631,34,1,1561431917,1746474361,0
LTE,310,260,44284,8453900,0,-85.0347,35.9951,5442,50,1,1561432095,1746474541,0
LTE,310,260,44284,8453901,0,-85.0601,36.0102,26230,27,1,1561432126,1746474481,0
LTE,310,260,44028,8558603,0,-85.3208,36.1363,13857,27,1,1561433025,1788291489,0
LTE,310,260,44028,8558613,0,-85.2821,36.1343,21299,28,1,1561433040,1788291489,0
LTE,310,260,44028,8572951,0,-85.2857,36.1384,21816,13,1,1561433082,1788291489,0
LTE,310,260,44028,8558604,0,-85.3676,36.1328,25043,42,1,1561433207,1788291489,0
LTE,310,260,44028,8558614,0,-85.3604,36.1309,27340,18,1,1561433321,1781807343,0
LTE,310,260,44028,8573195,0,-85.3988,36.1409,23571,34,1,1561433355,1788291489,0
LTE,310,260,44028,8573196,0,-85.4312,36.1388,20651,26,1,1561433549,1788291489,0
LTE,310,260,44028,8441868,0,-85.5013,36.117,19561,44,1,1561433797,1788291489,0
LTE,310,260,44028,8441867,0,-85.5062,36.1385,12477,27,1,1561433865,1770606181,0
LTE,310,260,44028,8441869,0,-85.5527,36.1353,15480,50,1,1561433880,1788291489,0
LTE,310,260,44028,8546315,0,-85.6058,36.1358,14305,27,1,1561433973,1770606361,0
LTE,310,260,43777,6381583,0,-86.7499,36.1483,6662,19,1,1561438657,1753241342,0
LTE,310,410,8856,43036429,0,-86.5681,35.9704,1188,26,1,1562020362,1786559881,0
LTE,310,410,8838,41751724,0,-86.7655,36.1527,1000,14,1,1562047030,1772487486,0
LTE,310,410,8856,43190028,0,-86.5564,35.957,638,25,1,1562047966,1786559824,0
LTE,310,410,8852,42592785,0,-86.2427,36.5411,2480,29,1,1562108713,1778782982,0
LTE,310,410,8856,43036602,0,-86.5701,35.9727,1191,5,1,1562162364,1773931982,0
LTE,310,410,9101,42342666,0,-85.3179,35.0455,4942,14,1,1562785489,1748327792,0
LTE,310,410,9101,42247351,0,-85.3388,35.0264,2053,6,1,1563053577,1785397621,0
LTE,310,410,8838,41739692,0,-86.8245,36.153,1696,9,1,1564167658,1759890422,0
LTE,310,410,8705,41410312,0,-88.4296,35.7764,2803,27,1,1564196234,1752558191,0
LTE,310,410,8838,43005377,0,-86.7298,36.1101,2499,27,1,1564278224,1771888803,0
LTE,310,260,44284,7954443,0,-85.0518,35.9739,12090,9,1,1564361557,1746474362,0
LTE,310,410,8705,41410328,0,-88.5597,35.7375,9244,11,1,1564542001,1746846307,0
LTE,310,410,8838,43214273,0,-86.7594,36.1215,1217,9,1,1564629330,1753355402,0
LTE,310,410,8840,41834165,0,-86.9182,36.115,3886,14,1,1564668968,1752558140,0
LTE,310,260,32827,17667330,0,-88.8286,35.6649,8478,3,1,1564868258,1770616801,0
LTE,310,260,44029,6779403,0,-86.9447,35.951,8454,15,1,1565315004,1752532928,0
LTE,310,260,44029,6779404,0,-86.8568,35.9076,2275,6,1,1565315560,1753355347,0
LTE,310,410,8705,41410487,0,-88.5331,35.7511,3415,21,1,1565362014,1746846308,0
LTE,310,410,8848,40984700,0,-86.692,36.2007,1000,3,1,1565459540,1762109764,0
LTE,310,410,8856,43240343,0,-86.8281,35.9162,2242,46,1,1565540527,1753355345,0
LTE,310,260,43777,6398734,0,-86.6584,36.1426,6628,31,1,1565643162,1788291484,0
LTE,310,410,8846,41752492,0,-87.4634,37.0363,7102,6,1,1566052991,1779922502,0
LTE,310,410,8846,41752493,0,-87.4644,37.0776,1000,4,1,1566053167,1773834361,0
LTE,310,260,43777,6384653,0,-86.8374,36.1097,1882,14,1,1566162146,1759964281,0
LTE,310,260,43777,6381838,0,-86.79,36.1473,3005,6,1,1566797357,1760834701,0
LTE,310,410,8852,43076525,0,-86.4689,36.1717,13388,3,1,1566919342,1761950884,0
LTE,310,410,8852,41845697,0,-86.6161,36.5843,16769,23,1,1566939704,1752558134,0
LTE,310,410,8852,41879318,0,-86.5003,36.3511,6370,7,1,1567212962,1762349101,0
LTE,310,410,8852,41851144,0,-86.4344,36.2482,3067,7,1,1567213692,1779816843,0
LTE,310,410,8852,41851145,0,-86.4309,36.238,1000,9,1,1567213845,1779816843,0
LTE,310,410,8839,42466314,0,-85.8261,35.2283,1478,27,1,1567222723,1786556041,0
LTE,310,410,8839,42466313,0,-85.8079,35.224,1795,28,1,1567222913,1786555981,0
LTE,310,260,44029,6379270,0,-86.8292,35.9559,1126,49,1,1567784982,1767467342,0
LTE,310,410,9108,42265608,0,-85.0823,35.0862,7233,26,1,1567816740,1787513527,0
LTE,310,260,44284,7953174,0,-85.0654,36.0126,25145,2,1,1567905827,1746822722,0
LTE,310,260,44029,6379279,0,-86.818,35.9317,11050,38,1,1568061287,1773965945,0
LTE,310,260,44029,6379269,0,-86.8166,35.9419,1378,27,1,1568061481,1767478142,0
LTE,310,260,44029,6379268,0,-86.8076,35.9617,21569,27,1,1568061572,1767478142,0
LTE,310,410,9093,42254344,0,-85.1099,35.3809,623,42,1,1568063673,1782090912,0
LTE,310,410,9093,42254346,0,-85.1139,35.3734,847,48,1,1568063805,1782090912,0
LTE,310,410,9093,42254345,0,-85.1236,35.3532,1439,50,1,1568063869,1782090912,0
LTE,310,260,44029,6379278,0,-86.8068,35.9578,4848,23,1,1568151530,1773965945,0
LTE,310,410,8852,41889288,0,-86.5705,36.6412,1586,50,1,1568194424,1752558134,0
LTE,310,410,8848,43056535,0,-86.7186,36.2935,3544,38,1,1568197276,1762109764,0
LTE,310,410,8856,43036443,0,-86.5759,35.9801,1412,4,1,1568271788,1785404521,0
LTE,310,410,8197,39233290,0,-87.7683,36.9073,9189,12,1,1568277386,1773938769,0
LTE,310,410,9101,42344629,0,-85.3701,35.0236,2221,7,1,1568310560,1785397741,0
LTE,310,410,9101,42344630,0,-85.3931,35.0046,1285,8,1,1568310653,1785397801,0
LTE,310,410,8834,43045057,0,-87.2933,36.6115,2166,4,1,1568323397,1773837061,0
LTE,310,410,9108,42265610,0,-85.0973,35.0783,8851,28,1,1568933706,1787513527,0
LTE,310,410,8195,39252169,0,-86.4174,36.9358,1837,50,1,1569805862,1756422242,0
LTE,310,410,8195,39252170,0,-86.4333,36.9069,7288,27,1,1569805942,1756422242,0
LTE,310,410,8195,39260361,0,-86.4928,36.7513,3538,27,1,1569806400,1752558163,0
LTE,310,410,8195,39260362,0,-86.5083,36.7355,1496,50,1,1569806603,1752558133,0
LTE,310,410,8848,41776567,0,-86.7282,36.2854,1466,24,1,1569808288,1752558137,0
LTE,310,410,8840,41753259,0,-86.85,36.1533,3619,26,1,1569809127,1760834643,0
LTE,310,410,8838,41739691,0,-86.8189,36.1636,1000,13,1,1570300144,1761413704,0
LTE,310,410,8838,41886891,0,-86.81,36.1697,1000,12,1,1570300210,1761413704,0
LTE,310,410,8840,41863103,0,-86.7549,36.2397,1000,7,1,1570300638,1760562423,0
LTE,310,410,8848,41751318,0,-86.7138,36.3686,1000,23,1,1570301241,1785408001,0
LTE,310,260,43777,6386181,0,-86.7756,36.2115,1057,25,1,1571365178,1768402682,0
LTE,310,260,32827,16809218,0,-88.817,35.6069,2015,21,1,1572189122,1749353233,0
LTE,310,260,43777,6386180,0,-86.7743,36.2202,6821,25,1,1572196077,1768402682,0
LTE,310,260,43777,6386190,0,-86.7708,36.2177,5578,15,1,1572210408,1763737741,0
LTE,310,260,32827,16826882,0,-88.8464,35.6346,1293,22,1,1572289267,1749353233,0
LTE,310,260,43777,6386191,0,-86.7755,36.2078,3335,26,1,1572303122,1763737682,0
LTE,310,260,43777,6680075,0,-86.5981,36.2052,4298,5,1,1572303580,1766434081,0
LTE,310,260,44027,6960653,0,-86.5242,35.9278,15810,28,1,1572325531,1748277301,0
LTE,310,260,44029,27218181,0,-86.8432,35.9014,10852,13,1,1572396596,1753355347,0
LTE,310,260,44029,7306046,0,-87.2193,36.0219,20800,28,1,1572682812,1781842262,0
LTE,310,260,44029,7973181,0,-87.8537,35.8748,5719,13,1,1572685483,1748151961,0
LTE,310,260,44029,6866189,0,-86.9599,36.0606,5071,31,1,1572885354,1788291483,0
LTE,310,410,8852,43046337,0,-86.5287,36.3204,2228,8,1,1573000492,1766777221,0
LTE,310,410,9101,42343083,0,-85.3157,35.0309,1000,3,1,1573144038,1782928622,0
LTE,310,410,9101,42343084,0,-85.3121,35.0295,1000,3,1,1573144052,1782928681,0
LTE,310,260,44029,6957059,0,-86.7918,35.9207,5514,21,1,1573740254,1767467341,0
LTE,310,260,44029,27218190,0,-86.8336,35.9284,4808,7,1,1573746747,1753355346,0
LTE,310,260,44029,6379327,0,-86.8158,35.9366,3950,13,1,1573746765,1767454504,0
LTE,310,260,44029,6379326,0,-86.8123,35.9487,4220,11,1,1573777831,1767454504,0
LTE,310,410,8839,42267401,0,-85.793,35.1804,5419,19,1,1574224446,1786555741,0
LTE,310,410,8839,42267402,0,-85.7989,35.2175,4340,27,1,1574224596,1786555981,0
LTE,310,410,8837,42593546,0,-85.9223,35.3207,9276,36,1,1574225354,1746858502,0
LTE,310,410,8837,42593544,0,-85.8908,35.2787,4987,11,1,1574309858,1786556462,0
LTE,310,410,8839,42267574,0,-85.8142,35.1949,1714,3,1,1574311981,1782926221,0
LTE,310,410,8837,42593553,0,-85.921,35.3193,3543,23,1,1574929539,1746858501,0
LTE,310,410,8838,41750956,0,-86.7105,36.0991,1000,17,1,1574932985,1785406681,0
LTE,310,410,8838,41750955,0,-86.7233,36.1179,4847,11,1,1574933088,1785406801,0
LTE,310,410,8838,41741484,0,-86.7231,36.1315,3700,10,1,1574933092,1785406861,0
LTE,310,410,8838,41739436,0,-86.6991,36.0829,1240,6,1,1575064618,1785406621,0
LTE,310,410,8838,41739435,0,-86.703,36.09,1000,4,1,1575089018,1773840661,0
LTE,310,410,8838,41729452,0,-86.7449,36.1161,2501,26,1,1575154682,1771888804,0
LTE,310,410,8838,41729451,0,-86.7519,36.1226,962,50,1,1575154844,1771888804,0
LTE,310,410,8833,41749932,0,-86.8056,35.9722,1000,23,1,1575157784,1756422186,0
LTE,310,410,8856,41755564,0,-86.8269,35.8949,7331,31,1,1575159052,1756422185,0
LTE,310,410,8833,43041964,0,-86.8118,35.9541,1308,13,1,1575159263,1756422186,0
LTE,310,410,8833,41761963,0,-86.8092,35.9616,1000,18,1,1575159266,1756422186,0
LTE,310,410,8837,41834667,0,-86.4486,35.8594,1000,22,1,1575221375,1746858494,0
LTE,310,410,8837,41834668,0,-86.4358,35.848,3851,18,1,1575221405,1746858493,0
LTE,310,410,8839,42358025,0,-85.814,35.1912,3226,19,1,1575225615,1782926102,0
LTE,310,260,43003,7078461,0,-86.4854,36.7671,11908,42,1,1575260966,1769129585,0
LTE,310,260,43003,7189822,0,-86.4739,36.8039,4842,27,1,1575260972,1769129585,0
LTE,310,260,43003,9384511,0,-86.5622,36.657,3432,50,1,1575261467,1769129585,0
LTE,310,260,43003,7078462,0,-86.5219,36.7204,8229,32,1,1575262104,1769129585,0
LTE,310,260,44029,27218238,0,-86.843,35.9297,4413,12,1,1575684529,1753355346,0
LTE,310,410,8197,39196425,0,-88.36,36.6904,10684,15,1,1576870302,1773942482,0
LTE,310,410,8197,39195408,0,-88.3274,36.492,13360,2,1,1576894600,1773947281,0
LTE,310,260,44029,27218177,0,-86.8659,35.9341,1825,5,1,1576980033,1753355346,0
LTE,310,410,8705,41240586,0,-88.2345,35.817,13657,37,1,1577927047,1746846362,0
LTE,310,410,8705,41240585,0,-88.1923,35.7844,28764,14,1,1577927186,1746846362,0
LTE,310,410,8705,41240584,0,-88.1758,35.8187,2706,51,1,1577927200,1746846362,0
LTE,310,410,8836,41858314,0,-87.158,36.0347,14978,14,1,1578345392,1752558142,0
LTE,310,260,43003,9384510,0,-86.5314,36.7,4249,28,1,1578401345,1769129585,0
LTE,310,410,8197,40440081,0,-88.3005,36.7254,3760,17,1,1579209589,1773942482,0
LTE,310,410,8197,40681457,0,-88.3082,36.7547,5531,12,1,1579566658,1773942301,0
LTE,310,410,8197,40680977,0,-88.3251,36.7827,2346,8,1,1580611969,1773942121,0
LTE,310,410,8197,39211455,0,-88.3109,36.7633,2649,6,1,1580779192,1773942301,0
LTE,310,410,8197,40440257,0,-88.3067,36.7257,6462,5,1,1580779359,1773942482,0
LTE,310,260,43777,6400270,0,-86.8543,36.1219,1929,37,1,1582837214,1759964282,0
LTE,310,410,8197,40486336,0,-88.6548,37.0458,7534,8,1,1583018125,1779922629,0
LTE,310,410,8197,39198381,0,-88.6766,36.9004,1000,2,1,1583710476,1775556661,0
LTE,310,260,44029,27218182,0,-86.8694,35.9323,9560,15,1,1583942624,1753355346,0
LTE,310,260,44029,6997763,0,-86.8977,36.0814,3397,44,1,1588015599,1767446883,0
LTE,310,260,44029,6866238,0,-86.9158,36.0629,2846,2,1,1589627963,1767446883,0
LTE,310,410,8197,39198125,0,-88.8887,36.703,13563,2,1,1589777122,1779922444,0
LTE,310,410,8856,43004952,0,-86.8523,35.8288,9878,8,1,1590599397,1746858489,0
LTE,310,410,8840,43218455,0,-86.741,36.2509,1000,19,1,1590619223,1756422191,0
LTE,310,410,8840,43218454,0,-86.7373,36.2649,888,50,1,1590619266,1756422191,0
LTE,310,410,8195,40797208,0,-86.1264,37.0545,4040,36,1,1590794921,1756430702,0
LTE,310,410,8195,40797201,0,-86.0996,37.0651,1300,33,1,1590794982,1752558128,0
LTE,310,410,8195,40797194,0,-86.1074,37.0626,4704,28,1,1590795014,1752558128,0
LTE,310,410,8852,42601919,0,-86.6734,36.4881,4550,3,1,1590800562,1785408541,0
LTE,310,410,8846,41745592,0,-87.472,36.8673,1000,2,1,1591969186,1774029541,0
LTE,310,410,8846,43051529,0,-87.4789,36.7639,4926,14,1,1591969536,1782914221,0
LTE,310,410,8834,43111093,0,-87.3741,36.6608,3834,14,1,1591970147,1782916921,0
LTE,310,410,8840,42972438,0,-86.9072,36.3348,1799,7,1,1591971879,1773838741,0
LTE,310,410,8840,43234056,0,-86.8232,36.3088,15899,20,1,1591972064,1782919382,0
LTE,310,410,8838,41828523,0,-86.6896,36.0713,1375,18,1,1591973230,1785406621,0
LTE,310,410,8856,43190039,0,-86.5417,35.9439,4893,8,1,1591973748,1785404461,0
LTE,310,410,8837,41786549,0,-86.4415,35.853,1000,2,1,1591974205,1785403862,0
LTE,310,410,8837,41786540,0,-86.4294,35.8422,1000,11,1,1591974228,1746858494,0
LTE,310,410,8839,42302225,0,-85.8032,35.1776,3860,17,1,1591978603,1782926281,0
LTE,310,410,8839,42302218,0,-85.7912,35.1707,11011,27,1,1591978609,1786555741,0
LTE,310,410,8839,42302217,0,-85.7615,35.1284,3966,27,1,1591978729,1786555381,0
LTE,310,410,8837,41833387,0,-86.3737,35.7831,5805,12,1,1592618252,1758180410,0
LTE,310,410,8832,42587920,0,-86.8724,35.1971,13827,10,1,1593349157,1770129001,0
LTE,310,410,8197,39226392,0,-87.8596,36.9921,13803,4,1,1593369996,1773939061,0
LTE,310,410,8846,41754817,0,-87.6821,36.8458,7881,10,1,1593370713,1773938701,0
LTE,310,410,8846,41754797,0,-87.6911,36.8529,6715,12,1,1593370794,1773937801,0
LTE,310,410,8846,41754796,0,-87.6034,36.7945,4990,7,1,1593371003,1773937501,0
LTE,310,410,8834,43110920,0,-87.402,36.6804,5733,11,1,1593371699,1773936901,0
LTE,310,410,8834,43110921,0,-87.3698,36.6575,3792,11,1,1593371865,1773936849,0
LTE,310,410,8834,43045056,0,-87.2688,36.5837,1000,2,1,1593372235,1773837122,0
LTE,310,410,8840,43234058,0,-86.8441,36.3254,13336,27,1,1593373596,1782919321,0
LTE,310,410,8840,41731521,0,-86.8603,36.3249,2629,28,1,1593373653,1762948505,0
LTE,310,410,8840,41864639,0,-86.8686,36.3281,1000,14,1,1593373657,1762948505,0
LTE,310,410,8840,43145225,0,-86.8772,36.3423,2417,13,1,1593373669,1762948506,0
LTE,310,410,8838,41739179,0,-86.7893,36.1899,2095,10,1,1593374364,1752558138,0
LTE,310,410,8838,42574507,0,-86.793,36.1613,775,31,1,1593374539,1760834701,0
LTE,310,410,8838,42651491,0,-86.7887,36.1556,1090,13,1,1593374696,1772408043,0
LTE,310,410,8838,43251137,0,-86.7862,36.1551,500,25,1,1593378042,1771888806,0
LTE,310,410,8852,41854218,0,-86.1473,36.1796,1452,14,1,1593437902,1779816844,0
LTE,310,410,8852,41854217,0,-86.0994,36.1708,2738,17,1,1593437970,1779816844,0
LTE,310,410,8852,41854381,0,-86.1241,36.1716,5862,30,1,1593993450,1779816844,0
LTE,310,410,8838,43170839,0,-86.7047,36.1483,1648,17,1,1593994936,1772487487,0
LTE,310,410,8840,43234221,0,-86.837,36.3324,4921,27,1,1593995756,1770123121,0
LTE,310,410,8840,43221270,0,-86.8691,36.3244,1000,3,1,1593995860,1773838801,0
LTE,310,410,8840,43242647,0,-87.0357,36.4082,1000,5,1,1593996384,1782918541,0
LTE,310,410,8834,43111105,0,-87.4389,36.6905,2984,7,1,1593999686,1782915002,0
LTE,310,410,8836,41738669,0,-87.1278,36.067,1549,23,1,1595189100,1752558142,0
LTE,310,410,8846,41846701,0,-87.3334,36.022,2128,9,1,1595189729,1779922814,0
LTE,310,410,8846,41735852,0,-87.3648,36.0156,3091,15,1,1595189790,1779922814,0
LTE,310,410,8704,43287489,0,-88.8546,35.6651,1000,6,1,1595196873,1746846304,0
LTE,310,410,8704,41240086,0,-88.9753,35.625,2239,12,1,1595197324,1746846302,0
LTE,310,410,9101,42815497,0,-85.1978,35.007,20947,27,1,1596058082,1787513524,0
LTE,310,410,9101,42343095,0,-85.3367,35.0194,1536,4,1,1596059072,1785397561,0
LTE,310,410,8838,41828534,0,-86.6785,36.0605,4715,7,1,1596067221,1782921302,0
LTE,310,410,8840,43221419,0,-86.8644,36.332,1040,9,1,1596068541,1770123121,0
LTE,310,410,8840,43145240,0,-86.9023,36.3323,1000,2,1,1596068631,1773838681,0
LTE,310,410,8840,42972587,0,-86.9,36.3363,2858,9,1,1596068721,1770123001,0
LTE,310,410,8197,39222288,0,-87.7072,36.8622,1379,5,1,1596071663,1773938221,0
LTE,310,410,8197,39236360,0,-87.7292,36.8741,7003,6,1,1596071723,1773938581,0
LTE,310,410,9108,43052554,0,-85.1831,35.2491,1303,37,1,1596543686,1782329041,0
LTE,310,410,9108,43052552,0,-85.1484,35.2502,5823,47,1,1596543821,1782090913,0
LTE,310,410,9108,43052553,0,-85.1748,35.2344,6465,44,1,1596574892,1782090850,0
LTE,310,410,9101,42815498,0,-85.2076,35.0108,21385,29,1,1596816117,1787513522,0
LTE,310,410,8839,42302401,0,-85.7872,35.1588,5250,22,1,1597100444,1782926341,0
LTE,310,410,8852,41793215,0,-86.2784,36.5064,2157,26,1,1597328907,1778886243,0
LTE,310,410,8840,41864200,0,-86.9923,36.3806,1000,3,1,1597712969,1770122581,0
LTE,310,410,8837,42593560,0,-85.9193,35.3175,8796,27,1,1597718699,1786556641,0
LTE,310,410,8837,42593558,0,-85.8955,35.2877,1880,27,1,1597718851,1782925381,0
LTE,310,260,44029,26377739,0,-86.8968,35.294,2543,50,1,1597744919,1773988383,0
LTE,310,410,8838,41828533,0,-86.6902,36.0707,1000,3,1,1597802286,1773932701,0
LTE,310,410,8840,43234072,0,-86.8699,36.3238,3114,4,1,1598313504,1773838801,0
LTE,310,410,8833,41742252,0,-86.6542,36.042,4613,6,1,1598314885,1785406381,0
LTE,310,410,8837,41786539,0,-86.4332,35.8453,1000,10,1,1598317106,1746858494,0
LTE,310,410,8837,41935277,0,-86.0611,35.4726,3258,27,1,1598318967,1786557301,0
LTE,310,410,8837,41935276,0,-86.0448,35.4465,2456,27,1,1598319028,1786557181,0
LTE,310,260,44029,25624382,0,-88.1437,35.8279,17321,8,1,1598637760,1743505261,0
LTE,310,410,9101,42250925,0,-85.5399,35.0151,6701,17,1,1598664163,1773925801,0
LTE,310,410,8840,43218456,0,-86.7621,36.2647,2462,4,1,1598672433,1762948504,0
LTE,310,410,8846,42585005,0,-87.6968,36.8525,1000,4,1,1598707624,1773938221,0
LTE,310,410,8852,41743295,0,-86.7147,36.4052,10375,8,1,1599886525,1785408181,0
LTE,310,260,43777,6381069,0,-86.8108,36.1573,1927,18,1,1600107496,1788291483,0
LTE,310,260,44029,27218198,0,-86.8388,35.908,1000,2,1,1600124882,1753355345,0
LTE,310,410,8848,43155224,0,-86.7075,36.3046,6464,9,1,1600152671,1785407761,0
LTE,310,410,8840,43142936,0,-86.7642,36.236,9677,27,1,1600186075,1782920221,0
LTE,310,260,43777,6381071,0,-86.7913,36.1616,1093,14,1,1600268843,1761413705,0
LTE,310,260,44029,7043853,0,-86.9878,36.0522,6499,12,1,1600294228,1752532926,0
LTE,310,260,44029,7031053,0,-87.0146,36.0777,5098,34,1,1600294268,1788291483,0
LTE,310,260,44029,7031052,0,-86.9944,36.0736,4495,27,1,1600294483,1788291483,0
LTE,310,260,44029,7031051,0,-86.9863,36.0774,6449,38,1,1600294498,1788291483,0
LTE,310,260,44029,7031101,0,-86.9784,36.0809,2570,18,1,1600463167,1767446882,0
LTE,310,410,8849,42242731,0,-85.3235,35.4112,14428,50,1,1600538503,1747012388,0
LTE,310,410,8849,42269449,0,-85.3984,35.2683,3206,49,1,1601313764,1748327799,0
LTE,310,410,8849,42257674,0,-85.2625,35.3467,2076,51,1,1602723771,1747012387,0
LTE,310,410,8838,42873111,0,-86.7778,36.1303,25650,31,1,1602868826,1760834701,0
LTE,310,410,8833,41778111,0,-86.7915,36.0035,1000,8,1,1603130271,1753355401,0
LTE,310,260,44027,8947726,0,-86.4452,35.8633,7873,17,1,1605539626,1763732761,0
LTE,310,410,8852,41851927,0,-86.48,36.3511,1909,2,1,1606387387,1761004323,0
LTE,310,410,8852,41851400,0,-86.4767,36.3486,1558,3,1,1606441067,1761004324,0
LTE,310,410,8834,41790647,0,-87.3922,36.6574,2699,3,1,1606444546,1773836701,0
LTE,310,410,8195,42918061,0,-87.4147,36.6715,3017,5,1,1606461018,1779922502,0
LTE,310,410,8834,41840138,0,-87.4605,36.6997,5026,7,1,1606716588,1782914462,0
LTE,310,410,8848,43176456,0,-86.7172,36.2928,1227,8,1,1606765364,1762948504,0
LTE,310,410,9101,43223569,0,-85.6148,35.0263,11310,32,1,1608058311,1787513498,0
LTE,310,410,9101,43223745,0,-85.5791,35.0323,10031,50,1,1608058932,1782927001,0
LTE,310,410,8840,43145226,0,-86.9048,36.3337,1134,7,1,1608067506,1782919143,0
LTE,310,410,8834,41830929,0,-87.4518,36.6965,3701,11,1,1608077265,1782915063,0
LTE,310,410,8846,41796624,0,-87.4661,36.7073,2982,8,1,1608077286,1779922502,0
LTE,310,260,43777,6385668,-1,-86.7385,36.1246,5721,50,1,1607171570,1753355402,0
LTE,310,260,43777,6996491,-1,-86.6284,36.1569,7168,28,1,1607171970,1788291484,0
LTE,310,260,44028,8572991,-1,-85.2925,36.1392,5877,38,1,1607176365,1748099822,0
LTE,310,260,44029,6997761,-1,-86.8769,36.0935,4250,50,1,1607293456,1759964282,0
LTE,310,260,44029,6387723,-1,-86.9212,36.1122,5031,27,1,1608475532,1788291483,0
LTE,310,260,43777,6867723,-1,-86.901,36.1308,979,50,1,1608563214,1761413703,0
LTE,310,260,43777,6868237,-1,-86.5904,36.169,13419,27,1,1608814646,1770609421,0
LTE,310,260,43777,6868236,-1,-86.5526,36.1689,10053,27,1,1608814696,1770609361,0
LTE,310,260,44027,6390796,-1,-86.2897,36.2042,16694,50,1,1608845283,1748102761,0
LTE,310,410,8838,43032073,0,-86.7729,36.1175,5445,13,1,1609773277,1756422188,0
LTE,310,260,43777,6996493,0,-86.6479,36.1472,6293,31,1,1611048607,1788291485,0
LTE,310,410,8838,40982396,0,-86.6687,36.1314,1000,6,1,1611169321,1772487488,0
LTE,310,410,8838,43263766,0,-86.6801,36.1357,1645,3,1,1611169527,1753355404,0
LTE,310,410,8838,40982397,0,-86.6702,36.1326,1908,17,1,1611228070,1753355403,0
LTE,310,260,43777,8947216,0,-86.7054,36.0882,6550,29,1,1612307365,1763736661,0
LTE,310,260,44027,6390542,0,-86.4024,35.8172,27094,27,1,1612475122,1763732522,0
LTE,310,410,8838,42806026,0,-86.7477,36.0829,6123,4,1,1612658779,1770124861,0
LTE,310,410,8838,42806024,0,-86.718,36.0809,1000,2,1,1612658943,1770124741,0
LTE,310,410,8838,42806025,0,-86.7087,36.0788,1566,20,1,1612658969,1770124741,0
LTE,310,260,43003,7016511,0,-86.4429,36.8847,5081,50,1,1613413930,1769129584,0
LTE,310,260,44028,8558653,-1,-85.3125,36.1373,6681,50,1,1611936161,1781807113,0
LTE,310,260,43777,6388485,0,-86.7158,36.0454,1000,12,1,1613928975,1767454503,0
LTE,310,410,8705,43296522,0,-88.6203,35.7216,3957,38,1,1614192264,1746846306,0
LTE,310,260,43777,6388484,0,-86.7084,36.0686,7440,22,1,1614205561,1767454503,0
LTE,310,260,43777,6388486,0,-86.7636,36.044,4157,13,1,1614361120,1767454502,0
LTE,310,260,44029,9930756,0,-86.8019,35.9814,3595,29,1,1614526743,1767478142,0
LTE,310,260,44029,9930757,0,-86.8094,35.9623,1754,40,1,1614526871,1767478142,0
LTE,310,260,44029,6870283,0,-86.8607,35.7889,3836,18,1,1614527411,1773965944,0
LTE,310,410,8838,41741483,0,-86.7087,36.1425,1000,18,1,1614637380,1753355403,0
LTE,310,260,44029,27218191,0,-86.8461,35.896,4011,8,1,1614788004,1753355347,0
LTE,310,260,44029,9930763,0,-86.7958,35.9948,5480,19,1,1614793433,1773965945,0
LTE,310,260,44029,9930766,0,-86.8031,35.9794,3640,22,1,1614793444,1773965945,0
LTE,310,410,8840,43015432,0,-86.8995,36.1325,2589,32,1,1614822076,1761413703,0
LTE,310,410,8840,43015595,0,-86.9042,36.1306,1981,25,1,1614824683,1760668563,0
LTE,310,260,43777,6381060,0,-86.7837,36.1936,3446,28,1,1614953701,1767442805,0
LTE,310,260,44029,7043901,0,-86.9337,36.0638,6836,11,1,1615049557,1767442808,0
LTE,310,260,44029,6870541,0,-86.929,35.9475,7425,5,1,1615992085,1752532928,0
LTE,310,260,44029,27218189,0,-86.8756,35.914,2961,9,1,1615998067,1753355346,0
LTE,310,260,44029,9930764,0,-86.8057,35.9723,4034,20,1,1616004764,1773965945,0
LTE,310,410,8832,41840393,-1,-86.8812,35.3701,6345,27,1,1614514768,1770128461,0
LTE,310,410,8832,41840392,-1,-86.8861,35.4572,8042,29,1,1614514888,1770128221,0
LTE,310,410,8832,41734665,-1,-86.9023,35.5891,5356,29,1,1614515428,1770127685,0
LTE,310,410,8832,41771947,-1,-86.879,35.7151,4254,27,1,1614516308,1770126961,0
LTE,310,410,8856,41755563,-1,-86.819,35.9272,869,27,1,1614518868,1770126121,0
LTE,310,410,8833,43041967,-1,-86.8166,35.9401,1275,23,1,1614518888,1756422186,0
LTE,310,410,8838,42873110,-1,-86.7727,36.1493,859,40,1,1614519739,1756422189,0
LTE,310,410,8840,43143085,-1,-86.7634,36.2356,1000,23,1,1614520229,1786563481,0
LTE,310,410,8840,41743531,-1,-86.7554,36.2444,3335,22,1,1614520279,1786563542,0
LTE,310,410,8840,43218441,-1,-86.7402,36.2523,759,40,1,1614520339,1762349102,0
LTE,310,410,8840,43218603,-1,-86.7339,36.2733,2598,27,1,1614520389,1785407581,0
LTE,310,410,8848,43176621,-1,-86.7296,36.2831,1124,24,1,1614520479,1786563661,0
LTE,310,410,8848,43056533,-1,-86.7046,36.305,1000,13,1,1614520619,1762109764,0
LTE,310,410,8848,43008265,-1,-86.7047,36.3058,617,29,1,1614520639,1762948504,0
LTE,310,410,8848,43155210,-1,-86.6977,36.3065,1199,32,1,1614520649,1762948504,0
LTE,310,410,8848,41772992,-1,-86.6784,36.3071,1269,5,1,1614522549,1760388843,0
LTE,310,410,8852,42818477,-1,-86.6029,36.5877,3503,27,1,1614524680,1756422221,0
LTE,310,410,8852,41769901,-1,-86.5857,36.6061,3214,50,1,1614524800,1756422196,0
LTE,310,410,8852,42818476,-1,-86.588,36.601,783,50,1,1614524840,1756422195,0
LTE,310,410,8852,41769899,-1,-86.574,36.6297,1002,50,1,1614524950,1756422196,0
LTE,310,410,8852,43049877,-1,-86.573,36.6334,2464,27,1,1614525000,1786565641,0
LTE,310,410,8195,39261333,-1,-86.0642,37.0867,3809,27,1,1614527640,1756430703,0
LTE,310,410,8704,41240246,0,-88.9795,35.6205,7092,22,1,1616947249,1752558196,0
LTE,310,260,43777,6994444,-1,-86.8777,36.138,5184,35,1,1615663263,1759964282,0
LTE,310,260,43777,6994445,-1,-86.8902,36.137,8434,28,1,1615664284,1770610562,0
LTE,310,260,43777,6994443,-1,-86.8809,36.1491,6948,33,1,1615664540,1761413703,0
LTE,310,260,44029,6387724,-1,-86.9439,36.0861,11337,30,1,1616778922,1788291483,0
LTE,310,260,44029,6387774,-1,-86.9567,36.0604,1637,2,1,1616786030,1767442808,0
LTE,310,410,8704,41269931,0,-88.8663,35.6601,1177,21,1,1617283117,1752558195,0
LTE,310,410,8704,41239467,0,-88.8362,35.669,1678,29,1,1617287720,1752558194,0
LTE,310,410,8197,39222444,0,-87.6898,36.8512,2128,4,1,1617650199,1773938041,0
LTE,310,410,8846,43051692,0,-87.4951,36.7417,5978,7,1,1617651051,1774028702,0
LTE,310,410,8840,41731519,0,-86.8204,36.3077,1376,9,1,1617657368,1762948505,0
LTE,310,410,8840,41743532,0,-86.7355,36.238,1792,15,1,1617657959,1762349103,0
LTE,310,410,8840,42951341,0,-86.7246,36.2352,1000,5,1,1617658011,1760562423,0
LTE,310,410,8840,43170057,0,-86.7207,36.244,1338,9,1,1617658069,1762349102,0
LTE,310,410,8856,43036592,0,-86.5758,35.9763,6733,8,1,1617659990,1773841021,0
LTE,310,410,8837,41786816,0,-86.3128,35.7119,2353,9,1,1617661154,1786558561,0
LTE,310,410,8837,41762753,0,-86.285,35.6763,1000,6,1,1617661333,1786558441,0
LTE,310,410,8837,41762751,0,-86.2672,35.6585,1000,8,1,1617661401,1786558399,0
LTE,310,410,8837,41942444,0,-86.2195,35.5667,2217,14,1,1617661706,1746858497,0
LTE,310,410,8837,41935020,0,-86.1019,35.5068,9848,25,1,1617662024,1786557481,0
LTE,310,410,8839,42830600,0,-85.7144,35.0596,6452,27,1,1617664398,1786555201,0
LTE,310,260,43777,6627086,0,-86.6235,36.0169,3922,5,1,1617675497,1764351181,0
LTE,310,260,44027,8104459,0,-86.3305,36.1833,7860,17,1,1617848226,1788291485,0
LTE,310,410,9101,42815660,0,-85.2085,35.0011,2007,5,1,1618067253,1785396961,0
LTE,310,410,8839,42241983,0,-85.6733,35.0547,12832,9,1,1618069947,1786555141,0
LTE,310,410,8839,42302400,0,-85.7655,35.1332,4142,24,1,1618070156,1782926461,0
LTE,310,410,8837,41935021,0,-86.1892,35.549,5982,26,1,1618072803,1786557841,0
LTE,310,410,8840,43125775,0,-86.7872,36.2576,1000,3,1,1618076786,1770123481,0
LTE,310,260,43777,6383118,0,-86.7552,36.1557,6289,22,1,1618491559,1781812261,0
LTE,310,260,43777,6383117,0,-86.7601,36.1633,5344,6,1,1618491582,1781812082,0
LTE,310,260,43777,6383116,0,-86.7525,36.1738,5021,3,1,1618491612,1781811961,0
LTE,310,260,43777,8947213,0,-86.7007,36.0857,3218,12,1,1618491961,1763736602,0
LTE,310,410,8838,43196695,0,-86.7554,36.1324,1489,14,1,1618502001,1772487482,0
LTE,310,410,8852,41928200,0,-86.038,36.5257,1164,13,1,1618634051,1778622183,0
LTE,310,260,44027,9290765,0,-86.4232,35.8359,8048,9,1,1618844778,1763732642,0
LTE,310,260,44029,9930767,0,-86.8106,35.9578,3045,24,1,1618930707,1773965945,0
LTE,310,410,8705,41248534,0,-88.5726,35.7419,5634,20,1,1619031056,1746846307,0
LTE,310,410,8840,41865366,0,-86.9261,36.3591,6602,4,1,1619375990,1762948506,0
LTE,310,410,8840,43218605,0,-86.7691,36.2699,2567,19,1,1619376812,1770123541,0
LTE,310,260,44027,9290764,0,-86.3677,35.8253,4336,5,1,1619396774,1752468328,0
LTE,310,410,8838,43170825,0,-86.7081,36.1421,2683,30,1,1619499747,1753355402,0
LTE,310,410,8852,41854144,0,-86.1989,36.1935,1000,10,1,1619879159,1779816844,0
LTE,310,410,8195,39251647,0,-86.4647,36.8368,1708,12,1,1619891478,1756422198,0
LTE,310,410,8852,42601920,0,-86.6838,36.4636,2166,6,1,1619894479,1785408421,0
LTE,310,410,8852,41852609,0,-86.7096,36.4317,1066,3,1,1619894660,1785408301,0
LTE,310,410,8852,41743297,0,-86.7205,36.4036,1481,11,1,1619894779,1785408241,0
LTE,310,410,8852,41743296,0,-86.7158,36.3901,1000,3,1,1619894839,1785408121,0
LTE,310,410,8848,43176458,0,-86.7322,36.2804,1061,35,1,1619895320,1762948504,0
LTE,310,410,8840,43015596,0,-86.9219,36.1311,1525,15,1,1619896340,1760668563,0
LTE,310,410,8846,41767083,0,-88.0582,35.8555,3265,27,1,1619901202,1752558188,0
LTE,310,410,8846,41767084,0,-88.0891,35.8387,1950,27,1,1619901383,1774001761,0
LTE,310,410,8846,41767085,0,-88.1393,35.8188,13367,27,1,1619901443,1777035361,0
LTE,310,410,8705,41248683,0,-88.5855,35.7334,15590,25,1,1619903003,1752558192,0
LTE,310,410,8705,43296685,0,-88.645,35.7148,6292,24,1,1619903128,1752558193,0
LTE,310,410,8704,41332907,0,-88.7853,35.6782,1709,15,1,1619904084,1752558194,0
LTE,310,410,8704,41332908,0,-88.8095,35.6742,1000,16,1,1619904144,1752558194,0
LTE,310,410,8704,41269932,0,-88.8803,35.6546,1632,27,1,1619904564,1752558195,0
LTE,310,410,8704,41240235,0,-88.9678,35.6368,5204,37,1,1619904984,1752558195,0
LTE,310,410,9108,42356233,0,-85.0299,35.1265,1000,4,1,1620070360,1776956408,0
LTE,310,410,9108,43124929,0,-85.0632,35.0882,1000,8,1,1620070524,1779922811,0
LTE,310,410,9101,42303679,0,-85.1926,35.0103,1004,14,1,1620070983,1787513524,0
LTE,310,410,9101,42815496,0,-85.1862,35.0149,19573,32,1,1620071035,1787513524,0
LTE,310,410,9101,42343596,0,-85.2927,35.0186,1000,4,1,1620071532,1782928801,0
LTE,310,410,9101,42343597,0,-85.3046,35.0267,1036,6,1,1620071547,1782928681,0
LTE,310,410,9101,42343448,0,-85.3162,35.0272,3049,4,1,1620071581,1773852181,0
LTE,310,410,8839,42830763,0,-85.6507,35.0526,9489,7,1,1620073246,1773926581,0
LTE,310,410,8840,43125951,0,-86.7618,36.2458,2626,8,1,1620078945,1760562423,0
LTE,310,410,8834,42828049,0,-87.4445,36.6683,1000,2,1,1620083780,1774028401,0
LTE,310,410,8834,41804203,0,-87.4446,36.6701,1357,9,1,1620084153,1779922814,0
LTE,310,410,8846,41733056,0,-87.472,36.9069,2373,3,1,1620086491,1773835141,0
LTE,310,410,8846,41733055,0,-87.4685,36.948,2564,3,1,1620086532,1773834842,0
LTE,310,410,8846,42616768,0,-87.4675,36.9535,1125,2,1,1620086589,1773834841,0
LTE,310,410,8846,42616767,0,-87.4652,36.9836,1686,2,1,1620086665,1773834661,0
LTE,310,260,43003,7016509,0,-86.4203,36.9362,2380,20,1,1620989446,1769129584,0
LTE,310,410,8852,43049921,0,-86.5839,36.6056,1000,7,1,1621296632,1752558134,0
LTE,310,410,8852,41845696,0,-86.5919,36.598,1000,22,1,1621296736,1752558134,0
LTE,310,410,8852,42818314,0,-86.6183,36.5693,3653,40,1,1621296844,1752558135,0
LTE,310,410,8848,41772993,0,-86.6945,36.3067,1000,5,1,1621298136,1760562423,0
LTE,310,410,8848,41772991,0,-86.6741,36.3118,1397,7,1,1621298353,1762349103,0
LTE,310,410,8848,43155208,0,-86.6702,36.3127,1811,50,1,1621300282,1762948509,0
LTE,310,410,8848,43176472,0,-86.7302,36.2828,1432,50,1,1621300648,1756422191,0
LTE,310,410,8840,43142934,0,-86.7514,36.241,570,42,1,1621300859,1756422190,0
LTE,310,410,8836,41770413,0,-87.0533,36.0853,1715,34,1,1621357283,1752558141,0
LTE,310,410,8836,41738667,0,-87.0852,36.0858,2630,37,1,1621357344,1752558141,0
LTE,310,410,8846,41735851,0,-87.3547,36.0192,2144,24,1,1621358266,1779922814,0
LTE,310,410,8846,41847816,0,-87.6077,35.9157,1657,27,1,1621359105,1779922447,0
LTE,310,410,8846,41847817,0,-87.6525,35.8981,11082,31,1,1621359211,1779922813,0
LTE,310,410,8846,41848000,0,-87.6346,35.8979,1669,6,1,1621359266,1779922813,0
LTE,310,260,43777,6871870,0,-86.7006,36.3008,1000,2,1,1621452789,1769129587,0
LTE,310,260,43777,6386494,0,-86.6971,36.1868,6965,14,1,1621453487,1773965945,0
LTE,310,260,43777,9291011,0,-86.5992,36.0327,1000,2,1,1623607867,1754541050,0
LTE,310,260,43777,6384141,0,-86.7203,36.109,8509,27,1,1624638559,1763736782,0
LTE,310,260,44029,25624381,-1,-88.0234,35.8701,2027,22,1,1624734516,1748152502,0
LTE,310,260,44029,7214594,-1,-87.3647,36.016,7849,27,1,1624736726,1770612301,0
LTE,310,260,43777,6382860,-1,-86.7509,36.1936,1000,13,1,1624653170,1773965946,0
LTE,310,260,44028,8546305,-1,-85.5909,36.1262,20271,40,1,1624792167,1788291488,0
LTE,310,410,8846,42880520,0,-88.3313,36.309,2070,2,1,1625326858,1773948065,0
LTE,310,260,44029,26814219,0,-87.3287,35.9901,3339,2,1,1625674840,1773639698,0
LTE,310,410,8837,41938967,0,-85.9638,35.3654,5033,20,1,1626450069,1746858501,0
LTE,310,410,8847,41801992,0,-87.2277,36.5231,7111,25,1,1626538923,1782917881,0
LTE,310,410,8832,42941450,-1,-86.8851,35.2782,10254,26,1,1626266272,1770160681,0
LTE,310,410,8832,42941448,-1,-86.88,35.3255,5709,27,1,1626266372,1770128521,0
LTE,310,410,8832,41840841,-1,-86.881,35.3237,13114,27,1,1626268262,1779922441,0
LTE,310,410,8840,43142920,-1,-86.7527,36.2407,1000,21,1,1626272432,1762349102,0
LTE,310,410,8852,43132588,-1,-86.7085,36.433,1861,28,1,1626273412,1756422194,0
LTE,310,410,8852,43049879,-1,-86.5919,36.6,2497,33,1,1626274027,1786565641,0
LTE,310,410,8195,39261199,-1,-86.0673,37.0856,5258,31,1,1626276732,1756430703,0
LTE,310,260,44029,7043842,-1,-87.001,36.0296,1797,28,1,1625824919,1752532927,0
LTE,310,410,8833,41729964,0,-86.6199,36.0156,3939,10,1,1626858231,1785405361,0
LTE,310,410,8837,41939117,0,-86.0149,35.4158,3943,27,1,1626861986,1786557061,0
LTE,310,410,8837,41939116,0,-85.9647,35.366,7286,27,1,1626862170,1786556761,0
LTE,310,260,44028,8573186,-1,-85.439,36.1388,4691,50,1,1627469676,1788291489,0
LTE,310,260,44028,8573187,-1,-85.4111,36.1463,2013,11,1,1627469728,1781807581,0
LTE,310,260,44028,8573197,-1,-85.416,36.1448,22056,27,1,1627469746,1788291489,0
LTE,310,260,44028,8573205,-1,-85.3939,36.1441,2297,31,1,1627469766,1788291489,0
LTE,310,260,44028,8573245,-1,-85.3943,36.1431,1515,17,1,1627469796,1746473221,0
LTE,310,260,44028,8573185,-1,-85.388,36.1439,6848,27,1,1627469816,1781807462,0
LTE,310,260,44028,8573206,-1,-85.4199,36.1424,7234,7,1,1627477177,1746824883,0
LTE,310,260,30499,42882829,0,-85.5493,35.0184,13679,46,1,1627754124,1787513532,0
LTE,310,260,30499,42882819,0,-85.5423,35.0166,1614,50,1,1627754652,1787513531,0
LTE,310,260,30499,42882839,0,-85.5254,35.0046,5736,50,1,1627754657,1787513532,0
LTE,310,410,8848,42855946,0,-86.6219,36.306,2279,13,1,1627936666,1762948509,0
LTE,310,410,8848,42855945,0,-86.6064,36.3078,1127,23,1,1627936876,1760388843,0
LTE,310,410,8848,42855944,0,-86.5964,36.3206,2883,29,1,1627937048,1762349102,0
LTE,310,410,8848,42679843,0,-86.5992,36.3204,1525,20,1,1627937116,1760302381,0
LTE,310,410,8848,42856117,0,-86.5908,36.3289,1149,20,1,1627937201,1762109764,0
LTE,310,410,8848,42996118,0,-86.634,36.3027,1000,12,1,1627955194,1760388843,0
LTE,310,410,8833,43033622,0,-86.7689,36.0732,2105,12,1,1629460007,1770125464,0
LTE,310,410,8833,43033608,0,-86.7683,36.0729,1096,26,1,1629460055,1756422188,0
LTE,310,410,8838,41770668,0,-86.6909,36.1435,1015,20,1,1629494547,1772487488,0
LTE,310,410,8838,43032236,0,-86.7717,36.1128,1000,4,1,1629495070,1753355402,0
LTE,310,410,8838,41738412,0,-86.7595,36.0843,1464,5,1,1629495329,1753355402,0
LTE,310,410,8856,41856940,0,-86.8437,35.8147,2176,51,1,1629497675,1756422185,0
LTE,310,260,44028,8546306,0,-85.658,36.1346,14200,24,1,1629497803,1747744501,0
LTE,310,410,8856,42605320,0,-86.869,35.7614,3500,9,1,1629498453,1770126842,0
LTE,310,410,8838,42873260,0,-86.7759,36.1388,2679,42,1,1629718688,1771888805,0
LTE,310,410,8833,43033624,0,-86.7722,36.0614,1000,2,1,1629928368,1770125581,0
LTE,310,260,43777,6382348,-1,-86.8125,36.1449,1240,50,1,1629545480,1759890421,0
LTE,310,260,43777,6382347,-1,-86.8203,36.1589,6331,29,1,1629654448,1788291483,0
LTE,310,260,43777,6382349,-1,-86.8383,36.1506,4509,21,1,1629658108,1768665301,0
LTE,310,260,43777,6384140,0,-86.6613,36.0502,4645,3,1,1630033375,1763736542,0
LTE,310,410,8838,41738411,0,-86.759,36.0888,1706,5,1,1630099756,1753355402,0
LTE,310,410,8838,41751979,0,-86.8024,36.1715,1000,14,1,1630689157,1760834643,0
LTE,310,410,8838,41861035,0,-86.8266,36.1553,1000,6,1,1630689280,1760834643,0
LTE,310,410,8840,41753261,0,-86.8637,36.1496,1000,21,1,1630689383,1786249840,0
LTE,310,410,8704,41265579,0,-88.6757,35.7039,7598,10,1,1630698224,1752558193,0
LTE,310,410,8704,41301932,0,-88.9207,35.6415,995,32,1,1630698916,1752558195,0
LTE,310,410,8704,43349777,0,-88.9702,35.6587,3489,19,1,1630698984,1752558195,0
LTE,310,410,8846,43256584,0,-87.463,36.9952,2850,12,1,1630510377,1782912901,0
LTE,310,410,8856,41856939,0,-86.8336,35.8341,3765,12,1,1631142360,1756422185,0
LTE,310,410,8840,43069704,0,-86.7847,36.251,1000,3,1,1631498684,1773933901,0
LTE,310,410,8840,43125909,0,-86.7517,36.2424,1000,3,1,1631498881,1762109764,0
LTE,310,410,8840,42951178,0,-86.7256,36.2355,1000,10,1,1631498992,1762349102,0
LTE,310,410,8837,42623752,0,-86.3789,35.7938,1155,3,1,1631501272,1782922741,0
LTE,310,410,9101,42250935,0,-85.5619,35.0146,13003,5,1,1631505552,1786555081,0
LTE,310,410,8838,41729453,0,-86.7632,36.1209,1000,4,1,1632262562,1753355402,0
LTE,310,410,8838,41749421,0,-86.6779,36.1417,1131,15,1,1632338672,1772487488,0
LTE,310,410,8856,43023881,0,-86.8424,35.9082,2006,9,1,1633114220,1753355347,0
LTE,310,410,8856,41859245,0,-86.722,35.834,3518,9,1,1633794442,1746858490,0
LTE,310,410,8856,43105545,0,-86.8785,35.896,4473,49,1,1633907565,1753355347,0
LTE,310,410,8856,43105708,0,-86.8787,35.9,1000,12,1,1633907758,1753355346,0
LTE,310,260,44029,7214595,-1,-87.3847,36.0099,5182,25,1,1633947232,1770612361,0
LTE,310,260,43777,6384139,0,-86.7232,36.1148,5327,14,1,1633985395,1764350704,0
LTE,310,260,44027,27765772,0,-86.3734,35.7871,4086,23,1,1633987084,1763732342,0
LTE,310,410,8838,41860779,0,-86.7713,36.1294,5091,20,1,1634035491,1772487484,0
LTE,310,410,8846,41757623,0,-87.4759,36.8182,1558,4,1,1634038975,1774029181,0
LTE,310,410,8846,43256748,0,-87.4659,36.9431,5787,5,1,1634039422,1779922502,0
LTE,310,410,8846,42616591,0,-87.4625,37.0028,1000,3,1,1634039663,1773834661,0
LTE,310,410,8838,43025168,0,-86.7633,36.1628,1440,15,1,1634696979,1773933481,0
LTE,310,410,8838,43019023,0,-86.7868,36.1901,1057,17,1,1634697078,1752558139,0
LTE,310,410,8840,42982927,0,-86.7762,36.2251,3373,7,1,1634697244,1773933781,0
LTE,310,410,8840,41728693,0,-86.7746,36.2289,4163,15,1,1634697418,1773839281,0
LTE,310,410,8840,43103681,0,-86.8112,36.2956,1000,2,1,1635281764,1770123368,0
LTE,310,410,8840,43103679,0,-86.801,36.278,1000,2,1,1635281857,1770123422,0
LTE,310,410,8840,43103680,0,-86.7978,36.2744,1000,2,1,1635281885,1770123422,0
LTE,310,410,8838,43016383,0,-86.6878,36.128,1000,2,1,1635282961,1753355404,0
LTE,310,410,8837,42956693,0,-86.3884,35.8047,1000,2,1,1635285228,1773931141,0
LTE,310,410,8837,41939115,0,-86.0041,35.4054,1631,23,1,1635287209,1786557061,0
LTE,310,410,8832,41840843,-1,-86.8853,35.2724,7443,27,1,1634746348,1770160981,0
LTE,310,410,8832,41734828,-1,-86.8991,35.5477,13980,50,1,1634747178,1756422182,0
LTE,310,410,8832,43215275,-1,-86.9021,35.5316,1000,7,1,1634747308,1770127741,0
LTE,310,410,8833,43033610,-1,-86.7737,36.0577,904,42,1,1634749428,1756422188,0
LTE,310,410,8838,43140758,-1,-86.7735,36.1179,1000,18,1,1634749714,1756422188,0
LTE,310,410,8838,43140757,-1,-86.7726,36.1254,1000,14,1,1634749774,1756422188,0
LTE,310,410,8838,42873259,-1,-86.7771,36.1489,1944,23,1,1634750096,1772487486,0
LTE,310,410,8838,41860012,-1,-86.7704,36.1507,1000,24,1,1634750168,1772487486,0
LTE,310,410,8838,41745325,-1,-86.7673,36.1697,1072,23,1,1634750388,1785407101,0
LTE,310,410,8840,42983104,-1,-86.7752,36.215,1000,22,1,1634750671,1752558138,0
LTE,310,410,8840,41728683,-1,-86.7739,36.2246,2940,22,1,1634750686,1785407341,0
LTE,310,410,8840,43218440,-1,-86.7394,36.2666,995,27,1,1634751095,1762948504,0
LTE,310,410,8848,41751468,-1,-86.7178,36.3484,1473,25,1,1634751708,1786564381,0
LTE,310,410,8195,40364554,-1,-86.4723,36.8074,2942,24,1,1634753956,1786566604,0
LTE,310,410,8852,42818312,-1,-86.5696,36.6439,1223,32,1,1635621540,1756422196,0
LTE,310,410,8852,43132587,-1,-86.6988,36.4467,1061,39,1,1635622449,1756422194,0
LTE,310,410,8848,41751467,-1,-86.7195,36.3582,1000,16,1,1635622792,1786564502,0
LTE,310,410,8848,43176631,-1,-86.7358,36.2734,1000,21,1,1635623162,1752558137,0
LTE,310,410,8840,43218613,-1,-86.7382,36.2609,1088,26,1,1635623182,1752558138,0
LTE,310,410,8840,43218614,-1,-86.7448,36.247,921,32,1,1635623242,1752558138,0
LTE,310,410,8838,42873271,-1,-86.7827,36.1505,1000,24,1,1635623788,1771888801,0
LTE,310,410,8832,41771948,-1,-86.8898,35.6733,2032,50,1,1635625642,1756422183,0
LTE,310,410,8832,41734827,-1,-86.8933,35.6493,1000,12,1,1635625762,1756422183,0
LTE,310,260,43777,6866957,0,-86.6282,36.2932,6133,12,1,1637260849,1763991601,0
LTE,310,260,44027,29646859,0,-86.0701,35.4757,21935,11,1,1638226986,1763731021,0
LTE,310,260,44027,29645836,0,-86.4811,35.8854,8755,28,1,1638228961,1756756862,0
LTE,310,410,8846,41847980,0,-87.6521,35.8902,1976,23,1,1639937253,1752558184,0
LTE,310,410,8836,41767350,0,-87.2364,35.9799,2669,7,1,1639938724,1746858484,0
LTE,310,410,8856,42557101,0,-87.0569,35.829,2213,17,1,1639939320,1746858487,0
LTE,310,410,8856,42556936,0,-87.0361,35.8202,2192,28,1,1639939530,1746858487,0
LTE,310,410,8856,41800456,0,-86.9319,35.8226,2092,22,1,1639939690,1746858488,0
LTE,310,410,8856,41755565,0,-86.8285,35.9232,1071,10,1,1640001066,1770126181,0
LTE,310,410,8838,41767960,0,-86.7497,36.0659,1969,4,1,1640001629,1770124981,0
LTE,310,410,8838,43029441,0,-86.6749,36.1383,1565,19,1,1640034545,1772487488,0
LTE,310,260,44029,9163531,0,-86.863,35.7677,8098,46,1,1640219358,1773965944,0
LTE,310,260,44029,8105227,0,-86.8648,35.7682,1971,27,1,1640219389,1773965944,0
LTE,310,260,44029,29516545,0,-86.8868,35.4662,2545,50,1,1640220735,1773988382,0
LTE,310,260,44029,29516555,0,-86.8921,35.4898,5895,32,1,1640220796,1773965943,0
LTE,310,260,44029,29516557,0,-86.8802,35.4313,6537,28,1,1640220826,1773965942,0
LTE,310,260,44029,8105229,0,-86.8967,35.7372,9824,50,1,1640534071,1773965944,0
LTE,310,410,8846,41795338,0,-87.4269,36.8735,4960,3,1,1640537968,1782913381,0
LTE,310,410,8846,43147023,0,-87.459,36.8733,2849,3,1,1640538096,1773835201,0
LTE,310,410,8837,42958864,0,-86.4635,35.8727,4265,24,1,1640729202,1746858493,0
LTE,310,410,8833,41866519,0,-86.6128,36.0101,6044,5,1,1640729802,1786561501,0
LTE,310,410,8833,43009942,0,-86.6118,36.0088,5877,3,1,1640729864,1786561381,0
LTE,310,410,8833,41742253,0,-86.6759,36.0572,3842,4,1,1640730102,1785406501,0
LTE,310,410,8838,41860011,0,-86.7667,36.1581,1000,20,1,1640825507,1772487485,0
LTE,310,410,8838,41732780,0,-86.7969,36.1437,1000,2,1,1640883667,1760381641,0
LTE,310,410,8838,43250960,0,-86.7822,36.1547,1259,8,1,1640883852,1772487486,0
LTE,310,410,8838,42617103,0,-86.7785,36.1514,1000,4,1,1640883891,1772487486,0
LTE,310,410,8838,43005967,0,-86.7582,36.1538,1000,3,1,1640883962,1773933421,0
LTE,310,410,8838,41745324,0,-86.7644,36.1655,500,26,1,1640884043,1785407101,0
LTE,310,410,8838,43222422,0,-86.7436,36.1471,1000,3,1,1640884411,1773933301,0
LTE,310,410,8833,42984086,0,-86.7849,36.0246,5344,50,1,1641297474,1756422187,0
LTE,310,410,8838,43005333,0,-86.7279,36.1219,1376,3,1,1641338532,1786562461,0
LTE,310,410,8838,43214271,0,-86.7504,36.1221,1382,6,1,1641338574,1753355402,0
LTE,310,260,43777,6383375,0,-86.7238,36.1242,5444,10,1,1642458185,1764350824,0
LTE,310,260,43777,7033355,0,-86.7891,36.2613,2812,18,1,1642685174,1763737921,0
LTE,310,260,43777,6383366,0,-86.7304,36.1404,3427,34,1,1642685774,1788291484,0
LTE,310,260,44027,29518093,0,-86.1968,35.5543,3224,27,1,1642688331,1763731382,0
LTE,310,260,30499,222938882,0,-85.1845,35.0135,3787,39,1,1643330078,1787513543,0
LTE,310,260,44027,9530637,0,-86.4118,36.1832,9608,27,1,1643412272,1770608884,0
LTE,310,260,44027,7043597,0,-86.3844,36.1377,6317,26,1,1643412395,1756756021,0
LTE,310,260,44027,6874124,0,-86.4442,35.9327,6052,2,1,1643413656,1748278141,0
LTE,310,260,44027,29645835,0,-86.4674,35.8937,3564,3,1,1643413725,1756756862,0
LTE,310,260,44027,29518092,0,-86.1582,35.5333,5746,35,1,1643415416,1763731322,0
LTE,310,260,43777,6383374,0,-86.7178,36.1428,4740,8,1,1643553463,1781811781,0
LTE,310,260,43777,6383371,0,-86.7462,36.1502,7416,3,1,1643553512,1781811901,0
LTE,310,260,43777,6383376,0,-86.7382,36.1462,9381,12,1,1643553529,1781811901,0
LTE,310,260,43777,6383373,0,-86.728,36.1357,5551,13,1,1643553547,1763736961,0
LTE,310,260,30499,222218242,0,-85.1204,35.0657,20962,21,1,1643671055,1787513546,0
LTE,310,260,30499,222218241,0,-85.1177,35.0705,1082,50,1,1643671063,1787513546,0
LTE,310,260,43777,26993667,0,-86.7536,36.2734,6785,8,1,1644609438,1765159322,0
LTE,310,260,43777,26993675,0,-86.7485,36.2924,4901,2,1,1644609619,1765159322,0
LTE,310,260,43777,26993665,0,-86.7566,36.2818,6239,4,1,1644609627,1765159322,0
LTE,310,260,43777,26993685,0,-86.7603,36.2733,1631,2,1,1644609680,1765159322,0
LTE,310,410,9108,42265771,0,-85.0905,35.0845,1997,2,1,1644629835,1782966578,0
LTE,310,410,8846,43037457,0,-87.4736,36.8265,1000,3,1,1644952465,1773835327,0
LTE,310,260,44027,29645837,0,-86.4897,35.8968,17041,27,1,1645119053,1763732881,0
LTE,310,260,43777,7033357,0,-86.8063,36.2878,6128,45,1,1645121282,1764349983,0
LTE,310,260,43003,30295820,0,-88.61,37.0244,1755,50,1,1645128067,1764344405,0
LTE,310,410,8846,43147024,0,-87.4705,36.836,1000,2,1,1645203552,1773835327,0
LTE,310,260,44029,7656973,0,-86.9522,35.9537,23748,21,1,1645207022,1752532928,0
LTE,310,410,8197,39212296,0,-88.3535,36.8766,1990,3,1,1645929733,1773941464,0
LTE,310,260,44027,31272461,0,-86.2956,35.6901,9894,27,1,1646677773,1763731922,0
LTE,310,260,43003,30295841,0,-88.6449,37.045,1000,2,1,1646689046,1763747642,0
LTE,310,260,44027,31272460,0,-86.2801,35.6696,9682,27,1,1646963324,1763731861,0
LTE,310,260,44027,6789389,0,-86.383,35.7995,1364,38,1,1647518711,1763732521,0
LTE,310,410,8197,39212298,0,-88.3796,36.8518,4026,2,1,1647814356,1773941701,0
LTE,310,260,43003,30295840,0,-88.5994,37.0177,1390,2,1,1648683257,1763747465,0
LTE,310,410,8846,43256585,0,-87.4682,36.9487,8852,5,1,1648776220,1782913081,0
LTE,310,410,8848,43054017,-1,-86.6997,36.2326,1000,6,1,1646677504,1760562423,0
LTE,310,260,43907,30292225,0,-87.2887,36.5631,3374,12,1,1650490425,1765159322,0
LTE,310,410,8849,42271413,0,-85.3474,35.3607,4406,32,1,1650498635,1747012388,0
LTE,310,410,8849,42257672,0,-85.2175,35.343,2206,27,1,1650498935,1747012386,0
LTE,310,410,9093,42254359,0,-85.125,35.3501,2967,22,1,1650499475,1782090849,0
LTE,310,410,8838,43048129,0,-86.747,36.0793,1699,4,1,1650550257,1770125462,0
LTE,310,260,44027,29507340,0,-86.2356,36.1858,11515,27,1,1651921189,1753243022,0
LTE,310,260,44027,9530636,0,-86.38,36.1845,9491,24,1,1651921584,1770608821,0
LTE,310,260,43777,6383364,0,-86.7127,36.1418,2685,32,1,1651922568,1788291484,0
LTE,310,260,44029,30828046,0,-87.3545,36.0154,12089,28,1,1651924849,1788291443,0
LTE,310,260,44029,29513996,0,-87.4715,35.9918,16435,40,1,1651925085,1788291443,0
LTE,310,260,44029,29514046,0,-87.3615,36.0164,15644,3,1,1651925100,1770612481,0
LTE,310,260,44029,29513995,0,-87.4808,35.9909,11814,23,1,1651925262,1770612661,0
LTE,310,260,44029,29514507,0,-87.5754,35.9364,12935,27,1,1651925973,1748273941,0
LTE,310,260,30499,43329292,0,-85.3155,35.0504,1145,21,1,1651939110,1783708290,0
LTE,310,260,44029,29514509,0,-87.5943,35.9249,9149,27,1,1652073500,1770613081,0
LTE,310,260,44029,30828036,0,-87.3513,36.0187,8175,17,1,1652074348,1743545196,0
LTE,310,260,44029,29513485,0,-87.1613,36.0353,4456,31,1,1652074923,1788291481,0
LTE,310,260,44284,8613123,0,-85.1425,36.0486,4901,24,1,1652082605,1746474122,0
LTE,310,260,44284,8613121,0,-85.1187,36.0427,7113,25,1,1652082692,1746474182,0
LTE,310,260,43003,29423884,0,-86.3387,36.9884,3443,14,1,1652344137,1774603741,0
LTE,310,260,43906,31243531,-1,-86.8099,36.2927,1016,22,1,1650120141,1763738047,0
LTE,310,260,43906,31243532,-1,-86.7969,36.2764,1938,23,1,1650120181,1765159322,0
LTE,310,260,44027,31002123,-1,-86.0014,35.4028,993,50,1,1650125138,1763730721,0
LTE,310,260,44027,31002124,-1,-85.9863,35.388,3080,50,1,1650125200,1763730542,0
LTE,310,260,43906,31243522,-1,-86.7955,36.2719,978,45,1,1650385043,1765159322,0
LTE,310,260,44029,30142731,0,-86.8846,35.0922,6243,8,1,1653769433,1773988383,0
LTE,310,260,44029,30142723,0,-86.8828,35.0759,1418,27,1,1653769493,1773965941,0
LTE,310,410,8837,41942422,0,-86.2292,35.5726,2164,22,1,1654371955,1746858498,0
LTE,310,410,8846,41959595,-1,-88.3007,36.2905,1000,3,1,1654251770,1773948541,0
LTE,310,260,43777,6626059,0,-86.6163,36.052,1000,2,1,1655651097,1763734562,0
LTE,310,410,8852,41853463,0,-86.2708,36.1877,2541,24,1,1656484427,1779816844,0
LTE,310,410,9108,42241048,0,-85.0424,35.1217,1000,12,1,1656539584,1743712154,0
LTE,310,410,9101,42303638,0,-85.2085,35.0057,1000,2,1,1656540331,1773924181,0
LTE,310,410,8837,41934871,0,-86.0957,35.504,2640,26,1,1656713096,1782924241,0
LTE,310,410,8837,42602156,0,-86.3783,35.7926,2274,47,1,1656714404,1746858495,0
LTE,310,410,8837,42601993,0,-86.3845,35.7994,3162,16,1,1656714467,1786558981,0
LTE,310,410,8837,42601994,0,-86.4024,35.8175,1105,24,1,1656714559,1786559101,0
LTE,310,410,8833,43009984,0,-86.6185,36.0126,1000,2,1,1656715638,1773841081,0
LTE,310,410,8833,41729975,0,-86.634,36.0266,1000,3,1,1656715700,1782921481,0
LTE,310,410,8833,41775532,0,-86.6525,36.0405,2330,4,1,1656715813,1785406381,0
LTE,310,410,8833,41742263,0,-86.6748,36.056,1142,4,1,1656715873,1782921362,0
LTE,310,410,8838,43005375,0,-86.7279,36.1137,2750,14,1,1656716198,1771888803,0
LTE,310,410,8838,43006143,0,-86.7601,36.1583,1000,2,1,1656716461,1773840242,0
LTE,310,410,8840,41772310,0,-86.7968,36.2729,1000,2,1,1656717375,1773839101,0
LTE,310,410,8840,41772312,0,-86.808,36.2906,1101,2,1,1656717439,1773839041,0
LTE,310,410,8840,43234070,0,-86.8226,36.308,1270,2,1,1656717521,1773838921,0
LTE,310,410,8846,39235848,0,-87.7126,36.8673,1000,5,1,1656721252,1773938581,0
LTE,310,410,8839,42830614,0,-85.7293,35.0784,2320,2,1,1658544925,1782926701,0
LTE,310,410,8837,43231760,0,-86.3683,35.781,2021,2,1,1658548422,1773842163,0
LTE,310,410,8837,42602157,0,-86.3938,35.8095,1000,7,1,1658548617,1746858494,0
LTE,310,410,8837,43114646,0,-86.4314,35.844,3722,10,1,1658548813,1786559161,0
LTE,310,410,8833,41775383,0,-86.6467,36.0381,1000,2,1,1658552516,1786561741,0
LTE,310,410,8838,41750957,0,-86.7213,36.1099,1000,2,1,1658552872,1785406741,0
LTE,310,410,8838,43021504,0,-86.727,36.1316,703,25,1,1658552955,1753355403,0
LTE,310,410,8840,42598665,0,-86.778,36.227,1146,5,1,1658553454,1782919921,0
LTE,310,410,8840,42598664,0,-86.7857,36.2445,1305,4,1,1658553525,1773933901,0
LTE,310,410,8840,43218442,0,-86.7626,36.2642,2417,10,1,1658553571,1773933901,0
LTE,310,410,8834,41833645,0,-87.3543,36.5031,1000,5,1,1658596606,1772513941,0
LTE,310,410,8834,41797292,0,-87.3724,36.4888,2306,3,1,1658596739,1779922814,0
LTE,310,410,8834,42658403,0,-87.3661,36.5395,1000,3,1,1658597016,1779922814,0
LTE,310,410,8834,42658339,0,-87.3766,36.5472,1000,2,1,1658597196,1777045142,0
LTE,310,260,44029,30142721,-1,-86.8848,35.099,1352,50,1,1648559618,1773965941,0
LTE,310,260,44029,29516547,-1,-86.8802,35.4253,2818,37,1,1648560838,1773988382,0
LTE,310,260,30499,44332290,0,-85.263,35.02,1650,35,1,1659400488,1787513540,0
LTE,310,260,30499,223433987,0,-85.1538,35.0423,24943,41,1,1661876866,1787513545,0
LTE,310,260,30499,223433985,0,-85.1444,35.0492,23803,23,1,1661876875,1787513545,0
LTE,310,260,30499,43950603,0,-85.0829,35.0832,1441,50,1,1661892355,1745106361,0
LTE,310,260,30499,222195713,0,-85.2576,35.017,1188,39,1,1661893371,1787513541,0
LTE,310,260,30499,43441665,0,-85.2713,35.0155,1751,18,1,1661893432,1787260701,0
LTE,310,260,30499,68675587,0,-85.2959,35.0214,3875,50,1,1661893525,1787513540,0
LTE,310,260,44284,8453889,-1,-85.0047,35.9763,19636,23,1,1662643641,1746823803,0
LTE,310,260,44284,8453891,-1,-85.056,36.0067,6635,50,1,1662643771,1743553202,0
LTE,310,260,44028,8441858,-1,-85.5042,36.136,2615,31,1,1662645321,1788291489,0
LTE,310,260,44028,8441859,-1,-85.5375,36.1351,26996,36,1,1662645391,1788291488,0
LTE,310,260,43907,31357196,-1,-85.9338,36.1764,13623,28,1,1662647611,1788291487,0
LTE,310,260,43907,31357197,-1,-85.9738,36.1789,24750,44,1,1662647641,1788291487,0
LTE,310,260,43907,31357207,-1,-85.9725,36.1793,4883,21,1,1662647701,1781809441,0
LTE,310,260,44027,7925505,-1,-86.0499,36.1716,11794,12,1,1662647971,1781809562,0
LTE,310,260,44027,7925507,-1,-86.0627,36.1745,12945,17,1,1662647991,1781809741,0
LTE,310,260,44027,7925517,-1,-86.1036,36.1725,27747,42,1,1662648091,1788291486,0
LTE,310,260,30499,223454224,0,-85.2425,35.0116,1075,13,1,1663079987,1787513541,0
LTE,310,260,30499,222195723,0,-85.2562,35.0181,3480,26,1,1663080012,1763727062,0
LTE,310,260,30499,223453709,0,-85.2399,35.009,5100,45,1,1663779810,1763727062,0
LTE,310,410,8856,41875722,0,-86.8881,35.7714,6414,3,1,1663993389,1770126721,0
LTE,310,410,8838,42574508,0,-86.7886,36.1543,1000,3,1,1664502209,1760834701,0
LTE,310,410,8838,42585517,0,-86.7866,36.1551,500,26,1,1664502239,1772487486,0
LTE,310,260,30499,43261187,0,-85.1602,35.0133,1000,2,1,1665092976,1749977433,0
LTE,310,410,8846,41733046,0,-87.4704,36.8927,2372,6,1,1665391902,1774029721,0
LTE,310,410,8834,41840301,0,-87.4463,36.6736,3195,5,1,1665392879,1782916621,0
LTE,310,410,8834,41840300,0,-87.4372,36.6446,1000,7,1,1665422838,1779922814,0
LTE,310,260,30499,42834947,0,-85.2093,35.0059,1475,50,1,1665438532,1787513542,0
LTE,310,410,8846,42616592,0,-87.4685,36.9092,3876,2,1,1665441545,1774029845,0
LTE,310,410,8846,41858752,0,-87.1413,35.9,1000,21,1,1665841693,1746858486,0
LTE,310,410,8846,43152144,0,-87.2694,36.0172,6256,7,1,1665841995,1752558143,0
LTE,310,410,8704,41301783,0,-88.9121,35.6437,1016,37,1,1665847353,1746846303,0
LTE,310,410,8705,43297974,0,-88.441,35.7726,1000,7,1,1666142578,1752558191,0
LTE,310,410,8705,43297984,0,-88.3786,35.7924,2173,17,1,1666142676,1752558190,0
LTE,310,410,8846,42902463,0,-87.9015,35.8674,5901,33,1,1666144194,1779922813,0
LTE,310,410,8846,42902287,0,-87.8947,35.8647,1000,12,1,1666144317,1779922813,0
LTE,310,410,8840,41861293,0,-86.8766,36.1439,2009,21,1,1666148091,1760834642,0
LTE,310,410,8840,41861130,0,-86.8947,36.1376,22962,29,1,1666148619,1761413704,0
LTE,310,410,8840,43211025,0,-86.917,36.1429,2718,2,1,1666148670,1761413702,0
LTE,310,410,8840,41879981,0,-86.8922,36.138,5271,22,1,1666148703,1760668563,0
LTE,310,410,8840,43211201,0,-86.8905,36.1377,1000,17,1,1666148764,1752558140,0
LTE,310,410,8840,43033279,0,-86.8511,36.1533,1000,13,1,1666149198,1752558139,0
LTE,310,410,8838,41861037,0,-86.8359,36.1533,1059,27,1,1666149291,1760834643,0
LTE,310,260,43003,27213375,0,-86.4265,36.937,4555,32,1,1666840308,1769129584,0
LTE,310,410,8832,41780417,0,-86.8827,35.0656,4233,15,1,1666889075,1770160321,0
LTE,310,410,8832,41841430,0,-86.8832,35.0802,2015,2,1,1666889649,1770160261,0
LTE,310,260,30499,68155148,0,-85.2945,35.1387,1362,11,1,1667550114,1783708289,0
LTE,310,260,30499,53522445,0,-85.3061,35.1127,1609,50,1,1667550208,1783708290,0
LTE,310,260,30499,53522443,0,-85.2927,35.132,1250,12,1,1667565235,1783708289,0
LTE,310,260,30499,222106881,0,-85.0531,35.102,1209,44,1,1667932083,1787513548,0
LTE,310,260,43907,98461195,0,-86.438,35.85,1000,24,1,1667955379,1763732761,0
LTE,310,260,44027,7085581,0,-86.4517,35.9034,20521,3,1,1667956029,1748277302,0
LTE,310,260,44029,29517068,0,-86.7943,35.8118,5578,3,1,1667957165,1748105945,0
LTE,310,260,44029,29517069,0,-86.7968,35.812,13241,3,1,1667957220,1748106062,0
LTE,310,260,44029,26766349,0,-87.0641,35.8426,1000,2,1,1667957949,1746831422,0
LTE,310,260,43906,29793037,0,-87.3165,36.0192,12139,29,1,1667958497,1788291444,0
LTE,310,260,44029,30828043,0,-87.3407,36.0172,11068,26,1,1667958625,1788291443,0
LTE,310,260,32827,222387713,0,-88.8319,35.6667,8060,11,1,1667965374,1788291438,0
LTE,310,260,32827,222387714,0,-88.8718,35.6527,3526,27,1,1667965407,1788291438,0
LTE,310,260,33021,43516674,0,-88.8523,35.6546,19583,3,1,1667965683,1770617282,0
LTE,310,260,32827,18496011,0,-88.7254,35.6873,10061,26,1,1668113503,1743503341,0
LTE,310,260,32827,18496061,0,-88.7675,35.6779,4447,4,1,1668113581,1743503281,0
LTE,310,260,32827,18638142,0,-88.6701,35.7068,11751,13,1,1668113687,1746838621,0
LTE,310,260,32827,43191053,0,-88.7055,35.6925,3443,7,1,1668113741,1788291439,0
LTE,310,260,32827,43191043,0,-88.696,35.6964,4780,4,1,1668113761,1747693021,0
LTE,310,260,32827,43191044,0,-88.633,35.7178,9783,13,1,1668113931,1788291439,0
LTE,310,260,32827,43191041,0,-88.6207,35.7221,5272,14,1,1668113969,1788291439,0
LTE,310,260,32827,18638082,0,-88.5906,35.731,12159,20,1,1668114028,1770616261,0
LTE,310,260,32827,18638083,0,-88.5804,35.7384,18122,39,1,1668114071,1788291439,0
LTE,310,260,32770,43515906,0,-88.5162,35.7534,9945,28,1,1668114331,1788291439,0
LTE,310,260,32770,43515905,0,-88.4881,35.7604,11075,46,1,1668114371,1788291440,0
LTE,310,260,32770,43515925,0,-88.4629,35.7667,4311,3,1,1668114476,1788291439,0
LTE,310,260,32827,18698763,0,-88.3049,35.808,22115,27,1,1668118824,1743504601,0
LTE,310,260,32827,18698813,0,-88.2728,35.815,24382,24,1,1668118948,1748153341,0
LTE,310,260,32827,19450892,0,-88.1677,35.8199,7343,27,1,1668118977,1743505081,0
LTE,310,260,32827,19450891,0,-88.1138,35.8274,4994,24,1,1668119248,1743505142,0
LTE,310,260,44027,7085579,0,-86.5703,35.86,1793,2,1,1668178948,1748277421,0
LTE,310,260,44029,30828033,0,-87.3423,36.0191,1236,13,1,1668182182,1770612241,0
LTE,310,260,44029,30828034,0,-87.3283,36.021,14828,22,1,1668184068,1788291443,0
LTE,310,260,44029,29513986,0,-87.4661,35.9946,2172,50,1,1668184578,1748107921,0
LTE,310,260,44029,29514508,0,-87.5839,35.9307,8798,19,1,1668184930,1770613021,0
LTE,310,260,32770,43515915,0,-88.4893,35.7609,9532,9,1,1668187620,1788291440,0
LTE,310,260,32770,43515916,0,-88.5557,35.747,5460,2,1,1668187831,1768659841,0
LTE,310,260,32770,43515917,0,-88.5584,35.7463,1637,4,1,1668187841,1768659721,0
LTE,310,260,32827,18638092,0,-88.6293,35.7194,5722,22,1,1668188067,1788291439,0
LTE,310,260,32827,43191054,0,-88.6374,35.717,2942,10,1,1668188158,1788291439,0
LTE,310,260,32827,18496021,0,-88.717,35.6882,1372,19,1,1668188394,1788291439,0
LTE,310,410,8838,43196696,0,-86.759,36.1329,1379,18,1,1668960205,1772487482,0
LTE,310,410,8838,41737644,0,-86.7451,36.1463,4445,11,1,1669060156,1785406925,0
LTE,310,260,30499,222195715,0,-85.295,35.0188,5203,42,1,1669143172,1787513540,0
LTE,310,410,8846,41966090,-1,-88.412,36.3728,7362,11,1,1670270431,1773947941,0
LTE,310,410,8846,41966857,-1,-88.3903,36.3828,6703,6,1,1670270441,1773947761,0
LTE,310,410,8846,41959689,0,-88.1292,36.1347,2475,2,1,1673178137,1773949501,0
LTE,310,410,8846,41747883,0,-88.1152,36.0619,1000,2,1,1673242379,1773949861,0
LTE,310,410,8846,41959596,0,-88.2739,36.2636,1629,3,1,1673308427,1773948782,0
LTE,310,410,9108,42892993,0,-85.0305,35.1268,1000,7,1,1673583826,1787513530,0
LTE,310,410,9108,42915265,0,-85.105,35.0753,1503,3,1,1673584176,1779922811,0
LTE,310,260,43777,29656322,0,-86.7871,36.1875,4770,14,1,1674837679,1766424127,0
LTE,310,260,32770,43515907,0,-88.5334,35.7508,6887,50,1,1678751269,1788291439,0
LTE,310,260,32827,18699019,0,-88.4455,35.7715,10418,50,1,1678751567,1768660081,0
LTE,310,260,32827,18699020,0,-88.4371,35.7768,9706,4,1,1678751652,1788291440,0
LTE,310,260,32827,18699010,0,-88.3869,35.7888,22770,28,1,1678751666,1788291440,0
LTE,310,260,32827,18698774,0,-88.3448,35.7992,16437,12,1,1678751753,1788291440,0
LTE,310,260,32827,18698764,0,-88.3277,35.8035,18057,50,1,1678751767,1743504481,0
LTE,310,260,32770,70158595,0,-88.2325,35.8142,27863,50,1,1678752127,1788291440,0
LTE,310,260,32770,70158594,0,-88.2079,35.8161,25748,19,1,1678752247,1788291440,0
LTE,310,260,32770,70158603,0,-88.0744,35.8405,14801,5,1,1678752323,1746464761,0
LTE,310,260,43906,30202381,0,-87.7575,35.8758,24020,27,1,1678753622,1770613501,0
LTE,310,260,43906,30202371,0,-87.7421,35.8775,4746,24,1,1678753698,1788291442,0
LTE,310,260,44029,29514499,0,-87.6017,35.9198,6797,20,1,1678754105,1788291442,0
LTE,310,260,43906,98459405,0,-87.4292,35.9981,7225,48,1,1678754659,1788291443,0
LTE,310,260,44029,30828044,0,-87.3332,36.0211,1464,51,1,1678755110,1788291444,0
LTE,310,260,43906,29793036,0,-87.2886,36.0217,14651,27,1,1678755160,1788291444,0
LTE,310,260,44029,29513483,0,-87.1268,36.0622,8996,29,1,1678755737,1788291482,0
LTE,310,260,43906,25940748,0,-87.0634,36.0902,10853,44,1,1678756021,1788291482,0
LTE,310,260,43906,31066893,0,-87.0331,36.0832,3321,27,1,1678756036,1788291483,0
LTE,310,260,44029,29507853,0,-86.9677,36.0738,7814,25,1,1678756253,1770610861,0
LTE,310,260,43906,9279747,0,-86.8699,36.1469,7515,7,1,1678756764,1760668562,0
LTE,310,260,43906,9279746,0,-86.835,36.1536,7549,34,1,1678756805,1788291483,0
LTE,310,260,43906,9966092,0,-86.7948,36.1634,4400,21,1,1678756969,1788291484,0
LTE,310,260,43906,9697291,0,-86.7939,36.1632,1000,17,1,1678756992,1788291483,0
LTE,310,260,43906,9796108,0,-86.7284,36.1269,1000,11,1,1678757548,1763736901,0
LTE,310,260,44284,8574465,0,-85.2482,36.0995,9417,8,1,1678768561,1743552721,0
LTE,310,260,44284,8574466,0,-85.2181,36.0845,3032,14,1,1678768617,1746823935,0
LTE,310,410,9101,42268077,0,-85.2373,35.0085,1000,2,1,1679049419,1785397021,0
LTE,310,410,9101,42240940,0,-85.332,35.0816,6241,19,1,1679049833,1748327793,0
LTE,310,410,9101,42344620,0,-85.3922,35.0089,2241,15,1,1679050065,1782928142,0
LTE,310,410,8838,41861804,0,-86.7955,36.1669,1000,11,1,1679322161,1760834643,0
LTE,310,410,8838,43223232,0,-86.7649,36.1018,7294,4,1,1679327259,1770125102,0
LTE,310,260,32827,18699011,0,-88.4185,35.7733,25891,32,1,1679922724,1788291440,0
LTE,310,260,32827,18698773,0,-88.3248,35.8042,20279,9,1,1679923173,1788291440,0
LTE,310,260,43907,7976962,0,-86.2983,36.1825,10241,26,1,1679929664,1768699921,0
LTE,310,260,44027,29507330,0,-86.2416,36.1839,15331,3,1,1679929874,1788291486,0
LTE,310,260,43906,9966082,0,-86.7924,36.1628,3928,29,1,1682079149,1781812441,0
LTE,310,260,43906,26382851,0,-86.7753,36.1866,2581,8,1,1682199113,1768402682,0
LTE,310,260,43906,26382853,0,-86.775,36.1836,2908,35,1,1682199120,1768402682,0
LTE,310,260,30499,70269708,-1,-85.2964,35.0242,3190,24,1,1682266745,1787260701,0
LTE,310,260,30499,70269707,-1,-85.3112,35.0292,828,29,1,1682266955,1783708290,0
LTE,310,260,30499,70270212,-1,-85.3224,35.0267,1157,37,1,1682266996,1787513539,0
LTE,310,260,43907,104223294,-1,-85.8784,35.2587,4131,36,1,1682269785,1763729942,0
LTE,310,260,43907,104223244,-1,-85.9285,35.3275,4237,50,1,1682270076,1763730301,0
LTE,310,260,43907,104223245,-1,-85.9744,35.3761,5225,50,1,1682270286,1763730422,0
LTE,310,260,44027,8114946,-1,-86.202,35.557,1877,50,1,1682271366,1764352927,0
LTE,310,260,44027,98463254,-1,-86.3456,35.7537,1102,36,1,1682272186,1763732221,0
LTE,310,260,44027,98463244,-1,-86.3619,35.7715,2114,28,1,1682274690,1763732282,0
LTE,310,260,43907,98461196,-1,-86.4287,35.8419,1846,25,1,1682275240,1763732642,0
LTE,310,260,43906,25651724,-1,-86.555,35.9569,4197,44,1,1682275700,1763733181,0
LTE,310,260,43906,26352899,-1,-86.6838,36.0646,1000,10,1,1682276341,1748755035,0
LTE,310,260,43906,9796110,-1,-86.7248,36.1155,1000,12,1,1682276561,1763736782,0
LTE,310,260,43906,26049026,-1,-86.737,36.2668,1410,29,1,1682277334,1768402682,0
LTE,310,260,43906,26049025,-1,-86.7314,36.282,1000,23,1,1682277404,1766424127,0
LTE,310,260,43906,104649474,-1,-86.7049,36.3235,841,30,1,1682277574,1768402681,0
LTE,310,260,43906,104649473,-1,-86.7121,36.338,2106,26,1,1682277624,1768402682,0
LTE,310,260,43777,7657218,-1,-86.7145,36.3674,870,30,1,1682277754,1766424122,0
LTE,310,260,43777,7220226,-1,-86.7155,36.3879,1743,27,1,1682277794,1766424122,0
LTE,310,260,43777,7220225,-1,-86.7212,36.4076,1024,41,1,1682277904,1766424122,0
LTE,310,260,43777,7084803,-1,-86.7124,36.4273,1603,26,1,1682277964,1766424122,0
LTE,310,260,43777,7084802,-1,-86.6959,36.4425,1931,25,1,1682278054,1766424122,0
LTE,310,260,43777,7084801,-1,-86.6943,36.4532,2103,28,1,1682278074,1767829981,0
LTE,310,260,43777,7310851,-1,-86.6346,36.5353,2407,27,1,1682278396,1768402683,0
LTE,310,260,43777,7310861,-1,-86.635,36.5326,5081,42,1,1682278476,1765175162,0
LTE,310,260,43777,7310859,-1,-86.6087,36.5705,1732,30,1,1682278556,1766013242,0
LTE,310,410,8839,41953545,-1,-85.8409,35.2369,1668,27,1,1682269712,1786556101,0
LTE,310,410,8837,42857365,-1,-86.3706,35.7891,1000,4,1,1682273190,1773842163,0
LTE,310,410,8837,43231936,-1,-86.3865,35.8028,2697,16,1,1682275074,1773931081,0
LTE,310,410,8837,43067663,-1,-86.4115,35.8258,1373,8,1,1682275187,1773841981,0
LTE,310,410,8837,43066518,-1,-86.4294,35.8421,3164,7,1,1682275289,1773931261,0
LTE,310,410,8837,41730072,-1,-86.4841,35.8809,1344,28,1,1682275489,1746858493,0
LTE,310,410,8856,43190025,-1,-86.5338,35.9367,2285,13,1,1682275708,1786559824,0
LTE,310,410,8833,42599350,-1,-86.5425,35.9449,3535,9,1,1682275728,1786559761,0
LTE,310,410,8833,42599177,-1,-86.5705,35.9745,5337,20,1,1682275908,1786559941,0
LTE,310,410,8833,42599190,-1,-86.5846,35.9876,1000,22,1,1682275938,1785404581,0
LTE,310,410,8833,42599178,-1,-86.6002,35.9976,1000,8,1,1682276008,1782921661,0
LTE,310,410,8838,41739437,-1,-86.7079,36.096,1000,9,1,1682276470,1773840601,0
LTE,310,410,8838,43005334,-1,-86.7168,36.105,1000,19,1,1682276506,1786562281,0
LTE,310,410,8838,42602411,-1,-86.7757,36.195,1000,10,1,1682277019,1785407226,0
LTE,310,410,8840,41728684,-1,-86.7761,36.2067,1298,27,1,1682277041,1785407281,0
LTE,310,410,8848,43008429,-1,-86.7298,36.2837,1000,19,1,1682277420,1762349103,0
LTE,310,410,8848,41776557,-1,-86.7164,36.2956,1027,27,1,1682277430,1786563721,0
LTE,310,410,8848,43155373,-1,-86.7041,36.3055,1244,16,1,1682277514,1786563782,0
LTE,310,410,8848,43008428,-1,-86.7031,36.3094,1000,18,1,1682277534,1786563961,0
LTE,310,410,8848,41728430,-1,-86.6877,36.3212,1570,23,1,1682277564,1786564021,0
LTE,310,410,8848,41728427,-1,-86.7045,36.3272,904,35,1,1682277584,1762948508,0
LTE,310,410,8852,42601737,-1,-86.6839,36.4669,1099,22,1,1682278120,1786564981,0
LTE,310,410,8852,42601736,-1,-86.6658,36.4981,3839,33,1,1682278231,1786565041,0
LTE,310,410,8195,39333548,-1,-86.4511,36.8665,2066,51,1,1682279853,1756422242,0
LTE,310,410,8195,39333385,-1,-86.4593,36.8476,8689,27,1,1682279886,1786566661,0
LTE,310,410,8195,39333549,-1,-86.4438,36.8829,750,31,1,1682279967,1756422242,0
LTE,310,410,8195,39333547,-1,-86.4382,36.8947,3595,30,1,1682280022,1756422242,0
LTE,310,260,43906,104365825,0,-86.8254,35.9294,851,38,1,1682724533,1767478142,0
LTE,310,260,43906,31667263,0,-86.7973,35.9941,4020,6,1,1682724864,1767454504,0
LTE,310,260,43906,31667214,0,-86.7768,36.0501,1221,27,1,1682724963,1753355401,0
LTE,310,260,43906,31667204,0,-86.7797,36.0458,7842,30,1,1682724976,1773965945,0
LTE,310,260,32770,70158593,0,-88.1844,35.819,16705,44,1,1684826700,1788291440,0
LTE,310,260,44029,29513475,0,-87.1547,36.0392,3910,25,1,1684832245,1781849821,0
LTE,310,260,30499,223454212,0,-85.2171,35.0048,2443,29,1,1684912481,1787513542,0
LTE,310,260,32827,43191063,0,-88.6777,35.7035,4508,9,1,1685760849,1788291439,0
LTE,310,260,32770,43515937,0,-88.5776,35.7399,14399,6,1,1685760974,1788291439,0
LTE,310,260,43906,98459403,0,-87.4137,36.0046,3264,7,1,1685764897,1788291443,0
LTE,310,260,43906,31066903,0,-87.0463,36.084,3279,19,1,1685766047,1788291482,0
LTE,310,260,43906,31066892,0,-87.0144,36.0722,5088,17,1,1685766120,1788291482,0
LTE,310,260,44029,29507851,0,-86.9449,36.0883,8422,13,1,1685766350,1770610861,0
LTE,310,260,43906,26579211,0,-86.8547,36.1527,3215,31,1,1685766761,1761413704,0
LTE,310,260,43906,9279757,0,-86.8568,36.1519,3007,17,1,1685766783,1761413704,0
LTE,310,260,43906,9279756,0,-86.8371,36.1541,4724,24,1,1685766796,1768665241,0
LTE,310,260,43906,9697281,0,-86.7953,36.1632,1814,22,1,1685767096,1766424126,0
LTE,310,260,43907,7976963,0,-86.3172,36.1827,8515,24,1,1685768588,1753242601,0
LTE,310,260,43907,7976972,0,-86.3016,36.1787,11628,22,1,1685768797,1788291486,0
LTE,310,260,43907,104271628,0,-85.6282,36.123,16389,8,1,1685808202,1770606602,0
LTE,310,260,43907,104651788,0,-85.5671,36.0896,13483,18,1,1686141073,1788291488,0
LTE,310,260,43907,104271629,0,-85.6921,36.1293,19365,6,1,1686141386,1753244762,0
LTE,310,260,44027,8525571,0,-85.7863,36.1332,2744,24,1,1686141910,1788291487,0
LTE,310,260,43907,104501261,0,-86.0779,36.1807,15409,8,1,1686142908,1781809981,0
LTE,310,260,44027,7353099,0,-86.4249,36.0859,8200,27,1,1686143896,1756756081,0
LTE,310,260,44027,8103948,0,-86.4003,36.1201,8740,8,1,1686143911,1756756081,0
LTE,310,260,44027,7353101,0,-86.3916,36.1287,7506,4,1,1686144107,1756756202,0
LTE,310,260,43907,31767819,0,-86.4256,36.0508,7898,16,1,1686144220,1756756321,0
LTE,310,260,43907,31767820,0,-86.4271,36.0248,9041,23,1,1686144236,1748103902,0
LTE,310,260,43907,31414027,0,-86.4299,36.0051,11241,23,1,1686144305,1748104022,0
LTE,310,260,43907,31414028,0,-86.4204,36.0731,6255,3,1,1686144478,1748104081,0
LTE,310,260,44027,29645825,0,-86.4504,35.9133,21612,23,1,1686144779,1748104262,0
LTE,310,260,44027,8105740,0,-86.4394,35.9324,22725,2,1,1686145026,1748277181,0
LTE,310,260,43906,9796364,0,-86.9402,35.8158,11117,7,1,1686146613,1748106181,0
LTE,310,260,43906,26049291,0,-87.0737,35.8545,8723,3,1,1686147145,1748106721,0
LTE,310,260,43906,29793027,0,-87.3046,36.0235,27014,42,1,1687197693,1770612061,0
LTE,310,260,43906,9796413,0,-87.0661,35.8463,1145,2,1,1687197708,1746831001,0
LTE,310,260,43906,9796363,0,-87.059,35.836,3444,6,1,1687197834,1748276281,0
LTE,310,260,44029,7235596,0,-86.8337,35.8619,5650,18,1,1687198609,1753355345,0
LTE,310,260,30499,223453699,0,-85.2294,35.0062,1853,42,1,1687210994,1787513542,0
LTE,310,410,8197,39199754,0,-88.6814,37.0799,1000,4,1,1690816832,1779922443,0
LTE,310,410,8197,39212554,0,-88.6646,36.8464,2414,2,1,1690817942,1779922444,0
LTE,310,410,8197,39198921,0,-88.8346,36.56,1699,2,1,1690819522,1779922444,0
LTE,310,410,9108,42240427,-1,-85.154,35.3043,7266,16,1,1692006676,1782090911,0
LTE,310,410,9108,42283435,-1,-85.1476,35.3027,1832,50,1,1692006686,1782090912,0
LTE,310,410,9108,42283272,-1,-85.1457,35.3062,1939,50,1,1692006756,1782090913,0
LTE,310,410,9108,42283273,-1,-85.1464,35.2552,3481,33,1,1692006916,1782322921,0
LTE,310,410,9101,42251528,-1,-85.2333,35.1969,3262,50,1,1692007146,1782090847,0
LTE,310,260,30499,43631362,-1,-85.2444,35.1431,1000,2,1,1692016126,1752557019,0
LTE,310,410,9108,42892049,-1,-85.2482,35.1907,2048,30,1,1692017020,1782090847,0
LTE,310,410,9101,42840337,-1,-85.2626,35.1886,2154,23,1,1692017150,1747012383,0
LTE,310,410,9101,42245640,-1,-85.3151,35.1709,4105,39,1,1692017530,1748327796,0
LTE,310,410,9101,42245642,-1,-85.3333,35.1769,2259,35,1,1692018170,1748327796,0
LTE,310,410,9101,42254600,-1,-85.3285,35.1485,3996,38,1,1692018360,1748327796,0
LTE,310,410,9101,42284815,-1,-85.3922,35.2127,1000,14,1,1692018639,1748068564,0
LTE,310,410,8849,42256905,-1,-85.409,35.2306,1000,18,1,1692018739,1748327798,0
LTE,310,410,9108,43332881,-1,-85.3998,35.2555,503,27,1,1692018899,1748068565,0
LTE,310,410,8849,42242583,-1,-85.4119,35.2804,12902,46,1,1692019469,1754694843,0
LTE,310,410,8849,42242742,-1,-85.3798,35.3433,7428,27,1,1692019609,1754694843,0
LTE,310,410,8849,42962449,-1,-85.4292,35.2638,9053,27,1,1692019899,1748068564,0
LTE,310,410,8849,42242732,-1,-85.4068,35.3078,4038,29,1,1692022731,1748327800,0
LTE,310,410,8849,42242710,-1,-85.4301,35.2874,1863,24,1,1692113327,1754694843,0
LTE,310,260,44027,98463243,-1,-86.3992,35.8072,2816,4,1,1692464416,1755748740,0
LTE,310,260,44027,98463235,-1,-86.4056,35.7535,1862,50,1,1692464796,1750829620,0
LTE,310,260,44027,7217921,-1,-86.4173,35.709,3090,50,1,1692464896,1752212162,0
LTE,310,260,44027,7217923,-1,-86.4266,35.6465,5346,50,1,1692465146,1752212163,0
LTE,310,260,44027,98463245,-1,-86.4057,35.7492,1000,5,1,1692480012,1752298563,0
LTE,310,410,8849,42257160,-1,-85.492,35.2312,7724,50,1,1692539558,1746858547,0
LTE,310,410,8849,42962448,-1,-85.395,35.345,1684,41,1,1692550618,1748068567,0
LTE,310,260,43907,29500931,-1,-86.3428,36.1823,1879,27,1,1692519083,1788291485,0
LTE,310,260,43907,7976973,-1,-86.3338,36.1834,10745,36,1,1692519233,1788291486,0
LTE,310,260,43777,7313174,-1,-86.3833,36.4247,10560,7,1,1692520853,1767495482,0
LTE,310,260,43777,7313214,-1,-86.4192,36.4436,13640,26,1,1692520883,1774203482,0
LTE,310,410,9108,43332879,-1,-85.1611,35.3122,4202,29,1,1692694908,1782090913,0
LTE,310,410,9108,42283286,-1,-85.1521,35.2954,1304,21,1,1692694958,1782090908,0
LTE,310,410,9101,42361005,-1,-85.2425,35.1259,1000,7,1,1692703439,1747001884,0
LTE,310,410,9101,42248363,-1,-85.242,35.1268,651,26,1,1692703449,1747001884,0
LTE,310,410,9101,42360856,-1,-85.2422,35.1283,1000,4,1,1692706859,1747001884,0
LTE,310,410,9101,42248373,-1,-85.241,35.1255,638,25,1,1692707079,1747001884,0
LTE,310,410,9101,43180183,-1,-85.2419,35.125,1000,4,1,1692707129,1747001884,0
LTE,310,410,9108,43246096,-1,-85.1372,35.0558,1329,42,1,1692712619,1776956942,0
LTE,310,410,9101,43138230,-1,-85.2663,35.0194,1000,14,1,1692724180,1773852421,0
LTE,310,410,9101,42246837,-1,-85.2735,35.0167,1265,24,1,1692724200,1786553341,0
LTE,310,410,9101,42246839,-1,-85.2928,35.0209,1159,16,1,1692724260,1786553401,0
LTE,310,410,9101,42343606,-1,-85.2962,35.0206,1000,9,1,1692724290,1786553401,0
LTE,310,410,9101,42277814,-1,-85.3064,35.0277,1000,8,1,1692724350,1786553461,0
LTE,310,410,9101,43198216,-1,-85.3363,35.1052,500,25,1,1692724800,1748327794,0
LTE,310,410,9101,43198218,-1,-85.3436,35.1047,500,30,1,1692724860,1748327794,0
LTE,310,410,9101,42254602,-1,-85.3403,35.1242,1000,23,1,1692725080,1748327795,0
LTE,310,410,9101,42245641,-1,-85.3189,35.1532,630,42,1,1692725320,1748327796,0
LTE,310,260,43907,104223254,-1,-85.8646,35.2455,3841,35,1,1692783023,1763729942,0
LTE,310,260,30499,44206082,-1,-85.3915,35.0085,1605,50,1,1692785854,1787513536,0
LTE,310,260,30499,44206081,-1,-85.3629,35.0276,1065,50,1,1692786034,1787513538,0
LTE,310,260,30499,70270222,-1,-85.3199,35.0272,1244,29,1,1692786154,1783708291,0
LTE,310,260,30499,70269698,-1,-85.2826,35.0204,2695,45,1,1692786404,1787513540,0
LTE,310,260,30499,68661507,-1,-85.2559,35.0174,1000,20,1,1692786454,1787260701,0
LTE,310,260,44027,7311935,-1,-86.3418,35.7487,1000,11,1,1692780752,1764352203,0
LTE,310,260,32774,3599873,-1,-88.5205,35.0024,2501,28,1,1693241809,1749353226,0
LTE,310,260,32770,3301122,-1,-88.5408,35.0596,4032,21,1,1693241989,1783053086,0
LTE,310,260,32770,3301121,-1,-88.5442,35.073,1000,24,1,1693242229,1749353226,0
LTE,310,260,32770,3301124,-1,-88.5613,35.1147,4102,23,1,1693242269,1749353227,0
LTE,310,260,32770,43724802,-1,-88.6168,35.2233,2652,50,1,1693242499,1749353228,0
LTE,310,260,32770,73753612,-1,-88.5675,35.1298,1559,43,1,1693242519,1772174331,0
LTE,310,260,43906,98459395,-1,-87.4329,36.0007,3169,20,1,1693287685,1770612421,0
LTE,310,260,43906,98459415,-1,-87.4435,35.9956,5465,19,1,1693287705,1788291443,0
LTE,310,260,43906,98459393,-1,-87.4031,36.0071,1000,24,1,1693287859,1743544742,0
LTE,310,260,43906,29793026,-1,-87.2805,36.0239,8659,50,1,1693288199,1770611941,0
LTE,310,260,44029,7305987,-1,-87.2418,36.0195,15880,23,1,1693288229,1788291444,0
LTE,310,260,44029,29513473,-1,-87.1422,36.0495,6990,21,1,1693288700,1781813941,0
LTE,310,260,44029,7214338,-1,-87.1309,36.0633,5242,22,1,1693288750,1781813881,0
LTE,310,260,44029,7214337,-1,-87.118,36.0749,3576,21,1,1693288810,1781813719,0
LTE,310,260,43906,25940739,-1,-87.1045,36.0822,4825,15,1,1693288870,1770611401,0
LTE,310,260,43906,25940737,-1,-87.0855,36.0844,7994,18,1,1693288910,1781813762,0
LTE,310,260,43906,25940738,-1,-87.0484,36.0904,4859,26,1,1693288950,1781813642,0
LTE,310,260,44029,29507843,-1,-86.9699,36.0736,5542,37,1,1693289320,1788291483,0
LTE,310,260,44029,29507841,-1,-86.9485,36.0877,3076,34,1,1693289390,1788291483,0
LTE,310,260,43906,9697283,-1,-86.8519,36.1527,2907,19,1,1693289750,1767442805,0
LTE,310,260,43906,26579201,-1,-86.8511,36.1522,8988,32,1,1693289780,1788291483,0
LTE,310,260,43906,26579202,-1,-86.8457,36.1533,1000,8,1,1693289840,1759893241,0
LTE,310,260,43906,9966081,-1,-86.8008,36.176,695,29,1,1693290040,1767442805,0
LTE,310,260,43907,105750275,-1,-86.69,36.4718,1071,25,1,1693291390,1767876182,0
LTE,310,260,43907,105750274,-1,-86.675,36.4702,1162,26,1,1693291450,1768920605,0
LTE,310,260,43907,105750273,-1,-86.6725,36.4867,4196,24,1,1693291470,1768402682,0
LTE,310,260,43777,7310849,-1,-86.6155,36.5634,1767,25,1,1693291840,1768920605,0
LTE,310,260,43907,98457603,-1,-86.5952,36.5853,2260,48,1,1693291930,1768403521,0
LTE,310,260,43907,98457602,-1,-86.575,36.5884,3862,28,1,1693292060,1768403522,0
LTE,310,410,9108,42284561,-1,-85.1807,35.2483,7598,25,1,1693649864,1782090849,0
LTE,310,410,9108,42283445,-1,-85.1611,35.3112,1262,28,1,1693649884,1747012386,0
LTE,310,410,9108,43052716,-1,-85.1819,35.2375,6045,23,1,1693650394,1782322921,0
LTE,310,410,9108,42354605,-1,-85.2538,35.1981,2392,27,1,1693650404,1747001882,0
LTE,310,410,9101,42251691,-1,-85.2466,35.1835,1532,50,1,1693650444,1782090846,0
LTE,310,410,9101,42260141,-1,-85.2484,35.1602,1066,21,1,1693650614,1747001883,0
LTE,310,410,9101,42275499,-1,-85.2485,35.1545,1589,11,1,1693650624,1747001883,0
LTE,310,410,9101,42260140,-1,-85.2493,35.1478,580,30,1,1693650734,1747001883,0
LTE,310,410,9101,42275501,-1,-85.247,35.1362,1000,13,1,1693651284,1747001883,0
LTE,310,260,32827,18916609,-1,-88.8136,35.5667,1733,50,1,1694196362,1749353232,0
LTE,310,260,32827,18916610,-1,-88.796,35.5424,2579,49,1,1694196682,1749353232,0
LTE,310,260,32827,43515395,-1,-88.717,35.4846,9712,50,1,1694196902,1749353230,0
LTE,310,260,32770,41444099,-1,-88.7061,35.481,8217,32,1,1694196912,1749353231,0
LTE,310,260,32770,41444353,-1,-88.7278,35.4954,1168,50,1,1694197082,1749353231,0
LTE,310,260,32770,41444354,-1,-88.7164,35.4879,1065,21,1,1694197142,1749353231,0
LTE,310,260,32827,43515394,-1,-88.6409,35.402,3151,51,1,1694197622,1749353230,0
LTE,310,260,32770,41444098,-1,-88.6459,35.4105,5832,31,1,1694197712,1749353230,0
LTE,310,260,32770,41422595,-1,-88.6407,35.3571,2568,39,1,1694197892,1749353230,0
LTE,310,260,32770,41422593,-1,-88.6388,35.3266,1070,50,1,1694197992,1749353229,0
LTE,310,260,32770,41422594,-1,-88.6376,35.3123,4250,21,1,1694198022,1749353239,0
LTE,310,260,32770,43724801,-1,-88.6289,35.2596,1368,50,1,1694198192,1749353228,0
LTE,310,260,32774,41422849,-1,-88.6055,35.1806,2050,27,1,1694198492,1749353228,0
LTE,310,260,32774,41422850,-1,-88.5889,35.1465,3956,50,1,1694198642,1749353227,0
LTE,310,260,32770,73753603,-1,-88.5674,35.1664,1821,18,1,1694198922,1749353227,0
LTE,310,260,43906,104365837,-1,-86.8255,35.9098,8750,39,1,1694256821,1773965945,0
LTE,310,260,43906,104365827,-1,-86.8284,35.8992,7031,32,1,1694258233,1753355347,0
LTE,310,260,43906,31667203,-1,-86.7847,36.0256,1587,24,1,1694258593,1773965945,0
LTE,310,260,44029,6866444,-1,-86.7877,36.0073,1000,15,1,1694258663,1753355401,0
LTE,310,260,43906,31667213,-1,-86.7884,36.0161,3258,33,1,1694258683,1773965945,0
LTE,310,260,43906,31381517,-1,-86.7666,36.077,624,29,1,1694258933,1753355402,0
LTE,310,260,43906,9380866,-1,-86.768,36.1518,1000,13,1,1694259293,1788291484,0
LTE,310,260,43906,26382854,-1,-86.7755,36.1873,537,42,1,1694259545,1768402682,0
LTE,310,260,43777,6869053,-1,-86.7174,36.3631,1549,14,1,1694260465,1769661424,0
LTE,310,260,43777,7084812,-1,-86.6938,36.4429,1775,17,1,1694260745,1765383481,0
LTE,310,260,43777,7084811,-1,-86.6983,36.4527,4221,26,1,1694260755,1765169103,0
LTE,310,260,43907,105750285,-1,-86.7033,36.4769,3233,50,1,1694260805,1765169103,0
LTE,310,260,43907,105750284,-1,-86.6725,36.4632,2205,30,1,1694260865,1768920605,0
LTE,310,260,43907,105750283,-1,-86.6657,36.4957,3550,27,1,1694260885,1766013242,0
LTE,310,260,43907,98457613,-1,-86.5922,36.5872,1503,28,1,1694261315,1768920605,0
LTE,310,260,43907,98457612,-1,-86.5671,36.5851,5134,36,1,1694261445,1766013243,0
LTE,310,260,32770,41444159,-1,-88.7515,35.5112,6922,36,1,1696346444,1749353231,0
LTE,310,260,32770,41444119,-1,-88.7326,35.4987,6297,28,1,1696346484,1749353231,0
LTE,310,260,43906,31763468,-1,-86.8642,35.771,1032,34,1,1696423478,1773965944,0
LTE,310,260,43906,7033090,-1,-86.8169,35.9404,1000,15,1,1696424169,1767478142,0
LTE,310,260,43906,98460683,-1,-86.7572,36.1216,1000,19,1,1696424920,1753355402,0
LTE,310,260,43906,25680899,-1,-86.6759,36.1371,1092,41,1,1696425280,1753355404,0
LTE,310,260,43906,25680900,-1,-86.6664,36.14,814,26,1,1696425330,1753355403,0
LTE,310,260,43906,98555395,-1,-86.6066,36.1687,1000,15,1,1696425530,1788291485,0
LTE,310,260,43906,98555393,-1,-86.5991,36.1701,1000,11,1,1696425560,1788291485,0
LTE,310,260,43906,104644097,-1,-86.5037,36.1724,1000,16,1,1696425840,1788291485,0
LTE,310,260,44027,8104716,-1,-86.4298,36.2347,2006,50,1,1696426370,1759071961,0
LTE,310,260,43777,7666690,-1,-86.4376,36.3408,2262,25,1,1696433382,1766431024,0
LTE,310,260,43777,7666699,-1,-86.4616,36.4144,6045,4,1,1696433612,1774203482,0
LTE,310,260,43777,7666689,-1,-86.4465,36.3699,8510,28,1,1696433662,1768920605,0
LTE,310,260,43777,7660801,-1,-86.4743,36.3853,1131,38,1,1696433872,1769592424,0
LTE,310,260,43777,7660291,-1,-86.4739,36.3899,3096,19,1,1696433892,1769592424,0
LTE,310,260,43777,7660813,-1,-86.4812,36.393,2819,47,1,1696433952,1774203482,0
LTE,310,260,43777,30143501,-1,-86.4754,36.4056,1493,38,1,1696433962,1774203482,0
LTE,310,260,43777,7660803,-1,-86.4793,36.3955,2459,31,1,1696433992,1769592424,0
LTE,310,260,43777,30143491,-1,-86.4693,36.405,4654,37,1,1696434012,1769592424,0
LTE,310,260,43777,7313154,-1,-86.4654,36.4467,3617,27,1,1696434122,1769592424,0
LTE,310,260,43777,7313164,-1,-86.466,36.4451,4317,50,1,1696434162,1774203482,0
LTE,310,260,43777,7313153,-1,-86.4919,36.4896,1473,31,1,1696434432,1769592425,0
LTE,310,260,43777,7313163,-1,-86.4901,36.4881,1434,26,1,1696434522,1774203483,0
LTE,310,260,43777,7467276,-1,-86.5076,36.537,2434,27,1,1696434562,1774203483,0
LTE,310,260,43777,7467275,-1,-86.512,36.5693,2208,50,1,1696434922,1774203484,0
LTE,310,260,43777,7313932,-1,-86.5545,36.5877,3033,27,1,1696435392,1766013243,0
LTE,310,260,42881,109412364,-1,-88.6538,37.0556,1000,15,1,1700302538,1764344284,0
LTE,310,260,42881,104553483,-1,-88.5757,37.0108,1967,21,1,1700302768,1764344521,0
LTE,310,260,42881,104553485,-1,-88.5423,36.9981,1000,22,1,1700302938,1764344643,0
LTE,310,260,43003,7191298,-1,-88.1908,37.0634,2934,21,1,1700304058,1763746262,0
LTE,310,260,43003,7191555,-1,-88.1075,37.0716,4042,21,1,1700304178,1763746081,0
LTE,310,260,43003,7191585,-1,-88.065,37.0662,1000,7,1,1700304458,1764345905,0
LTE,310,260,43777,7312642,-1,-87.9915,37.0239,1000,21,1,1700304728,1764346144,0
LTE,310,260,43777,7299341,-1,-87.9384,36.9906,7935,6,1,1700304888,1763745422,0
LTE,310,260,43777,7312385,-1,-87.7252,36.8752,4308,21,1,1700305668,1763741342,0
LTE,310,260,43777,7312445,-1,-87.6877,36.8486,1000,7,1,1700305838,1763740982,0
LTE,310,260,43777,7312395,-1,-87.7149,36.8693,3960,22,1,1700305848,1763741042,0
LTE,310,260,43777,7306253,-1,-87.6673,36.8361,2775,50,1,1700305878,1763740862,0
LTE,310,260,43777,7306251,-1,-87.6274,36.8141,1000,7,1,1700306058,1763740802,0
LTE,310,260,43777,29517581,-1,-87.582,36.7856,1435,23,1,1700306078,1763740683,0
LTE,310,260,43777,7306252,-1,-87.592,36.7903,2437,21,1,1700306098,1763740621,0
LTE,310,260,43777,8103691,-1,-87.4074,36.6832,1000,17,1,1700306872,1763740142,0
LTE,310,260,43777,6396733,-1,-87.3722,36.659,1000,7,1,1700307002,1763740022,0
LTE,310,260,43907,25624076,-1,-87.2598,36.5709,2256,26,1,1700307422,1765169102,0
LTE,310,260,43777,7013899,-1,-87.2496,36.5534,1224,37,1,1700307522,1765169102,0
LTE,310,260,43777,7013900,-1,-87.2326,36.5364,3843,39,1,1700307592,1765169102,0
LTE,310,260,43777,7219459,-1,-87.1445,36.4778,2748,38,1,1700307952,1765169102,0
LTE,310,260,43777,7286539,-1,-87.0138,36.3978,1769,31,1,1700308713,1765169102,0
LTE,310,260,43777,7213836,-1,-86.932,36.3486,1000,14,1,1700308783,1763738461,0
LTE,310,260,43777,7213835,-1,-86.9048,36.3338,1000,22,1,1700308813,1765159322,0
LTE,310,260,43777,7213845,-1,-86.9058,36.3336,1000,12,1,1700308883,1765159322,0
LTE,310,260,43777,7213825,-1,-86.9178,36.341,2991,28,1,1700308923,1765159322,0
LTE,310,260,43777,103741973,-1,-86.8852,36.3264,1000,13,1,1700308953,1765159322,0
LTE,310,260,43777,103742013,-1,-86.879,36.3255,1000,12,1,1700308973,1763738282,0
LTE,310,260,43777,103741963,-1,-86.8763,36.3253,3184,31,1,1700309003,1765159322,0
LTE,310,260,43777,29793547,-1,-86.867,36.3233,2105,18,1,1700309023,1765159322,0
LTE,310,260,43777,103741955,-1,-86.8201,36.3069,1403,38,1,1700309143,1764349922,0
LTE,310,260,43777,103741965,-1,-86.8261,36.311,1446,24,1,1700309223,1765159322,0
LTE,310,260,43906,98460673,-1,-86.7652,36.1295,1554,17,1,1700310503,1753355402,0
LTE,310,260,43906,98460685,-1,-86.7555,36.1137,1149,14,1,1700310873,1753355402,0
LTE,310,260,32770,41444414,-1,-88.6894,35.469,1000,10,1,1701796013,1749353231,0
LTE,310,260,32770,41444129,-1,-88.6901,35.4699,1482,34,1,1701797783,1749353231,0
NR,310,260,11008768,4322979843,-1,-86.546,36.677,1273,3,1,1701897226,1769129588,0
LTE,310,260,32770,41444097,-1,-88.661,35.4475,1000,21,1,1704118081,1749353230,0
LTE,310,260,32770,110018051,-1,-88.58,35.1611,1522,21,1,1704119321,1749353227,0
NR,310,260,11271424,4417896450,-1,-86.8929,35.5017,4853,21,1,1704180941,1773988393,0
LTE,310,260,43906,31107852,-1,-86.9,35.6087,7954,36,1,1704180964,1773965943,0
LTE,310,260,44029,9163532,-1,-86.891,35.6666,3675,28,1,1704181172,1773965943,0
LTE,310,260,43906,31107851,-1,-86.8946,35.6383,1140,20,1,1704181451,1773965943,0
LTE,310,260,43906,31381507,-1,-86.768,36.0768,4401,12,1,1704183175,1767478143,0
LTE,310,260,43777,7287563,0,-87.4951,36.8653,1000,3,1,1704466921,1774197001,0
LTE,310,260,43906,9280003,0,-86.7216,36.2502,1000,13,1,1705669351,1766176141,0
LTE,310,260,43906,25680643,0,-86.7161,36.2638,1000,20,1,1705669553,1768402682,0
LTE,310,260,32770,110017342,-1,-88.6847,35.7009,5539,8,1,1707736004,1746462961,0
LTE,310,260,32770,110017292,-1,-88.6758,35.7043,1000,9,1,1707736024,1788291439,0
LTE,310,260,44029,7314177,-1,-87.5396,35.9661,1670,38,1,1707739697,1788291443,0
LTE,310,260,44029,29513985,-1,-87.4754,35.9942,7132,12,1,1707739937,1746832922,0
LTE,310,260,43906,98459394,-1,-87.4262,36.0024,5665,19,1,1707739997,1746832382,0
LTE,310,260,43906,98459404,-1,-87.4313,35.9954,19690,25,1,1707740047,1753239001,0
LTE,310,260,44029,7305986,-1,-87.1947,36.0279,8534,22,1,1707740737,1770611701,0
LTE,310,260,43906,25940749,-1,-87.1048,36.0818,900,33,1,1707741187,1788291482,0
LTE,310,260,43906,25940747,-1,-87.0884,36.0851,1393,29,1,1707741237,1788291482,0
LTE,310,260,43906,31066891,-1,-87.0235,36.088,2680,21,1,1707741559,1781813463,0
LTE,310,260,43906,9966091,-1,-86.7993,36.1721,1125,12,1,1707742390,1788291483,0
LTE,310,260,43906,98555405,-1,-86.6074,36.1681,2105,8,1,1707743183,1770609481,0
LTE,310,260,43906,98555403,-1,-86.5985,36.1701,1287,8,1,1707743213,1781811481,0
LTE,310,260,43906,104644107,-1,-86.505,36.1725,6517,19,1,1707743495,1770609241,0
LTE,310,260,43907,29500941,-1,-86.3566,36.1839,7394,19,1,1707743892,1746827881,0
LTE,310,260,43907,29500940,-1,-86.3225,36.1837,9734,25,1,1707744003,1788291485,0
LTE,310,260,44027,104240385,-1,-86.2655,36.1812,3732,22,1,1707806586,1753242901,0
LTE,310,260,44027,104240396,-1,-86.273,36.1824,7842,22,1,1707806724,1788291486,0
LTE,310,260,43907,104651778,-1,-85.551,36.0703,6328,2,1,1707819757,1783744192,0
LTE,310,260,43907,103835661,-1,-85.4876,36.1321,21053,33,1,1707821198,1788291489,0
LTE,310,260,43907,103835659,-1,-85.4386,36.1397,19997,29,1,1707821358,1788291489,0
LTE,310,260,43907,104403469,-1,-85.4261,36.1407,19790,8,1,1707821558,1788291489,0
LTE,310,260,43907,104403468,-1,-85.3904,36.1416,24325,29,1,1707821598,1788291489,0
LTE,310,260,44284,8574467,-1,-85.2425,36.1097,2439,50,1,1707822018,1743552601,0
LTE,310,260,43905,104403969,-1,-85.2213,36.0868,7258,32,1,1707822179,1788291490,0
LTE,310,260,43905,104403970,-1,-85.1898,36.067,10414,37,1,1707822249,1788291490,0
LTE,310,260,43905,104403980,-1,-85.1813,36.059,8500,14,1,1707822349,1781806741,0
LTE,310,260,43905,104404030,-1,-85.1543,36.0452,18331,11,1,1707822369,1781806621,0
LTE,310,260,43905,30704897,-1,-85.1039,36.035,8686,28,1,1707822598,1788291490,0
LTE,310,260,44284,7954945,-1,-85.0023,35.9742,12666,22,1,1707822648,1743553501,0
LTE,310,260,43905,28059393,-1,-85.0308,35.993,9366,31,1,1707822688,1788291491,0
LTE,310,260,44284,8453890,-1,-85.0478,36.0026,7500,7,1,1707822838,1743553381,0
LTE,310,260,43906,104365835,-1,-86.8202,35.9284,4850,22,1,1709395640,1773965945,0
LTE,310,260,43906,7033100,-1,-86.8166,35.9403,1000,7,1,1709395700,1753355401,0
LTE,310,260,43906,7033091,-1,-86.8237,35.9569,1396,23,1,1709395730,1767467341,0
LTE,310,260,43906,31667201,-1,-86.7885,36.0434,8199,18,1,1710262683,1773965945,0
LTE,310,260,43906,9622542,-1,-86.761,36.1623,1000,6,1,1710263723,1763737441,0
LTE,310,260,43906,9622543,-1,-86.7631,36.1645,1000,6,1,1710263743,1763737443,0
LTE,310,260,43906,9622544,-1,-86.7639,36.1655,1000,5,1,1710263773,1763737441,0
LTE,310,260,43906,26382863,-1,-86.7743,36.1806,1000,6,1,1710263923,1763737564,0
LTE,310,260,32770,41444384,-1,-88.7023,35.4783,1610,25,1,1711036698,1749353231,0
LTE,310,260,44029,30142733,-1,-86.8837,35.0339,3831,50,1,1711108607,1773988384,0
LTE,310,260,31342,19291137,-1,-86.8767,35.0151,2304,28,1,1711108938,1773965891,0
LTE,310,260,30499,42834945,-1,-85.1912,35.0108,1153,32,1,1711135534,1787513543,0
LTE,310,260,30499,53718274,-1,-85.1664,35.0303,26645,50,1,1711135657,1787513543,0
LTE,310,260,30499,53718788,-1,-85.1523,35.0408,24921,17,1,1711135753,1787513545,0
LTE,310,260,30499,43950595,-1,-85.0919,35.0806,17888,33,1,1711136007,1787513546,0
LTE,310,260,30499,52839681,-1,-85.1046,35.0767,19103,45,1,1711136017,1787513546,0
LTE,310,260,30499,43950593,-1,-85.079,35.0836,16723,46,1,1711136107,1787513547,0
LTE,310,260,30499,222106883,-1,-85.0634,35.0891,1113,47,1,1711136147,1787513547,0
LTE,310,260,30499,222894851,-1,-85.0342,35.1261,10823,33,1,1711136337,1787513549,0
LTE,310,260,30499,70342402,-1,-85.0254,35.1281,10000,30,1,1711136377,1787513549,0
LTE,310,260,30499,222894849,-1,-85.008,35.1306,8473,37,1,1711136437,1787513549,0
LTE,310,260,30499,223525379,-1,-85.009,35.1294,1605,29,1,1711136477,1787513549,0
LTE,310,410,8833,41824429,-1,-86.6867,36.07,1064,6,1,1711129227,1773840781,0
LTE,310,260,43777,7312899,0,-87.5505,36.9813,6612,7,1,1711540125,1775202061,0
LTE,310,410,8848,42855960,0,-86.6305,36.3159,1000,2,1,1712654188,1762109761,0
LTE,310,260,43777,7312897,0,-87.4772,36.9694,3916,19,1,1713708434,1788875797,0
LTE,310,410,8838,41751735,0,-86.769,36.1584,1000,5,1,1716268450,1772487485,0
LTE,310,260,30499,68675585,-1,-85.2842,35.0175,734,35,1,1716385485,1787513540,0
LTE,310,260,30499,70269697,-1,-85.3115,35.0295,801,32,1,1716385585,1787513539,0
LTE,310,260,43777,7287554,0,-87.4763,36.8402,1000,2,1,1721473220,1774143301,0
LTE,310,410,8837,42593709,-1,-85.944,35.3446,5693,22,1,1726918648,1786556641,0
LTE,310,260,43906,26138126,0,-86.7886,36.1563,1000,2,1,1728461711,1761413705,0
LTE,310,260,43906,27206657,0,-86.6782,36.101,1000,2,1,1729861197,1757910679,0
LTE,310,260,43906,6383873,0,-86.6825,36.121,2207,2,1,1729861656,1749535222,0
LTE,310,260,43906,6383883,0,-86.6833,36.1234,2220,2,1,1729879913,1753504091,0
LTE,310,260,43906,6383887,0,-86.6806,36.1131,1546,2,1,1729879950,1759378745,0
LTE,310,410,8849,42962623,-1,-85.3215,35.3586,8147,7,1,1729937388,1748068567,0
LTE,310,410,8849,42257837,-1,-85.2941,35.352,1878,50,1,1729937408,1747012387,0
LTE,310,410,9108,43333055,-1,-85.1654,35.3226,4516,30,1,1729937788,1782090913,0
LTE,310,410,9108,43332880,-1,-85.1509,35.2595,3087,28,1,1729938188,1782322921,0
LTE,310,410,9108,42829073,-1,-85.2,35.2308,2368,41,1,1729938258,1747012384,0
LTE,310,410,9108,42892047,-1,-85.2147,35.217,1875,28,1,1729938388,1747012384,0
LTE,310,260,43906,6399245,0,-86.6321,36.1544,4045,4,1,1729984776,1788291484,0
LTE,310,260,43906,6383877,0,-86.6861,36.1091,1666,3,1,1729984965,1757046938,0
LTE,310,260,43906,50544899,0,-86.7587,36.0404,1512,43,1,1730043620,1767454503,0
LTE,310,260,43906,31667202,0,-86.767,36.0402,876,40,1,1730043730,1767454503,0
LTE,310,260,43906,31667206,0,-86.7896,36.0369,1000,15,1,1730043942,1773965945,0
LTE,310,260,43906,31667223,0,-86.7923,36.0048,1442,4,1,1730044011,1753355401,0
LTE,310,260,44029,98462733,0,-86.8352,35.8806,6002,5,1,1730044727,1756009981,0
LTE,310,260,44029,30163724,0,-86.7901,35.8703,11057,2,1,1730060819,1746830342,0
LTE,310,260,44029,28828939,0,-86.8101,35.9098,1000,2,1,1730061024,1753355345,0
LTE,310,260,43906,50544897,0,-86.7434,36.0425,790,26,1,1730064246,1767454503,0
LTE,310,260,43906,50544898,0,-86.7339,36.0391,1000,11,1,1730064264,1767454503,0
LTE,310,260,43777,104682765,0,-86.6935,36.2084,1000,2,1,1730158738,1757736205,0
LTE,310,260,43906,27006213,0,-86.6934,36.2054,1000,2,1,1730163923,1762196941,0
LTE,310,260,43906,6399244,0,-86.5995,36.171,1380,3,1,1730243827,1770609481,0
LTE,310,260,43906,6399234,0,-86.5989,36.1706,1000,4,1,1730245690,1788291485,0
LTE,310,260,43906,6399237,0,-86.6093,36.1679,1000,6,1,1730245704,1788291485,0
LTE,310,260,32827,18698754,0,-88.3437,35.8,17784,35,1,1737920464,1788291440,0
LTE,310,260,44027,104240395,0,-86.2494,36.1917,3297,29,1,1738429718,1788291486,0
LTE,310,260,43907,7976971,0,-86.2918,36.1839,7007,7,1,1738429847,1788291486,0
LTE,310,260,32827,18698753,0,-88.2749,35.8134,24689,29,1,1738439979,1788291440,0
LTE,310,260,43907,104501259,0,-86.0954,36.173,15874,16,1,1739066530,1788291486,0
LTE,310,260,44027,8540429,0,-85.9184,36.1712,10570,29,1,1739066883,1788291487,0
LTE,310,260,43907,31357187,0,-85.9784,36.1757,12545,6,1,1739067466,1748313181,0
LTE,310,260,43907,103788301,0,-85.8994,36.1539,20954,11,1,1739109374,1788291487,0
LTE,310,260,30211,42871298,-1,-85.6033,35.0401,1745,50,1,1739038198,1787513530,0
LTE,310,260,30211,43330305,-1,-85.6881,35.0516,4688,33,1,1739038358,1787513495,0
LTE,310,260,30211,42871299,-1,-85.6535,35.0482,4453,50,1,1739038368,1787513528,0
LTE,310,260,30211,43330307,-1,-85.7342,35.081,2746,21,1,1739038608,1749977602,0
LTE,310,260,30211,223663618,-1,-85.7357,35.0855,3078,42,1,1739038618,1752212169,0
LTE,310,260,30211,223663619,-1,-85.7471,35.1121,1000,13,1,1739038808,1752730213,0
LTE,310,260,30211,223028994,-1,-85.779,35.1495,4620,22,1,1739038838,1752730381,0
LTE,310,260,30211,223028995,-1,-85.7925,35.1753,2028,22,1,1739039028,1749016941,0
LTE,310,260,30211,223419650,-1,-85.7872,35.1962,1000,21,1,1739039138,1759120233,0
LTE,310,260,30211,223419651,-1,-85.8046,35.221,2391,23,1,1739039228,1750520988,0
LTE,310,260,30211,223714049,-1,-85.8193,35.2304,1000,18,1,1739039418,1759120120,0
LTE,310,260,30211,223714051,-1,-85.8541,35.2421,2705,22,1,1739039478,1764354423,0
LTE,310,260,30211,42934274,-1,-85.8831,35.2633,3259,24,1,1739039638,1764354301,0
LTE,310,260,30211,42934275,-1,-85.9053,35.302,3384,24,1,1739039848,1754020870,0
LTE,310,260,43906,158244107,-1,-86.5322,35.9359,1000,13,1,1739042988,1763733121,0
LTE,310,260,43906,158244097,-1,-86.538,35.9408,1000,16,1,1739043008,1752816661,0
LTE,310,260,43906,50504717,-1,-86.6453,36.0367,1000,15,1,1739043478,1764351004,0
LTE,310,260,43777,6547471,-1,-86.6973,36.0817,1000,7,1,1739043728,1763736542,0
LTE,310,260,43906,6397443,-1,-86.7782,36.1937,1000,21,1,1739044478,1768402682,0
LTE,310,260,43906,6397441,-1,-86.7765,36.1996,1000,14,1,1739044538,1768402682,0
LTE,310,260,43906,25885185,-1,-86.7764,36.2043,1000,20,1,1739044548,1768402682,0
LTE,310,260,43906,6998543,-1,-86.7816,36.2308,1000,18,1,1739044668,1757906060,0
LTE,310,260,43906,6998540,-1,-86.7843,36.2376,1000,5,1,1739044718,1759982325,0
LTE,310,260,43906,6998539,-1,-86.7855,36.2407,1000,8,1,1739044728,1763737861,0
LTE,310,260,43906,26377484,-1,-86.7841,36.247,1000,18,1,1739044748,1763737861,0
LTE,310,260,43906,26377483,-1,-86.7862,36.2556,1000,14,1,1739044778,1763737863,0
LTE,310,260,43777,103741964,-1,-86.8364,36.3177,1000,15,1,1739045088,1765159322,0
LTE,310,260,43777,7213826,-1,-86.9374,36.3519,1000,14,1,1739048248,1765159322,0
LTE,310,260,43777,7286529,-1,-87.0136,36.3961,8646,21,1,1739048518,1764349562,0
LTE,310,260,43777,7286531,-1,-87.0451,36.4147,1176,23,1,1739048618,1763738881,0
LTE,310,260,43777,7286541,-1,-87.0731,36.4328,4566,42,1,1739048678,1765169102,0
LTE,310,260,43777,7219467,-1,-87.1094,36.4569,2127,33,1,1739048828,1765169102,0
LTE,310,260,43777,7219469,-1,-87.1505,36.4813,3334,27,1,1739048918,1787200380,0
LTE,310,260,43777,7013890,-1,-87.2192,36.524,1590,11,1,1739049288,1765169102,0
LTE,310,260,43907,25624066,-1,-87.2709,36.582,1137,32,1,1739049498,1765169102,0
LTE,310,260,43907,25624067,-1,-87.28,36.5956,1179,38,1,1739049578,1765169102,0
LTE,310,260,43907,6396164,-1,-87.2899,36.6083,1195,15,1,1739049648,1765169102,0
LTE,310,260,43777,29517570,-1,-87.5525,36.7685,8368,50,1,1739050378,1754452540,0
LTE,310,260,43777,29517571,-1,-87.6001,36.7896,1575,5,1,1739050818,1769582191,0
LTE,310,260,43777,7306241,-1,-87.6386,36.8185,1464,13,1,1739050958,1763267933,0
LTE,310,260,43777,7312397,-1,-87.7531,36.8928,2141,22,1,1739051378,1782385901,0
LTE,310,260,43777,7299339,-1,-87.7667,36.901,3165,11,1,1739051458,1763745123,0
LTE,310,260,43777,7312661,-1,-87.9617,37.0019,1267,5,1,1739052148,1763745662,0
LTE,310,260,43003,7191554,-1,-88.0606,37.0662,1184,22,1,1739052478,1764345962,0
LTE,310,260,43003,7191327,-1,-88.0997,37.0721,2166,9,1,1739052618,1770791262,0
LTE,310,260,43003,7899423,-1,-88.3523,36.9913,3128,12,1,1739090983,1785990839,0
LTE,310,260,43003,7899425,-1,-88.3795,36.9908,1568,21,1,1739091003,1763746982,0
LTE,310,260,42881,104553473,-1,-88.5916,37.0151,2695,5,1,1739091683,1750521035,0
LTE,310,260,42881,109412365,-1,-88.6719,37.0698,1000,7,1,1739091962,1764344222,0
LTE,310,260,43906,6385166,0,-86.7938,36.1547,1000,10,1,1739918968,1761413705,0
LTE,310,260,43906,26138128,0,-86.7911,36.1578,1000,8,1,1739919054,1761413705,0
LTE,310,260,43906,26138125,0,-86.7885,36.1575,1000,2,1,1739919188,1748234423,0
LTE,310,260,43906,104556289,0,-86.771,36.0696,5181,15,1,1739920606,1767478143,0
LTE,310,260,43906,104556291,0,-86.7738,36.0595,6296,15,1,1739920700,1767478142,0
LTE,310,260,43906,158679811,0,-86.9056,35.5652,8975,25,1,1739924054,1773965943,0
LTE,310,260,43906,8115468,0,-86.8732,35.4138,8551,2,1,1739924963,1748234403,0
LTE,310,260,43906,8115467,0,-86.8815,35.3571,14745,8,1,1739925057,1773988382,0
NR,310,260,11206912,4429734199,-1,-86.6288,36.2555,2625,7,1,1739616772,1769063106,0
LTE,310,410,8195,39333384,-1,-86.4388,36.8897,3924,14,1,1740791265,1786566841,0
LTE,310,410,8195,40151871,-1,-86.4157,36.9381,1000,2,1,1740791513,1785412801,0
LTE,310,410,8195,40787349,-1,-86.2945,37.0136,3229,29,1,1740821485,1752558130,0
LTE,310,410,8195,40804277,-1,-86.3713,37.0078,1000,3,1,1740821619,1759895911,0
LTE,310,410,8195,40796853,-1,-86.3885,36.9857,1000,2,1,1740821689,1761280156,0
NR,310,260,7807744,6550929429,-1,-85.0784,35.0953,1000,8,1,1740980357,1779667022,0
NR,310,260,7807744,6607102255,-1,-85.1073,35.0335,1000,6,1,1741834979,1741873381,0
UMTS,310,260,43777,7312663,0,-88.018,37.0367,1000,1,1,1742582129,1742582129,0
UMTS,310,260,43777,7306263,0,-87.686,36.8393,1000,1,1,1742583434,1742583434,0
UMTS,310,260,43906,27021845,0,-86.7682,36.1738,1000,1,1,1742587992,1742587992,0
UMTS,310,260,44027,31272470,0,-86.2883,35.6682,1000,1,1,1742590555,1742590555,0
UMTS,310,260,30211,43330327,0,-85.73,35.0514,1000,1,1,1742595914,1742595914,0
NR,310,260,8057344,6468309295,-1,-87.7647,35.3005,1000,1,1,1743090443,1743090443,0
LTE,310,260,33021,19292163,0,-88.9503,35.6324,10437,26,1,1743502630,1788291438,0
LTE,310,260,33021,19292162,0,-88.9132,35.638,7589,8,1,1743502747,1788291438,0
LTE,310,260,44029,7311106,0,-87.8028,35.8822,9397,12,1,1743523879,1756852621,0
LTE,310,260,43906,46164738,0,-87.1468,35.9031,1000,2,1,1743545674,1756759081,0
LTE,310,260,43906,26049282,0,-87.0766,35.855,4664,2,1,1743546435,1786595458,0
LTE,310,260,43907,29500930,0,-86.335,36.1922,2417,4,1,1743549102,1788291485,0
LTE,310,260,43907,104501260,0,-86.078,36.1721,14320,7,1,1743549707,1781809922,0
LTE,310,260,44027,8540419,0,-85.9936,36.1727,12394,3,1,1743550187,1781809501,0
LTE,310,260,44027,8525570,0,-85.7499,36.1284,10952,5,1,1743550831,1788291487,0
LTE,310,260,44284,8035842,0,-85.1153,36.0422,1000,1,1,1743553716,1743553716,0
LTE,310,260,44284,7211543,0,-85.1153,36.0422,1000,1,1,1743553854,1743553854,0
LTE,310,260,31233,75119629,0,-86.8174,35.0069,2360,2,1,1743706219,1748012582,0
LTE,310,410,9108,42895766,-1,-85.0893,35.0135,1781,50,1,1743674899,1743712152,0
LTE,310,410,9108,42255639,-1,-85.0833,35.0288,1000,18,1,1743675250,1743712152,0
LTE,310,410,9108,42356760,-1,-85.0663,35.0843,1000,19,1,1743675720,1743712153,0
LTE,310,410,9108,42356909,-1,-85.0624,35.0885,1000,21,1,1743675950,1778387440,0
LTE,310,410,9108,42356758,-1,-85.0465,35.116,1000,11,1,1743676210,1743712153,0
LTE,310,260,43777,7312908,0,-87.484,36.9379,1386,4,1,1744728661,1779229621,0
GSM,310,260,31403,2113,-1,-87.0644,36.5535,1000,1,1,1744732474,1744732474,0
LTE,310,410,8852,42862103,0,-86.8118,36.4394,1000,1,1,1744736354,1744736354,0
LTE,310,260,43906,6387212,0,-86.7243,36.2449,1000,1,1,1744738296,1744738296,0
LTE,310,410,8195,39332616,-1,-86.4598,36.9806,1000,1,1,1746263567,1746263567,0
LTE,310,260,33021,19292161,0,-88.9085,35.6448,4594,27,1,1746461831,1788291438,0
LTE,310,260,43905,30704908,0,-85.0871,35.9932,4774,2,1,1746474414,1777607570,0
LTE,310,260,31233,75119639,0,-86.8108,35.0054,2058,4,1,1746742128,1748012403,0
LTE,310,260,44027,7043596,0,-86.3668,36.1431,1000,2,1,1746827916,1748103361,0
LTE,310,260,43907,6869771,0,-86.4271,36.0171,1000,1,1,1746828533,1746828533,0
LTE,310,260,43906,31646476,0,-87.0662,35.8465,1000,1,1,1746830943,1746830943,0
LTE,310,260,44029,29834253,0,-87.0756,35.8559,18908,4,1,1746831433,1756759141,0
LTE,310,260,44029,29834263,0,-87.0662,35.8465,1000,1,1,1746831542,1746831542,0
LTE,310,260,43906,46164747,0,-87.0717,35.8507,19565,3,1,1746831711,1756759381,0
LTE,310,260,32827,19450882,0,-88.1445,35.8256,13088,11,1,1746836982,1788291440,0
LTE,310,260,32827,18699009,0,-88.4443,35.7733,8236,22,1,1746837885,1788291440,0
LTE,310,260,32827,18638112,0,-88.5164,35.7548,8021,2,1,1746838262,1746838501,0
LTE,310,260,32827,43191071,0,-88.61,35.7179,1584,2,1,1746838327,1772779220,0
LTE,310,260,32827,43191074,0,-88.6335,35.7208,3213,2,1,1746838366,1760586833,0
LTE,310,260,32827,18496001,0,-88.7459,35.681,13946,19,1,1746838640,1788291439,0
LTE,310,410,8704,41301784,-1,-88.9316,35.6381,2474,21,1,1746815785,1746846303,0
LTE,310,410,8704,43349775,-1,-88.8958,35.6486,1000,21,1,1746815965,1746846303,0
LTE,310,410,8704,43317776,-1,-88.8856,35.6524,1000,16,1,1746816005,1746846303,0
LTE,310,410,8704,41239469,-1,-88.8551,35.6637,896,27,1,1746817305,1761885950,0
LTE,310,410,8704,41239479,-1,-88.8591,35.6677,1000,1,1,1746817675,1746817675,0
LTE,310,410,8704,43380751,-1,-88.7891,35.6775,1000,10,1,1746822197,1760243413,0
LTE,310,410,8704,41265581,-1,-88.7958,35.6764,2877,28,1,1746822237,1758599419,0
LTE,310,410,8704,43313424,-1,-88.7553,35.6808,839,26,1,1746822287,1746846305,0
LTE,310,410,8705,43458497,-1,-88.5176,35.7537,1000,21,1,1746823007,1746846307,0
LTE,310,410,8705,43458496,-1,-88.5075,35.7555,1000,11,1,1746823047,1746846307,0
LTE,310,410,8705,43458495,-1,-88.4834,35.7615,1959,43,1,1746823067,1746846308,0
LTE,310,410,8705,43458319,-1,-88.4612,35.7672,1000,11,1,1746823187,1746846308,0
LTE,310,410,8705,43458475,-1,-88.4838,35.7617,4960,27,1,1746823207,1754625552,0
LTE,310,410,8846,41960365,-1,-87.9972,35.8694,8375,33,1,1746824527,1782189203,0
LTE,310,410,8846,41960363,-1,-87.8995,35.8652,5898,29,1,1746824707,1782275541,0
LTE,310,410,8846,41960214,-1,-87.8741,35.8684,1000,11,1,1746824967,1746846365,0
LTE,310,260,44029,7215421,-1,-86.8198,35.5172,1000,1,1,1746809887,1746809887,0
LTE,310,260,43906,48247829,-1,-86.8198,35.5172,1000,1,1,1746810503,1746810503,0
LTE,310,410,8846,42922511,-1,-87.4738,35.9952,1362,8,1,1746826577,1746858482,0
LTE,310,410,8846,42922687,-1,-87.4833,35.9913,1000,16,1,1746826617,1746858482,0
LTE,310,410,8846,43152145,-1,-87.33,36.0207,1100,15,1,1746827508,1774021501,0
LTE,310,410,8836,42893760,-1,-87.1992,35.9486,1000,11,1,1746828018,1746858485,0
LTE,310,410,8846,41858753,-1,-87.1712,35.9197,1749,50,1,1746828098,1746858486,0
LTE,310,410,8856,42860225,-1,-87.1007,35.8801,1000,21,1,1746828278,1746858487,0
LTE,310,410,8856,42860049,-1,-87.1174,35.8889,1000,17,1,1746828308,1746858486,0
LTE,310,410,8856,42860224,-1,-87.0785,35.8573,2307,23,1,1746828408,1746858487,0
LTE,310,410,8856,42860048,-1,-87.0661,35.8457,1000,21,1,1746828507,1746858487,0
LTE,310,410,8856,42812945,-1,-87.0613,35.8358,1000,16,1,1746828548,1746858487,0
LTE,310,410,8856,42556938,-1,-87.0501,35.8247,1000,6,1,1746828608,1746858487,0
LTE,310,410,8856,41900816,-1,-87.0052,35.8171,1511,22,1,1746828698,1746858488,0
LTE,310,410,8856,42812943,-1,-87.0092,35.8185,1000,14,1,1746828718,1746858488,0
LTE,310,410,8856,41800640,-1,-86.956,35.8205,1646,21,1,1746828828,1746858488,0
LTE,310,410,8856,43016721,-1,-86.8857,35.8216,1000,11,1,1746829058,1746858489,0
LTE,310,410,8856,42931992,-1,-86.8641,35.8213,1419,29,1,1746829078,1746858489,0
LTE,310,410,8856,41875720,-1,-86.8175,35.8198,1000,11,1,1746829248,1746858489,0
LTE,310,410,8856,41796031,-1,-86.7369,35.8282,1000,15,1,1746829458,1746858490,0
LTE,310,410,8833,42604716,-1,-86.7213,35.8356,1406,12,1,1746829518,1756009981,0
LTE,310,410,8856,42604297,-1,-86.6743,35.8463,1000,16,1,1746829648,1746858491,0
LTE,310,410,8856,41836822,-1,-86.501,35.8713,1181,9,1,1746830118,1765428689,0
LTE,310,410,8837,41786541,-1,-86.4256,35.8366,1612,11,1,1746830408,1759638782,0
LTE,310,410,8837,41787819,-1,-86.4092,35.8235,1221,22,1,1746830438,1757131237,0
LTE,310,410,8837,43231927,-1,-86.3989,35.8141,1000,17,1,1746830508,1785403681,0
LTE,310,410,8837,41934872,-1,-86.1912,35.5498,1920,12,1,1746831618,1773929942,0
LTE,310,410,8837,42956305,-1,-86.0965,35.5044,1000,6,1,1746832788,1746858499,0
LTE,310,410,8837,41780751,-1,-85.9524,35.3537,1000,16,1,1746833418,1746858501,0
LTE,310,410,8839,43258897,-1,-85.8915,35.2774,1667,12,1,1746833728,1756613063,0
LTE,310,410,8839,43258896,-1,-85.8882,35.2692,1235,7,1,1746833768,1756613063,0
LTE,310,410,8839,42302224,-1,-85.7666,35.1353,2008,32,1,1746834528,1746858542,0
LTE,310,410,8839,42968257,-1,-85.6639,35.0452,2692,50,1,1746834978,1746858544,0
LTE,310,410,8839,42968080,-1,-85.6342,35.0494,1000,19,1,1746835158,1746858544,0
LTE,310,410,8839,42968079,-1,-85.5674,35.118,2568,22,1,1746835508,1746858546,0
LTE,310,410,8849,42822160,-1,-85.5596,35.1273,3596,36,1,1746835518,1746858546,0
LTE,310,410,8839,42966799,-1,-85.5755,35.1065,1000,6,1,1746835548,1746858545,0
LTE,310,410,8849,42257161,-1,-85.5361,35.165,3616,45,1,1746835698,1746858546,0
LTE,310,410,8849,42822336,-1,-85.5417,35.1535,1000,6,1,1746835778,1746858546,0
LTE,310,410,8849,42257162,-1,-85.5254,35.1869,1000,17,1,1746835918,1746858546,0
LTE,310,410,8849,42822159,-1,-85.4677,35.2058,2432,51,1,1746836128,1754694855,0
LTE,310,410,8849,42257323,-1,-85.4708,35.2591,1000,4,1,1746836368,1746858547,0
LTE,310,410,9101,42245803,-1,-85.3079,35.1909,1918,42,1,1746873691,1747001890,0
LTE,310,410,9101,42245813,-1,-85.2876,35.2098,1000,20,1,1746874121,1747001882,0
LTE,310,410,9108,42354456,-1,-85.2671,35.2177,1000,20,1,1746874271,1748068562,0
LTE,310,410,9101,42811407,-1,-85.2416,35.1268,1000,11,1,1746875141,1747001884,0
LTE,310,410,9101,42811583,-1,-85.2403,35.1256,1000,6,1,1746875351,1747001884,0
LTE,310,410,9101,42811541,-1,-85.2399,35.1263,1000,4,1,1746875703,1747001884,0
LTE,310,410,9101,42811603,-1,-85.2402,35.1259,1000,4,1,1746876903,1747001884,0
LTE,310,410,9101,42864145,-1,-85.286,35.0541,1000,22,1,1746983481,1747005303,0
LTE,310,410,9101,43243024,-1,-85.2989,35.0519,1000,13,1,1746983591,1747005303,0
LTE,310,410,9101,43243023,-1,-85.3048,35.0538,1000,11,1,1746983631,1747005303,0
LTE,310,410,9101,43011087,-1,-85.3071,35.0557,1000,4,1,1746983661,1747005303,0
LTE,310,410,9101,43154449,-1,-85.3094,35.0566,1000,5,1,1746983671,1747005303,0
LTE,310,410,9101,43229456,-1,-85.3126,35.0561,1000,7,1,1746983691,1747005303,0
LTE,310,410,9101,43229632,-1,-85.3159,35.0589,786,33,1,1746983721,1747012381,0
LTE,310,410,9101,42916800,-1,-85.3152,35.0555,1000,1,1,1746985656,1746985656,0
LTE,310,410,9101,43011265,-1,-85.314,35.0544,1000,9,1,1746985797,1747012381,0
LTE,310,410,9101,43472832,-1,-85.3215,35.0761,1000,22,1,1746986027,1748327793,0
LTE,310,410,9101,43472831,-1,-85.3219,35.0795,1000,6,1,1746986047,1747012381,0
LTE,310,410,9101,43472655,-1,-85.3238,35.0845,1000,21,1,1746986057,1748327793,0
LTE,310,410,9101,42244021,-1,-85.3223,35.0931,1000,20,1,1746986087,1747012382,0
LTE,310,410,9101,43198390,-1,-85.3148,35.1028,1000,15,1,1746986126,1747012382,0
LTE,310,410,9101,42346935,-1,-85.3127,35.1053,1000,6,1,1746986157,1747012382,0
LTE,310,410,9108,42354615,-1,-85.248,35.1873,1000,9,1,1746986547,1747012383,0
LTE,310,410,9101,42251701,-1,-85.2284,35.2042,2722,51,1,1746986557,1747012384,0
LTE,310,410,9108,42240439,-1,-85.1914,35.2374,1052,23,1,1746986807,1782090847,0
LTE,310,410,9108,42284737,-1,-85.177,35.2487,1461,49,1,1746986867,1782329462,0
LTE,310,410,9108,43333056,-1,-85.1396,35.2497,2861,33,1,1746986927,1782329041,0
LTE,310,410,9108,42253751,-1,-85.1607,35.3239,1000,6,1,1746987217,1747012385,0
LTE,310,410,9093,42267063,-1,-85.163,35.3278,1000,11,1,1746987227,1747012385,0
LTE,310,410,9108,42830097,-1,-85.1671,35.3375,821,26,1,1746987247,1747012386,0
LTE,310,410,8849,42962447,-1,-85.3897,35.3731,3116,35,1,1746987737,1748068598,0
LTE,310,260,43777,7217410,0,-86.7909,36.4101,1000,1,1,1746935625,1746935625,0
LTE,310,260,44029,29649677,0,-86.6905,35.6787,1000,1,1,1746945958,1746945958,0
LTE,310,410,8852,43018000,0,-86.8564,36.4841,1000,1,1,1746967616,1746967616,0
LTE,310,260,44027,8102668,0,-86.4632,35.9174,1000,1,1,1746977041,1746977041,0
LTE,310,260,43907,63861527,0,-87.4936,37.0949,1000,1,1,1747010770,1747010770,0
LTE,310,260,43777,7312918,0,-87.452,36.9286,1000,1,1,1747013028,1747013028,0
LTE,310,410,8852,42606096,0,-86.8252,36.4282,1000,1,1,1747017948,1747017948,0
LTE,310,260,43906,26138135,0,-86.789,36.1581,1000,1,1,1747021827,1747021827,0
LTE,310,260,43906,104556299,0,-86.7708,36.0659,1000,8,1,1747029889,1753355401,0
LTE,310,410,8856,41825461,0,-86.6701,35.8129,1000,1,1,1747032211,1747032211,0
LTE,310,410,8846,42584329,0,-87.4789,37.0506,1268,2,1,1747054501,1782912781,0
LTE,310,410,8195,39264438,0,-87.2673,36.7115,1000,1,1,1747057191,1747057191,0
LTE,310,260,43777,30141453,0,-87.0449,36.5685,1000,1,1,1747058354,1747058354,0
LTE,310,260,43777,7216899,0,-86.8708,36.4929,1000,1,1,1747059679,1747059679,0
LTE,310,260,43777,7217421,0,-86.8041,36.4311,1000,1,1,1747060741,1747060741,0
LTE,310,260,43906,6997249,0,-86.7055,36.2842,1105,23,1,1747062491,1768773901,0
LTE,310,260,43777,158211334,0,-86.7371,36.2165,1000,1,1,1747063155,1747063155,0
LTE,310,260,43906,27021825,0,-86.7702,36.1743,1000,4,1,1747063859,1768402682,0
LTE,310,260,43906,9116929,0,-86.774,36.1486,1020,16,1,1747065224,1788291484,0
LTE,310,410,8856,42630410,0,-86.5051,35.9508,1000,1,1,1747069293,1747069293,0
LTE,310,410,8856,42630581,0,-86.4673,35.9975,1000,1,1,1747069604,1747069604,0
LTE,310,260,44027,30142466,0,-86.4926,35.9452,1000,1,1,1747070058,1747070058,0
LTE,310,260,43907,50391563,0,-86.2207,35.3692,1000,1,1,1747076365,1747076365,0
LTE,310,260,43907,154894860,0,-86.0566,35.2098,1000,1,1,1747079070,1747079070,0
LTE,310,260,43907,155102210,0,-86.0087,35.1621,1000,1,1,1747079694,1747079694,0
LTE,310,410,8839,42947592,0,-85.9207,35.0734,1000,1,1,1747081111,1747081111,0
LTE,310,260,30211,43330316,0,-85.6998,35.0119,1000,17,1,1747084205,1787513526,0
LTE,310,410,8839,42275608,0,-85.5875,35.0348,1372,3,1,1747085125,1782927361,0
LTE,310,410,8839,42275593,0,-85.5371,35.0136,3383,29,1,1747085357,1787513498,0
LTE,310,410,9101,42344659,0,-85.3728,35.0204,1000,1,1,1747090030,1747090030,0
LTE,310,410,9101,42249909,0,-85.2133,35.067,1000,1,1,1747092598,1747092598,0
LTE,310,260,43777,7312907,0,-87.4728,36.9808,2128,4,1,1747131028,1785298261,0
LTE,310,410,8195,39341239,0,-87.1795,36.7422,1000,1,1,1747133618,1747133618,0
LTE,310,410,8195,40545546,0,-87.2058,36.6791,1000,1,1,1747133785,1747133785,0
LTE,310,260,43777,158211341,0,-86.7368,36.2084,1000,1,1,1747138413,1747138413,0
LTE,310,260,43906,27021835,0,-86.769,36.1737,1000,2,1,1747139056,1763737506,0
LTE,310,260,43906,26138124,0,-86.7837,36.1563,1000,1,1,1747142489,1747142489,0
LTE,310,410,9101,42344660,0,-85.3936,35.0022,1000,1,1,1747163862,1747163862,0
LTE,310,260,43003,7039501,0,-88.7217,36.9837,1000,1,1,1747184001,1747184001,0
LTE,310,260,43003,7967501,0,-88.8719,36.5737,1000,1,1,1747185937,1747185937,0
LTE,310,260,32827,3646987,0,-88.8862,36.5107,1000,1,1,1747186306,1747186306,0
LTE,310,410,8704,41352119,0,-88.8938,36.5122,1000,1,1,1747187120,1747187120,0
LTE,310,260,43906,9529612,0,-86.7649,36.1202,1000,13,1,1747206640,1753355402,0
LTE,310,410,8832,42625032,0,-86.6842,35.6623,1000,1,1,1747213282,1747213282,0
LTE,310,260,43777,7312909,0,-87.496,36.966,1000,1,1,1747222781,1747222781,0
LTE,310,260,43907,31073281,0,-86.9207,36.4926,1000,1,1,1747226775,1747226775,0
LTE,310,410,8852,41784758,0,-86.7979,36.4034,1000,1,1,1747227850,1747227850,0
LTE,310,260,43906,26993410,0,-86.7732,36.1773,1000,3,1,1747232047,1768402682,0
LTE,310,260,30507,68136961,0,-85.0801,35.439,1000,1,1,1747241090,1747241090,0
LTE,310,260,43907,50391566,0,-86.2149,35.3668,1000,1,1,1747242278,1747242278,0
LTE,310,410,8837,41944247,0,-86.2126,35.3643,1000,1,1,1747242450,1747242450,0
LTE,310,260,30499,43628291,0,-85.2126,35.1551,1000,1,1,1747243773,1747243773,0
LTE,310,410,8839,42947594,0,-85.9281,35.0845,1000,1,1,1747246154,1747246154,0
LTE,310,260,30499,43427586,0,-85.1976,35.0736,1000,1,1,1747246499,1747246499,0
LTE,310,260,30499,44208641,0,-85.2163,35.041,1000,1,1,1747261714,1747261714,0
LTE,310,260,43777,30141441,0,-86.9952,36.5612,1000,1,1,1747284451,1747284451,0
LTE,310,260,43906,26138117,0,-86.7841,36.1574,1000,1,1,1747292342,1747292342,0
LTE,310,260,43906,50414595,0,-86.6861,35.7759,1000,1,1,1747296086,1747296086,0
LTE,310,410,8832,43307957,0,-86.8801,35.7158,1000,2,1,1747360094,1770126961,0
LTE,310,260,43777,7299587,0,-87.4812,37.0737,1000,1,1,1747364513,1747364513,0
LTE,310,410,8852,41789623,0,-86.9019,36.5044,1000,1,1,1747370435,1747370435,0
UMTS,310,260,24624,42871319,0,-85.6906,35.0191,1000,1,1,1747370936,1747370936,0
UMTS,310,260,24624,42934294,0,-85.8713,35.2416,1000,1,1,1747372275,1747372275,0
LTE,310,260,43906,6997254,0,-86.7108,36.2741,1000,11,1,1747373096,1768402682,0
LTE,310,260,43777,158211339,0,-86.7334,36.2232,1000,1,1,1747373438,1747373438,0
LTE,310,410,8840,43142152,0,-86.7502,36.2011,1000,1,1,1747374430,1747374430,0
UMTS,310,410,10320,43193359,0,-86.5249,35.9329,1000,1,1,1747375448,1747375448,0
UMTS,310,260,47136,25651735,0,-86.6128,35.9779,1000,1,1,1747375919,1747375919,0
UMTS,310,260,45072,7033367,0,-86.7973,36.2952,1000,1,1,1747378208,1747378208,0
UMTS,310,410,10368,41731345,0,-86.8562,36.3222,1000,1,1,1747378315,1747378315,0
LTE,310,260,43906,9116940,0,-86.7761,36.1376,1000,11,1,1747378910,1760834701,0
LTE,310,260,43906,31667216,0,-86.7865,36.0347,1000,3,1,1747380819,1753355401,0
UMTS,310,260,45072,29517590,0,-87.5584,36.7264,1000,1,1,1747383175,1747383175,0
LTE,310,260,43906,63863043,0,-86.7335,35.8727,1000,1,1,1747383357,1747383357,0
UMTS,310,260,32688,30295830,0,-88.6296,36.9815,1000,1,1,1747386824,1747386824,0
LTE,310,260,43906,8115469,0,-86.8822,35.3176,2430,21,1,1747393199,1773988383,0
LTE,310,260,44029,30142732,0,-86.8807,35.0796,1105,5,1,1747394552,1773988383,0
LTE,310,260,43777,7218179,0,-86.7691,36.3933,1000,1,1,1747410560,1747410560,0
LTE,310,410,8838,42631945,0,-86.7717,36.1763,1000,2,1,1747413206,1773933541,0
LTE,310,260,43907,98555927,0,-86.5393,36.0192,1000,1,1,1747417306,1747417306,0
LTE,310,410,8837,43224585,0,-86.3423,35.5833,1000,1,1,1747420635,1747420635,0
LTE,310,260,43907,104222988,0,-86.1285,35.2629,1000,1,1,1747423596,1747423596,0
LTE,310,260,43003,7967491,0,-88.8664,36.5708,1000,1,1,1747446640,1747446640,0
GSM,310,260,31403,2112,-1,-87.0511,36.4911,1000,1,1,1747484646,1747484646,0
LTE,310,410,8838,42631946,0,-86.7885,36.174,1000,1,1,1747489752,1747489752,0
LTE,310,410,8837,41884438,0,-86.4629,35.9233,1000,1,1,1747493633,1747493633,0
LTE,310,260,32827,19450881,0,-88.1237,35.8266,14862,28,1,1747521680,1788291441,0
LTE,310,260,32827,18496003,0,-88.779,35.6772,1154,6,1,1747692684,1788291439,0
LTE,310,260,32827,18809110,0,-88.7235,35.6906,4798,3,1,1747692953,1788291439,0
LTE,310,260,44029,29514497,0,-86.825,35.8232,1000,1,1,1747740042,1747740042,0
LTE,310,260,44027,7059203,0,-85.735,36.097,8630,9,1,1747744150,1788291488,0
LTE,310,260,44027,7059201,0,-85.7076,36.1044,10460,23,1,1747744190,1788291488,0
LTE,310,260,43907,104271618,0,-85.6903,36.1225,11442,16,1,1747744419,1788291488,0
LTE,310,260,43905,7954947,0,-85.0939,36.0298,1000,1,1,1747746315,1747746315,0
LTE,310,260,43905,7954957,0,-85.0939,36.0298,1000,1,1,1747746350,1747746350,0
LTE,310,260,44161,8453891,0,-85.0409,35.9983,8817,22,1,1747746475,1788291491,0
LTE,310,260,44161,8453890,0,-85.0218,35.9856,11038,8,1,1747746504,1788291491,0
LTE,310,260,44161,8453889,0,-85.0019,35.9757,12358,27,1,1747746533,1788291491,0
LTE,310,410,8840,43131672,0,-86.7357,36.2213,1000,1,1,1747718280,1747718280,0
LTE,310,260,43906,9529604,0,-86.7726,36.1248,1000,12,1,1747720771,1767478143,0
LTE,310,260,43907,7312130,0,-87.4689,36.7995,1000,1,1,1747742596,1747742596,0
NR,310,260,11207168,4302192662,-1,-87.3512,36.5264,1000,1,1,1747810297,1747810297,0
LTE,310,260,44029,7311105,0,-87.7305,35.8762,6203,7,1,1747777160,1788291442,0
LTE,310,410,9101,42362391,0,-85.184,35.0132,1000,2,1,1747796709,1776957121,0
LTE,310,260,43906,8690192,0,-86.5826,36.0236,1000,1,1,1747835648,1747835648,0
LTE,310,410,9093,42355465,0,-85.0992,35.4025,4265,2,1,1747842105,1782090905,0
LTE,310,410,8846,41733047,0,-87.4833,36.9397,1000,1,1,1747885327,1747885327,0
LTE,310,410,8837,41770007,0,-86.4255,35.6444,1000,1,1,1747930702,1747930702,0
LTE,310,410,8195,39341066,0,-87.18,36.7432,1000,1,1,1747966413,1747966413,0
LTE,310,410,8840,42951351,0,-86.7249,36.2348,1000,1,1,1747971360,1747971360,0
LTE,310,260,43906,6386691,0,-86.7497,36.2072,1000,1,1,1747972577,1747972577,0
LTE,310,410,8847,41803798,0,-87.0644,36.5818,1000,1,1,1748000718,1748000718,0
LTE,310,260,43907,31073291,0,-86.9199,36.4883,1382,14,1,1748002082,1765169103,0
LTE,310,260,43777,7218189,0,-86.7724,36.3955,1000,1,1,1748003467,1748003467,0
LTE,310,260,43906,9280011,0,-86.7147,36.2566,1000,1,1,1748004498,1748004498,0
LTE,310,260,43777,158211331,0,-86.7351,36.2082,1000,1,1,1748005151,1748005151,0
LTE,310,260,43906,27206668,0,-86.6749,36.0765,1000,1,1,1748008380,1748008380,0
LTE,310,260,43907,6780931,0,-86.4284,35.8792,1000,1,1,1748012521,1748012521,0
LTE,310,410,8837,43224586,0,-86.3632,35.5889,1000,1,1,1748016560,1748016560,0
LTE,310,260,43907,104222978,0,-86.1244,35.2595,1000,1,1,1748019711,1748019711,0
LTE,310,260,43907,155102220,0,-85.9943,35.1687,1000,1,1,1748021470,1748021470,0
LTE,310,410,9101,42859456,-1,-85.3508,35.1893,1000,22,1,1747491325,1748068563,0
LTE,310,410,9101,42920383,-1,-85.3559,35.1925,1000,4,1,1747491395,1748068563,0
LTE,310,410,9101,42859279,-1,-85.372,35.2039,2939,49,1,1747491405,1748327797,0
LTE,310,410,8849,42962624,-1,-85.3872,35.3049,5181,30,1,1747491995,1748327799,0
LTE,310,410,9101,42343605,-1,-85.2672,35.0189,1000,3,1,1748014309,1748068568,0
LTE,310,260,43905,8613181,0,-85.0132,35.9814,3817,2,1,1748099168,1756751521,0
LTE,310,260,43905,8613131,0,-85.0968,36.0318,13197,16,1,1748099203,1788291490,0
LTE,310,260,43905,8613133,0,-85.1398,36.045,17210,24,1,1748099333,1788291490,0
LTE,310,260,43905,8574467,0,-85.2494,36.1148,8899,29,1,1748099708,1788291490,0
LTE,310,260,43907,104651789,0,-85.5613,36.1377,10306,21,1,1748100789,1788291488,0
LTE,310,260,44027,7043595,0,-86.3217,36.1836,1000,1,1,1748103252,1748103252,0
LTE,310,260,44029,29517119,0,-86.9432,35.8218,1000,1,1,1748106074,1748106074,0
LTE,310,260,43906,26049292,0,-87.0894,35.873,8203,2,1,1748106336,1748106481,0
LTE,310,260,43906,26049293,0,-87.092,35.8752,1000,1,1,1748106618,1748106618,0
LTE,310,260,43906,46164748,0,-87.1827,35.932,6084,2,1,1748106942,1756759081,0
LTE,310,410,9101,43223765,0,-85.5211,35.005,1000,1,1,1748059023,1748059023,0
LTE,310,260,43777,7217420,0,-86.7816,36.4071,1000,1,1,1748065175,1748065175,0
LTE,310,410,8840,43067144,0,-86.7454,36.2241,1000,1,1,1748069320,1748069320,0
LTE,310,260,43906,26138118,0,-86.7911,36.1551,1000,5,1,1748070539,1759956183,0
LTE,310,410,8834,41832631,0,-87.365,36.6551,2192,3,1,1748073704,1782917102,0
LTE,310,260,43906,162798851,0,-86.7247,35.6001,1000,1,1,1748083628,1748083628,0
LTE,310,260,43906,26138127,0,-86.782,36.1527,1000,2,1,1748092124,1760834701,0
LTE,310,260,43906,156006915,0,-86.7812,36.1517,1000,1,1,1748092489,1748092489,0
LTE,310,260,32827,18698784,0,-88.2522,35.8088,10423,3,1,1748153347,1762577804,0
LTE,310,260,32827,18699029,0,-88.3027,35.8158,14903,2,1,1748153751,1781843500,0
LTE,310,260,32827,17667361,0,-88.9116,35.6438,1000,1,1,1748155127,1748155127,0
LTE,310,260,33021,19292193,0,-88.954,35.6312,1000,2,1,1748155409,1757046909,0
LTE,310,260,30499,223432962,0,-85.2574,35.059,1000,1,1,1748120531,1748120531,0
LTE,310,410,8197,39209481,0,-88.8451,36.6444,1000,1,1,1748132667,1748132667,0
LTE,310,260,32827,3646989,0,-88.9105,36.4932,1000,1,1,1748135252,1748135252,0
LTE,310,260,32827,3646979,0,-88.91,36.492,1000,1,1,1748135342,1748135342,0
LTE,310,410,8846,42584343,0,-87.4838,37.0369,1000,1,1,1748152850,1748152850,0
LTE,310,410,8846,43037631,0,-87.4465,36.8308,1000,1,1,1748154944,1748154944,0
GSM,310,260,31403,2111,-1,-86.9244,36.6016,1000,1,1,1748157746,1748157746,0
LTE,310,410,8852,42606097,0,-86.8344,36.4582,1000,1,1,1748158836,1748158836,0
LTE,310,260,43777,6869005,0,-86.7328,36.3515,1000,1,1,1748160154,1748160154,0
LTE,310,410,8840,43131658,0,-86.735,36.2224,1000,1,1,1748162250,1748162250,0
LTE,310,260,43906,6386701,0,-86.7503,36.2053,1089,16,1,1748162558,1773965946,0
LTE,310,410,8833,43053321,0,-86.7757,35.9203,1000,1,1,1748166819,1748166819,0
LTE,310,260,43906,63863053,0,-86.747,35.8447,7081,2,1,1748167264,1748276941,0
LTE,310,260,43906,50414605,0,-86.6812,35.781,1000,1,1,1748167643,1748167643,0
LTE,310,260,44029,29649667,0,-86.6924,35.6815,1000,1,1,1748168197,1748168197,0
LTE,310,410,8832,43036688,0,-86.8018,35.426,1000,1,1,1748169625,1748169625,0
LTE,310,260,30499,222220801,0,-85.1209,35.3605,2516,10,1,1748170261,1783708287,0
LTE,310,260,44029,7299842,0,-86.8475,35.2715,1000,1,1,1748172550,1748172550,0
LTE,310,260,43777,7299596,0,-87.4665,37.0448,1000,1,1,1748176861,1748176861,0
LTE,310,260,43777,7534347,0,-87.4769,36.9092,1000,1,1,1748178060,1748178060,0
LTE,310,260,43906,6386700,0,-86.7379,36.2184,1000,1,1,1748187830,1748187830,0
LTE,310,260,43906,26138115,0,-86.7866,36.1576,1000,1,1,1748190351,1748190351,0
LTE,310,260,43777,6384142,0,-86.7065,36.1076,1000,1,1,1748192287,1748192287,0
LTE,310,260,43906,50504707,0,-86.649,36.0327,1000,3,1,1748192689,1753355404,0
LTE,310,260,43906,8690188,0,-86.5586,36.0108,1000,1,1,1748193190,1748193190,0
LTE,310,260,43906,8690178,0,-86.5581,36.0119,1000,1,1,1748193241,1748193241,0
LTE,310,260,44029,7631362,0,-87.6985,35.8787,1098,16,1,1748273528,1788291442,0
LTE,310,260,44029,7631363,0,-87.6867,35.8834,1194,4,1,1748273563,1788291442,0
LTE,310,260,44029,7631361,0,-87.6667,35.8858,1417,20,1,1748273592,1788291442,0
LTE,310,260,44029,7215106,0,-87.6302,35.9004,3498,18,1,1748273658,1788291442,0
LTE,310,260,44027,8105741,0,-86.6682,35.847,1000,2,1,1748276980,1748841158,0
LTE,310,260,43905,8574465,0,-85.2518,36.1024,7860,5,1,1748320439,1788291489,0
LTE,310,410,9101,42984720,-1,-85.2138,35.0029,1000,15,1,1748303993,1785368581,0
LTE,310,410,9101,42267927,-1,-85.2162,35.0051,2223,13,1,1748304063,1785362101,0
LTE,310,410,9101,42267928,-1,-85.2457,35.0121,1839,25,1,1748304093,1779922811,0
LTE,310,410,9101,43198380,-1,-85.3315,35.1031,1000,18,1,1748304873,1748327794,0
LTE,310,410,9101,42284991,-1,-85.3937,35.2136,1000,5,1,1748306044,1748327797,0
LTE,310,260,43907,155102219,0,-86.0508,35.2276,1000,1,1,1748200507,1748200507,0
LTE,310,260,43907,156028172,0,-86.0842,35.1782,1000,1,1,1748200729,1748200729,0
LTE,310,410,9101,43444496,0,-85.2087,35.0775,1000,1,1,1748218461,1748218461,0
LTE,310,260,43907,7312140,0,-87.4718,36.7966,1000,1,1,1748256162,1748256162,0
LTE,310,260,43777,7299586,0,-87.464,37.0487,1000,1,1,1748312995,1748312995,0
LTE,310,260,43777,7217411,0,-86.8089,36.4629,3592,2,1,1748319738,1765169103,0
LTE,310,410,8833,43053320,0,-86.7629,35.9439,1000,1,1,1748328296,1748328296,0
LTE,310,260,43777,7216909,0,-86.8829,36.4923,1000,1,1,1748344249,1748344249,0
LTE,310,260,43777,7059724,0,-86.5067,36.1905,1000,1,1,1748378449,1748378449,0
LTE,310,260,43777,7060236,0,-86.5252,36.2566,1000,1,1,1748378679,1748378679,0
LTE,310,410,8839,41953718,0,-85.8497,35.2401,1000,1,1,1748385780,1748385780,0
LTE,310,260,43777,30868225,0,-87.1013,36.5982,1000,1,1,1748400170,1748400170,0
LTE,310,260,43906,25680908,0,-86.6571,36.143,5341,6,1,1748403193,1788291484,0
LTE,310,260,43906,156006925,0,-86.7813,36.1519,1000,1,1,1748410515,1748410515,0
LTE,310,260,43906,31074818,0,-86.5259,36.2699,1000,1,1,1748419250,1748419250,0
LTE,310,410,8837,41834262,0,-86.4387,35.9871,1000,1,1,1748448551,1748448551,0
LTE,310,260,43906,7948813,0,-86.4711,36.1937,1000,1,1,1748468263,1748468263,0
LTE,310,260,43777,30141442,0,-87.0105,36.543,1000,1,1,1748486760,1748486760,0
LTE,310,260,43777,30549005,0,-87.0822,36.7264,1000,1,1,1748515956,1748515956,0
LTE,310,260,30507,68136963,0,-85.1119,35.3796,1000,1,1,1748517087,1748517087,0
LTE,310,260,43906,25680910,0,-86.6685,36.1372,2108,11,1,1748521974,1788291484,0
LTE,310,260,43906,25680909,0,-86.6749,36.1367,2171,22,1,1748521980,1788291484,0
LTE,310,260,43907,50505227,0,-86.3222,35.5458,1000,1,1,1748530958,1748530958,0
LTE,310,260,43907,50505219,0,-86.3329,35.5276,1000,1,1,1748531261,1748531261,0
LTE,310,260,30507,68136971,0,-85.0799,35.4363,1000,1,1,1748532164,1748532164,0
LTE,310,260,43906,25805825,0,-86.8118,36.2227,1000,1,1,1748532453,1748532453,0
LTE,310,410,9108,42258954,0,-85.0012,35.0499,1000,1,1,1748538535,1748538535,0
LTE,310,410,9101,43444692,0,-85.2134,35.0813,1000,1,1,1748550689,1748550689,0
LTE,310,410,8840,43131657,0,-86.7332,36.2093,1000,1,1,1748579463,1748579463,0
LTE,310,260,43906,9529615,0,-86.7696,36.1157,1000,3,1,1748582229,1753355402,0
LTE,310,260,43906,6998542,0,-86.8082,36.2335,1000,1,1,1748587744,1748587744,0
LTE,310,410,8846,41846455,0,-87.2238,36.0224,1000,1,1,1748594921,1748594921,0
GSM,310,260,31403,3073,-1,-87.6184,35.9086,1000,1,1,1748596253,1748596253,0
LTE,310,260,32827,18638103,0,-88.6028,35.8174,1000,1,1,1748599236,1748599236,0
LTE,310,410,8852,41738008,0,-86.8729,36.4905,1000,1,1,1748667715,1748667715,0
LTE,310,260,44029,6957067,0,-86.7688,35.9453,1000,1,1,1748677281,1748677281,0
LTE,310,410,8832,41758902,0,-86.8786,35.1401,1000,1,1,1748686836,1748686836,0
LTE,310,260,30499,223631873,0,-85.0178,35.4959,1000,2,1,1748687175,1758584642,0
LTE,310,260,43777,7299597,0,-87.4893,37.0682,1000,1,1,1748690702,1748690702,0
LTE,310,260,43907,7312139,0,-87.4624,36.8396,1000,1,1,1748692620,1748692620,0
LTE,310,260,43907,30201357,0,-86.9602,36.5462,1000,1,1,1748695810,1748695810,0
LTE,310,260,43906,6997264,0,-86.7137,36.2796,1000,1,1,1748699372,1748699372,0
LTE,310,260,43906,6997259,0,-86.708,36.2889,1000,1,1,1748699449,1748699449,0
LTE,310,260,43906,8690181,0,-86.5723,36.0126,1000,1,1,1748705164,1748705164,0
LTE,310,260,43906,8690182,0,-86.5827,36.0236,1000,1,1,1748705186,1748705186,0
GSM,310,260,31402,3771,-1,-86.3422,35.5351,1000,1,1,1748710433,1748710433,0
LTE,310,260,43907,104222989,0,-86.1434,35.2888,1000,1,1,1748712959,1748712959,0
LTE,310,410,8839,42589200,0,-85.9069,35.0144,1000,1,1,1748716960,1748716960,0
LTE,310,410,8839,42947593,0,-85.9074,35.0455,1000,1,1,1748717035,1748717035,0
LTE,310,410,9101,43444662,0,-85.2133,35.0813,1000,1,1,1748728749,1748728749,0
LTE,310,410,8852,41738166,0,-86.8528,36.4802,1000,1,1,1748753041,1748753041,0
LTE,310,260,43777,6398477,0,-86.7533,36.1774,1000,1,1,1748758402,1748758402,0
LTE,310,260,43906,50414593,0,-86.6636,35.8108,1000,1,1,1748765869,1748765869,0
LTE,310,410,8856,42630582,0,-86.4841,35.9397,1000,1,1,1748793907,1748793907,0
LTE,310,410,8704,41351945,0,-88.8953,36.4843,1000,1,1,1748826048,1748826048,0
LTE,310,410,8846,41745433,0,-87.4791,36.8627,1000,1,1,1748834135,1748834135,0
LTE,310,260,30211,223663627,0,-85.7413,35.1051,1000,2,1,1748956032,1763728921,0
LTE,310,260,32770,3301182,-1,-88.5214,35.0146,1000,12,1,1749325399,1749353225,0
LTE,310,260,32770,73753602,-1,-88.5695,35.1346,1589,43,1,1749325889,1749353227,0
LTE,310,260,32774,41422909,-1,-88.6134,35.1891,1000,16,1,1749326449,1749353228,0
LTE,310,260,32770,41444415,-1,-88.7513,35.5114,1067,16,1,1749327989,1749353231,0
LTE,310,260,32770,158681152,-1,-88.7488,35.5097,1000,11,1,1749328009,1749353231,0
LTE,310,260,32827,18916630,-1,-88.7638,35.52,1000,6,1,1749328079,1749353231,0
LTE,310,260,32770,41444375,-1,-88.767,35.5221,1000,11,1,1749328089,1749353231,0
LTE,310,260,33021,75137026,-1,-88.8575,35.6434,1000,1,1,1749330819,1749330819,0
LTE,310,410,9101,42843664,0,-85.3937,35.0026,1000,1,1,1749287725,1749287725,0
LTE,310,260,30211,223663638,0,-85.6972,35.0852,1000,1,1,1749289158,1749289158,0
LTE,310,260,30211,223029014,0,-85.7744,35.1442,1000,1,1,1749289358,1749289358,0
LTE,310,260,30211,223029004,0,-85.747,35.1116,1417,2,1,1749289390,1763728921,0
LTE,310,260,30211,223714061,0,-85.8362,35.2388,1000,2,1,1749290116,1763729702,0
LTE,310,410,8839,41953553,0,-85.8713,35.2464,1000,1,1,1749292413,1749292413,0
LTE,310,410,8837,42664811,0,-86.0631,35.4748,1000,1,1,1749293565,1749293565,0
LTE,310,410,8837,42237975,0,-86.0669,35.4815,1000,1,1,1749293621,1749293621,0
LTE,310,410,8838,42823951,0,-86.7752,36.1876,1000,1,1,1749297180,1749297180,0
LTE,310,260,43906,6397453,0,-86.7769,36.191,1000,2,1,1749297316,1763737622,0
LTE,310,260,43906,6387221,0,-86.7386,36.2633,1000,1,1,1749297647,1749297647,0
LTE,310,260,43907,105750294,0,-86.6644,36.4604,1457,2,1,1749298647,1758563641,0
LTE,310,410,8195,40796687,0,-86.3924,36.9797,1000,1,1,1749300686,1749300686,0
LTE,310,260,43906,30937356,0,-86.6905,36.1541,1000,1,1,1749493149,1749493149,0
LTE,310,410,8195,40796854,0,-86.3945,36.969,1000,1,1,1749498311,1749498311,0
LTE,310,410,8839,42275594,0,-85.5853,35.0336,2158,17,1,1749502114,1787513497,0
LTE,310,410,8839,42267415,0,-85.7904,35.1907,1000,1,1,1749504062,1749504062,0
LTE,310,260,43907,6395907,0,-87.3232,36.6225,1000,1,1,1749511792,1749511792,0
LTE,310,260,43777,7312898,0,-87.4717,36.9447,1000,1,1,1749514185,1749514185,0
LTE,310,260,42881,29628417,0,-88.713,37.0796,1000,1,1,1749522312,1749522312,0
LTE,310,260,43906,9280001,0,-86.7194,36.2572,1000,15,1,1749523837,1766176141,0
LTE,310,410,8205,42840585,0,-87.6238,37.083,1000,1,1,1749637645,1749637645,0
LTE,310,410,9101,42276535,0,-85.1977,35.0604,1000,1,1,1749680015,1749680015,0
LTE,310,260,43907,9931020,0,-86.8786,36.5079,1000,4,1,1749736994,1765169103,0
LTE,310,410,8852,41784759,0,-86.8052,36.4323,1000,1,1,1749737749,1749737749,0
LTE,310,260,43906,26993420,0,-86.7723,36.1755,1000,2,1,1749740304,1763737561,0
LTE,310,260,43906,6394942,-1,-86.7737,36.1603,1000,2,1,1749816939,1749875539,0
LTE,310,260,43906,6394892,-1,-86.774,36.1692,2949,4,1,1749817373,1763737622,0
NR,310,260,16777214,4297134081,-1,-86.7739,36.1605,1000,1,1,1749809712,1749809712,0
NR,310,260,11206912,4429705528,-1,-86.7732,36.1599,1000,3,1,1749816086,1749875539,0
NR,310,260,11206912,4297134382,-1,-86.7751,36.1593,1000,8,1,1749817120,1749875539,0
NR,310,260,11206912,4297134392,-1,-86.7758,36.159,576,27,1,1749817148,1749875539,0
NR,310,260,11206912,4297134102,-1,-86.7738,36.1603,1000,4,1,1749822238,1749875539,0
NR,310,260,11206912,4297134393,-1,-86.7796,36.1574,1000,18,1,1749823077,1749875539,0
NR,310,260,11206912,4297134383,-1,-86.7787,36.1578,1000,19,1,1749823188,1749875539,0
NR,310,260,11206912,4505059639,-1,-86.7805,36.157,1000,3,1,1749823344,1749875539,0
NR,310,260,11206912,4329242926,-1,-86.784,36.1555,1000,17,1,1749823419,1764159782,0
NR,310,260,11206912,4329242936,-1,-86.7839,36.1556,1000,14,1,1749823441,1749990662,0
NR,310,260,11206912,4329242937,-1,-86.786,36.1562,500,26,1,1749823848,1749875539,0
NR,310,260,11206912,4329242927,-1,-86.786,36.1558,1000,13,1,1749823877,1764159782,0
NR,310,260,11206912,4329242650,-1,-86.786,36.1559,1000,4,1,1749826519,1749875539,0
NR,310,260,11206912,4341530937,-1,-86.7727,36.1602,1000,1,1,1749835138,1749835138,0
NR,310,260,11206912,4341530927,-1,-86.7627,36.1626,1000,17,1,1749835156,1773988391,0
NR,310,260,11206912,4468539694,-1,-86.7687,36.1695,1096,9,1,1749835216,1773988391,0
NR,310,260,11206912,4329242626,-1,-86.7862,36.1559,1000,1,1,1749844557,1749844557,0
NR,310,260,11206912,4329242627,-1,-86.7866,36.1555,1000,2,1,1749844647,1764159782,0
NR,310,260,11206912,4329242647,-1,-86.7862,36.1559,1000,1,1,1749844857,1749844857,0
LTE,310,260,43906,6394902,-1,-86.7737,36.1602,1000,1,1,1749849237,1749849237,0
NR,310,260,11206912,4429705238,-1,-86.7737,36.1602,1000,1,1,1749849337,1749849337,0
NR,310,260,11206912,4341530627,-1,-86.7737,36.1602,1000,1,1,1749849347,1749849347,0
NR,310,260,11206912,4297134082,-1,-86.7737,36.1602,1000,1,1,1749850107,1749850107,0
LTE,310,260,41228,41458433,-1,-86.7737,36.1602,1000,1,1,1749850147,1749850147,0
LTE,310,260,8838,43139855,-1,-86.7736,36.1603,1000,1,1,1749850467,1749850467,0
LTE,310,260,43906,9380925,-1,-86.7736,36.1603,1000,1,1,1749850487,1749850487,0
LTE,310,410,8846,41752344,0,-87.4857,37.0559,1000,1,1,1749787587,1749787587,0
LTE,310,260,43777,7534337,0,-87.4771,36.908,1000,1,1,1749788867,1749788867,0
LTE,310,410,8839,42251287,0,-85.6163,35.0452,1000,1,1,1749789453,1749789453,0
LTE,310,260,43777,30144257,0,-87.1977,36.6471,1000,1,1,1749791321,1749791321,0
LTE,310,410,8852,41784599,0,-86.7801,36.408,1000,1,1,1749794513,1749794513,0
LTE,310,260,43906,9116930,0,-86.7751,36.1359,1000,13,1,1749799269,1767478143,0
LTE,310,410,8856,41859096,0,-86.7096,35.8451,1000,1,1,1749801998,1749801998,0
LTE,310,260,43906,162798861,0,-86.7253,35.6001,1000,1,1,1749803498,1749803498,0
LTE,310,260,43906,9529614,0,-86.771,36.1261,1000,1,1,1749804587,1749804587,0
LTE,310,410,8847,42827792,0,-86.9906,36.546,1000,1,1,1749819151,1749819151,0
LTE,310,260,43906,104649475,0,-86.7127,36.322,1000,1,1,1749822329,1749822329,0
LTE,310,410,8840,43131831,0,-86.7356,36.2289,1000,1,1,1749823065,1749823065,0
LTE,310,260,43906,9116939,0,-86.7712,36.1465,1891,5,1,1749827072,1781812321,0
LTE,310,260,43906,26379275,0,-86.543,36.017,1000,1,1,1749830947,1749830947,0
LTE,310,260,44027,30142467,0,-86.4955,35.954,1000,1,1,1749831300,1749831300,0
LTE,310,410,8837,42602006,0,-86.3833,35.822,1000,1,1,1749832305,1749832305,0
LTE,310,410,8837,41770008,0,-86.3756,35.7348,3444,2,1,1749833090,1773842401,0
LTE,310,260,43907,6780929,0,-86.4254,35.8907,1000,1,1,1749856960,1749856960,0
LTE,310,260,32827,16835597,0,-88.8144,35.6721,1000,1,1,1749910078,1749910078,0
LTE,310,410,8705,41303991,0,-88.6952,35.697,1091,23,1,1749910539,1752558193,0
LTE,310,410,8705,43297973,0,-88.3886,35.8372,1000,1,1,1749911624,1749911624,0
LTE,310,410,8705,41240759,0,-88.2451,35.8182,2036,51,1,1749911906,1752558189,0
LTE,310,410,8705,41240757,0,-88.1958,35.8164,1645,22,1,1749912088,1752558189,0
LTE,310,260,44029,29514517,0,-87.5673,35.9434,1000,1,1,1749914138,1749914138,0
LTE,310,260,43906,31066882,0,-87.004,36.0702,1758,16,1,1749918641,1767442809,0
LTE,310,410,8839,42302390,0,-85.7485,35.1132,1000,1,1,1749918887,1749918887,0
LTE,310,260,43906,6400003,0,-86.8163,36.1667,1000,16,1,1749919481,1767442805,0
LTE,310,410,8838,42631944,0,-86.7742,36.1906,1072,22,1,1749919794,1786563181,0
LTE,310,260,43906,6790926,0,-86.7633,36.2324,1000,1,1,1749919997,1749919997,0
LTE,310,260,43777,7220246,0,-86.7146,36.3806,1000,1,1,1749921032,1749921032,0
LTE,310,410,8195,39333558,0,-86.4603,36.8461,1000,1,1,1749923068,1749923068,0
LTE,310,410,8846,42584502,0,-87.4853,37.0422,1000,1,1,1750118579,1750118579,0
LTE,310,260,43906,31074828,0,-86.5285,36.2684,1000,1,1,1750162481,1750162481,0
LTE,310,410,8852,41762327,0,-86.531,36.229,1000,1,1,1750162682,1750162682,0
LTE,310,410,8852,41850806,0,-86.5052,36.2243,1000,1,1,1750163978,1750163978,0
LTE,310,260,43906,7948823,0,-86.4946,36.1998,1000,1,1,1750168048,1750168048,0
LTE,310,410,8852,41890743,0,-86.5044,36.2052,1000,1,1,1750168048,1750168048,0
LTE,310,410,8852,41890584,0,-86.5026,36.2048,1000,1,1,1750168418,1750168418,0
LTE,310,260,43907,25624075,0,-87.2591,36.6042,1000,1,1,1750177424,1750177424,0
LTE,310,410,8840,43131671,0,-86.7334,36.2097,1000,1,1,1750223753,1750223753,0
LTE,310,260,43906,6998532,0,-86.7957,36.2362,1000,1,1,1750255855,1750255855,0
LTE,310,410,8840,41879991,0,-86.8892,36.1385,1000,1,1,1750322035,1750322035,0
LTE,310,410,8705,43347473,0,-88.3594,35.7952,1000,1,1,1750326687,1750326687,0
GSM,310,260,17571,673,-1,-88.4264,35.7762,1000,1,1,1750326807,1750326807,0
LTE,310,410,8704,43380752,0,-88.8059,35.6707,1000,1,1,1750328005,1750328005,0
LTE,310,260,43907,30201347,0,-86.967,36.5503,1000,1,1,1750386559,1750386559,0
LTE,310,410,8847,42628630,0,-87.1071,36.457,1000,1,1,1750386594,1750386594,0
LTE,310,410,8833,41888790,0,-86.7757,35.9744,1000,1,1,1750395438,1750395438,0
LTE,310,260,43003,7899395,0,-88.3718,36.9906,1000,1,1,1750562949,1750562949,0
LTE,310,410,8840,43142153,0,-86.7555,36.1895,1000,1,1,1750575251,1750575251,0
LTE,310,260,43906,6997261,0,-86.7344,36.2497,2060,2,1,1750659635,1773965946,0
LTE,310,410,9093,42355479,0,-85.0812,35.4386,1000,1,1,1750779623,1750779623,0
LTE,310,410,9108,43052727,0,-85.1832,35.2466,1000,1,1,1750780802,1750780802,0
LTE,310,260,44029,7298561,0,-86.8852,35.2481,1454,35,1,1750782885,1773988383,0
LTE,310,260,44029,7911425,0,-86.8795,35.395,1000,7,1,1750783438,1773988382,0
LTE,310,260,43906,158679819,0,-86.9009,35.6065,1000,5,1,1750784135,1773965943,0
LTE,310,260,43906,158679809,0,-86.9024,35.5917,1107,13,1,1750784195,1773965943,0
LTE,310,260,43906,26656525,0,-86.8342,35.8513,2013,16,1,1750785439,1773965944,0
LTE,310,260,43906,26656523,0,-86.8315,35.8779,1715,16,1,1750785580,1773965945,0
LTE,310,260,30499,223760641,0,-85.0454,35.0228,1000,1,1,1750786233,1750786233,0
LTE,310,410,8833,42681919,0,-86.7762,36.0478,1000,9,1,1750786287,1756422188,0
LTE,310,260,43906,103704589,0,-86.823,36.133,1000,1,1,1750787781,1750787781,0
LTE,310,260,43906,8688909,0,-86.8652,36.1966,1000,1,1,1750788269,1750788269,0
LTE,310,260,43777,6994699,0,-86.8551,36.2265,1000,1,1,1750788456,1750788456,0
LTE,310,260,43777,6996750,0,-86.8223,36.2331,1000,1,1,1750788532,1750788532,0
LTE,310,410,8840,42598680,0,-86.8163,36.2323,1000,1,1,1750790812,1750790812,0
LTE,310,260,43777,30141443,0,-87.0356,36.5639,1000,1,1,1750818110,1750818110,0
LTE,310,260,44029,29507861,0,-86.9494,36.0866,1000,1,1,1750840167,1750840167,0
LTE,310,260,43906,29793047,0,-87.3148,36.0022,1000,1,1,1750841366,1750841366,0
LTE,310,260,43906,30202390,0,-87.6873,35.8612,1000,1,1,1750842729,1750842729,0
LTE,310,410,8846,43482129,0,-88.1075,35.7801,8698,3,1,1750843976,1779922447,0
LTE,310,410,8704,41332918,0,-88.8084,35.6699,1000,1,1,1750846161,1750846161,0
LTE,310,260,30507,42456321,0,-85.2356,35.2082,1000,1,1,1750957313,1750957313,0
LTE,310,410,8837,41935639,0,-86.2104,35.3655,1000,1,1,1750963794,1750963794,0
LTE,310,410,8832,42941449,0,-86.8505,35.2782,1000,1,1,1751026438,1751026438,0
LTE,310,260,43777,7217677,0,-86.8845,36.5073,1945,14,1,1751049793,1765169103,0
LTE,310,410,8852,43100597,0,-86.873,36.5002,1000,1,1,1751062094,1751062094,0
LTE,310,410,8847,41867530,0,-87.2183,36.579,1000,1,1,1751461769,1751461769,0
LTE,310,410,8838,42824118,0,-86.7701,36.1741,1000,1,1,1751467263,1751467263,0
LTE,310,410,8856,42630409,0,-86.4832,35.9401,1000,1,1,1751472107,1751472107,0
LTE,310,260,43907,38395916,0,-86.3292,35.5882,1000,1,1,1751474797,1751474797,0
LTE,310,260,30499,70269699,0,-85.3141,35.0206,1000,1,1,1751494207,1751494207,0
LTE,310,410,9101,42835412,0,-85.2607,35.0604,1000,1,1,1751496295,1751496295,0
LTE,310,260,43777,7312917,0,-87.4634,37.0015,1000,1,1,1751593448,1751593448,0
LTE,310,410,8840,43248906,0,-86.7495,36.2047,1000,1,1,1751642937,1751642937,0
LTE,310,410,8846,42616593,0,-87.4834,36.9879,1000,1,1,1751682009,1751682009,0
LTE,310,410,8833,42939657,0,-86.7703,35.9592,1000,1,1,1751693567,1751693567,0
LTE,310,410,8832,42599434,0,-86.8017,35.4658,1000,1,1,1751697492,1751697492,0
LTE,310,410,8852,43218193,0,-86.8038,36.4276,1000,1,1,1751722548,1751722548,0
LTE,310,410,9101,42362581,0,-85.1947,35.0223,1000,1,1,1751750234,1751750234,0
LTE,310,260,30499,43265548,0,-85.2377,35.1123,1000,1,1,1751816869,1751816869,0
LTE,310,260,31344,75115288,0,-86.5368,35.0629,1000,1,1,1751924439,1751924439,0
LTE,310,260,31344,75115268,0,-86.5368,35.0629,1000,3,1,1751985399,1751992201,0
LTE,310,260,31344,75115278,0,-86.5368,35.0629,1000,1,1,1751988559,1751988559,0
LTE,310,410,8839,42966996,0,-85.5663,35.0279,1000,1,1,1751914463,1751914463,0
LTE,310,410,9101,42246582,0,-85.2644,35.0601,1000,1,1,1751919432,1751919432,0
LTE,310,410,8852,41789464,0,-86.9031,36.5078,1000,1,1,1751974607,1751974607,0
LTE,310,260,43907,154894850,0,-86.0638,35.201,1000,1,1,1751994594,1751994594,0
LTE,310,410,8839,42275607,0,-85.567,35.0282,1000,1,1,1752001926,1752001926,0
LTE,310,260,44027,8102669,0,-86.4823,35.9368,1000,1,1,1752073318,1752073318,0
LTE,310,260,30499,223706881,0,-85.2453,35.1006,1000,1,1,1752083830,1752083830,0
LTE,310,260,30499,223432961,0,-85.2595,35.0772,1000,1,1,1752093069,1752093069,0
LTE,310,260,43777,6791181,0,-86.8724,36.1709,1000,1,1,1752137348,1752137348,0
GSM,310,260,31403,3071,-1,-87.5784,35.9348,1000,1,1,1752139895,1752139895,0
LTE,310,260,32827,16807691,0,-88.8305,35.6686,1000,1,1,1752143708,1752143708,0
LTE,310,260,43003,7880983,0,-86.1376,37.0475,1000,1,1,1752145326,1752145326,0
LTE,310,260,43907,29794581,0,-86.6404,36.5105,2325,12,1,1752147898,1764418863,0
LTE,310,260,43907,29794571,0,-86.6401,36.5129,3466,27,1,1752148359,1766013242,0
LTE,310,260,43906,6870029,0,-86.7094,36.3062,1000,1,1,1752150525,1752150525,0
LTE,310,260,43906,25680653,0,-86.7139,36.2634,1000,1,1,1752150859,1752150859,0
LTE,310,260,43907,29794561,0,-86.6472,36.5122,3907,30,1,1752153236,1768402683,0
LTE,310,260,43906,6387202,0,-86.7245,36.2467,3058,27,1,1752154609,1773965946,0
LTE,310,260,30211,223714050,0,-85.8173,35.2038,1000,1,1,1752160815,1752160815,0
LTE,310,410,8837,41944246,0,-86.1783,35.3242,1000,1,1,1752161697,1752161697,0
LTE,310,410,8837,41759925,0,-86.1275,35.269,1000,1,1,1752162312,1752162312,0
LTE,310,260,30499,43265537,0,-85.2417,35.1343,1000,1,1,1752169183,1752169183,0
LTE,310,410,8195,39264439,0,-87.2966,36.7456,1000,1,1,1752197935,1752197935,0
LTE,310,260,43907,29794562,0,-86.651,36.4882,2878,25,1,1752205586,1768402683,0
LTE,310,260,43906,6387204,0,-86.7413,36.2479,1087,28,1,1752206655,1773965946,0
LTE,310,260,43906,27079437,0,-86.7612,35.4559,1000,1,1,1752212264,1752212264,0
LTE,310,260,43907,7312129,0,-87.4577,36.8293,1000,1,1,1752231223,1752231223,0
LTE,310,260,43906,26352909,0,-86.6833,36.0608,1000,1,1,1752233050,1752233050,0
LTE,310,410,8195,40545719,0,-87.2023,36.6682,1000,1,1,1752236190,1752236190,0
LTE,310,260,43777,30141451,0,-86.9942,36.557,1000,1,1,1752237531,1752237531,0
LTE,310,260,30211,42934284,0,-85.8737,35.251,1000,1,1,1752239281,1752239281,0
LTE,310,410,8839,41953303,0,-85.8701,35.2458,1000,1,1,1752239339,1752239339,0
LTE,310,260,30211,223663637,0,-85.7252,35.1103,1000,1,1,1752240465,1752240465,0
LTE,310,260,30211,43330317,0,-85.736,35.0838,1000,1,1,1752240663,1752240663,0
LTE,310,260,30211,223663628,0,-85.7235,35.0614,1000,2,1,1752240703,1763728802,0
LTE,310,260,30211,43330315,0,-85.6871,35.0462,1479,2,1,1752240870,1763728622,0
LTE,310,260,43906,6386703,0,-86.7372,36.2102,1000,1,1,1752241378,1752241378,0
LTE,310,260,43777,9527310,0,-86.7515,36.1402,1000,1,1,1752242846,1752242846,0
LTE,310,260,43906,9796109,0,-86.7191,36.1172,1000,1,1,1752246657,1752246657,0
LTE,310,260,43907,38395906,0,-86.3305,35.5882,1000,1,1,1752251743,1752251743,0
LTE,310,260,43907,50505228,0,-86.3058,35.5157,1000,1,1,1752253085,1752253085,0
LTE,310,410,9101,42246167,0,-85.3619,35.0268,1000,2,1,1752265604,1773851941,0
LTE,310,260,30499,222892035,0,-85.2801,35.0468,1000,1,1,1752268601,1752268601,0
LTE,310,410,9108,42353432,0,-85.1266,35.0019,1000,1,1,1752269871,1752269871,0
LTE,310,260,30507,42456331,0,-85.2069,35.2115,1000,1,1,1752307530,1752307530,0
LTE,310,410,9101,42346934,0,-85.2599,35.1124,1000,1,1,1752310205,1752310205,0
LTE,310,260,43906,63863041,0,-86.7411,35.8826,1000,1,1,1752399414,1752399414,0
LTE,310,410,8846,41733045,0,-87.4609,36.9467,1000,1,1,1752402360,1752402360,0
LTE,310,260,30499,223545857,0,-85.1123,35.3765,1000,9,1,1752421395,1783708287,0
LTE,310,410,8848,42633738,0,-86.7138,36.3261,1000,9,1,1752422481,1762948508,0
LTE,310,260,43906,6870027,0,-86.6983,36.3242,1000,1,1,1752422526,1752422526,0
LTE,310,260,43906,6870020,0,-86.703,36.3182,1000,16,1,1752422545,1768402681,0
LTE,310,260,43906,104649485,0,-86.7131,36.3215,1000,1,1,1752422585,1752422585,0
LTE,310,260,43906,6386690,0,-86.7379,36.2163,1000,1,1,1752423700,1752423700,0
LTE,310,260,43777,6382859,0,-86.7549,36.204,1000,1,1,1752423934,1752423934,0
LTE,310,260,30499,43265538,0,-85.2414,35.1179,1000,1,1,1752424120,1752424120,0
LTE,310,410,9101,42346775,0,-85.2578,35.1124,1000,1,1,1752425473,1752425473,0
LTE,310,260,43906,9796099,0,-86.7194,36.1172,1000,1,1,1752426512,1752426512,0
LTE,310,260,30499,43704835,0,-85.1626,35.065,1000,1,1,1752426848,1752426848,0
LTE,310,410,8833,42622487,0,-86.564,36.0111,1000,1,1,1752427501,1752427501,0
LTE,310,260,43777,27098390,-1,-87.113,36.3087,1629,11,1,1752509601,1752532862,0
LTE,310,260,43907,29506366,-1,-87.123,36.3141,1000,15,1,1752509611,1752532862,0
LTE,310,260,43777,27098430,-1,-87.1145,36.3072,1000,19,1,1752509642,1752532862,0
LTE,310,260,43777,7218955,-1,-87.083,36.288,2489,50,1,1752509737,1752532922,0
LTE,310,260,43907,63926029,-1,-87.085,36.2997,1000,22,1,1752509777,1752532922,0
LTE,310,260,43777,7218945,-1,-87.0738,36.2764,1019,47,1,1752509939,1752532922,0
LTE,310,260,43777,7218957,-1,-87.0802,36.2629,1000,14,1,1752510154,1752532922,0
LTE,310,260,43777,7218956,-1,-87.0772,36.26,1000,4,1,1752510193,1752532922,0
LTE,310,260,43777,7218966,-1,-87.0568,36.2339,3297,50,1,1752510205,1752532923,0
LTE,310,260,43777,7089727,-1,-87.0655,36.2455,1000,13,1,1752510272,1752532923,0
LTE,310,260,43777,7218946,-1,-87.0597,36.2396,1000,6,1,1752510321,1752532923,0
LTE,310,260,43777,7219006,-1,-87.0437,36.2159,2776,13,1,1752510334,1752532923,0
LTE,310,260,43777,7089686,-1,-87.0478,36.226,1000,9,1,1752510413,1752532923,0
LTE,310,260,43777,7089676,-1,-87.0483,36.2222,1000,18,1,1752510426,1752532923,0
LTE,310,260,43777,7089726,-1,-87.0443,36.2123,1000,17,1,1752510479,1752532923,0
LTE,310,260,43907,156047893,-1,-87.0354,36.1834,2039,50,1,1752510572,1752532938,0
LTE,310,260,43907,156047935,-1,-87.0444,36.1454,2695,21,1,1752510762,1752532924,0
LTE,310,260,43906,31066941,-1,-87.048,36.1211,3341,23,1,1752510915,1767446882,0
LTE,310,260,43906,31066901,-1,-87.0444,36.1287,1000,13,1,1752510937,1752532924,0
LTE,310,260,43906,225482773,-1,-87.0716,36.1162,9818,5,1,1752510963,1759638794,0
LTE,310,260,43906,25940798,-1,-87.0633,36.1123,1000,10,1,1752511018,1752532925,0
LTE,310,260,43906,31066943,-1,-87.0572,36.1035,6168,14,1,1752511121,1781813582,0
LTE,310,260,43906,31066883,-1,-87.0509,36.0999,1990,15,1,1752511177,1767446882,0
LTE,310,260,43906,31066881,-1,-87.0243,36.0922,1530,25,1,1752511448,1767446882,0
LTE,310,260,44029,7031102,-1,-86.979,36.061,1694,15,1,1752511628,1767442808,0
LTE,310,260,44029,29507903,-1,-86.9816,36.0563,2090,5,1,1752511718,1767442808,0
LTE,310,260,44029,7043903,-1,-86.9842,36.0519,1000,3,1,1752511748,1752532926,0
LTE,310,260,44029,30293771,-1,-87.0266,36.0194,1135,50,1,1752512098,1752532927,0
LTE,310,260,44029,30293772,-1,-87.0129,35.9965,1999,30,1,1752512220,1752532927,0
LTE,310,260,44029,30293782,-1,-86.9971,35.9887,1000,14,1,1752512359,1752532927,0
LTE,310,260,43906,29515031,-1,-86.9886,35.9815,1000,19,1,1752512385,1752532928,0
LTE,310,260,43906,29515071,-1,-86.9786,35.9714,1000,22,1,1752512451,1752532928,0
LTE,310,260,44029,30293822,-1,-86.9712,35.968,1000,7,1,1752512494,1752532928,0
LTE,310,260,43906,98459915,-1,-86.9528,35.952,2267,44,1,1752512507,1752532928,0
LTE,310,260,43906,98459916,-1,-86.9279,35.9333,1746,31,1,1752512650,1752532929,0
LTE,310,260,44029,30163713,-1,-86.909,35.9305,1000,4,1,1752512810,1752532928,0
LTE,310,260,44029,6778379,-1,-86.9022,35.9302,1000,18,1,1752512820,1752532929,0
LTE,310,260,44029,6778380,-1,-86.8918,35.9286,1000,14,1,1752512890,1752532929,0
LTE,310,260,44029,27218192,-1,-86.8766,35.9243,1000,20,1,1752512940,1753355346,0
LTE,310,260,43907,50505229,0,-86.3356,35.5275,1000,1,1,1752431683,1752431683,0
LTE,310,410,8837,41842952,0,-86.2848,35.457,1000,1,1,1752432118,1752432118,0
LTE,310,260,43907,50391568,0,-86.2233,35.3752,1000,1,1,1752433265,1752433265,0
LTE,310,260,43907,155102221,0,-86.0442,35.1676,1000,1,1,1752435744,1752435744,0
LTE,310,410,8839,42589201,0,-85.9294,35.1013,1000,1,1,1752437163,1752437163,0
LTE,310,260,30211,42871308,0,-85.6145,35.0455,1000,1,1,1752440599,1752440599,0
LTE,310,410,9101,42246326,0,-85.3569,35.0282,1000,19,1,1752445439,1787513505,0
LTE,310,260,30499,223379223,0,-85.3022,35.0412,1000,1,1,1752446262,1752446262,0
LTE,310,410,9101,42343192,0,-85.2829,35.0517,1000,1,1,1752446437,1752446437,0
LTE,310,260,30499,223706882,0,-85.249,35.0788,1000,1,1,1752446754,1752446754,0
LTE,310,410,9101,43109904,0,-85.1897,35.0088,1000,1,1,1752447364,1752447364,0
LTE,310,260,30507,72870403,0,-85.0136,35.0163,1000,1,1,1752507837,1752507837,0
LTE,310,410,8195,40797119,-1,-86.1696,37.044,1149,21,1,1752489936,1752558129,0
LTE,310,410,8195,40787381,-1,-86.2673,37.0183,1301,17,1,1752492086,1752558129,0
LTE,310,410,8195,40791477,-1,-86.2666,37.0185,1000,6,1,1752492116,1752558129,0
LTE,310,410,8195,40537868,-1,-86.4148,36.9401,1764,17,1,1752492636,1786567142,0
LTE,310,410,8195,39333386,-1,-86.4467,36.8767,1000,14,1,1752492836,1786566781,0
LTE,310,410,8195,40364747,-1,-86.4759,36.7872,1000,6,1,1752493146,1752558132,0
LTE,310,410,8195,39345324,-1,-86.5575,36.6638,1000,6,1,1752493586,1752558133,0
LTE,310,410,8848,42633736,-1,-86.7083,36.3301,1000,8,1,1752494876,1761193801,0
LTE,310,410,8848,42633737,-1,-86.7022,36.3231,1000,24,1,1752494906,1760388842,0
LTE,310,410,8848,41728267,-1,-86.6975,36.3171,2117,35,1,1752494956,1760388842,0
LTE,310,410,8848,43176629,-1,-86.7216,36.2915,1113,7,1,1752495066,1785407701,0
LTE,310,410,8840,43143093,-1,-86.7597,36.2371,1000,16,1,1752495266,1752558138,0
LTE,310,410,8840,43067319,-1,-86.7745,36.2238,1000,8,1,1752495336,1752558138,0
LTE,310,410,8840,42983103,-1,-86.7751,36.2177,1000,4,1,1752495376,1752558138,0
LTE,310,410,8838,42824107,-1,-86.7762,36.1935,1000,7,1,1752495606,1785407162,0
LTE,310,410,8840,43142154,-1,-86.771,36.1925,1010,26,1,1752495626,1772408042,0
LTE,310,410,8838,43019157,-1,-86.7827,36.1919,1000,4,1,1752495636,1752558138,0
LTE,310,410,8840,43083670,-1,-86.7849,36.1918,1000,4,1,1752495646,1752558138,0
LTE,310,410,8838,41739181,-1,-86.7982,36.1844,1000,7,1,1752495696,1757131140,0
LTE,310,410,8838,42602413,-1,-86.8002,36.1806,1000,11,1,1752495706,1752558139,0
LTE,310,410,8838,41861803,-1,-86.7995,36.173,1000,10,1,1752495726,1760834643,0
LTE,310,410,8838,41751981,-1,-86.8059,36.1705,1000,16,1,1752495766,1761413704,0
LTE,310,410,8838,43250069,-1,-86.8231,36.1581,1000,6,1,1752495826,1752558139,0
LTE,310,410,8838,43141013,-1,-86.8276,36.1559,1000,10,1,1752495836,1752558139,0
LTE,310,410,8838,43141015,-1,-86.8369,36.1542,1000,16,1,1752495856,1752558139,0
LTE,310,410,8838,42854416,-1,-86.8447,36.1538,1000,6,1,1752495886,1752558139,0
LTE,310,410,8840,43033281,-1,-86.8616,36.1515,1000,6,1,1752495936,1752558139,0
LTE,310,410,8840,43141311,-1,-86.871,36.1497,1000,15,1,1752495946,1752558139,0
LTE,310,410,8840,43211199,-1,-86.8816,36.1444,1000,16,1,1752495986,1752558139,0
LTE,310,410,8840,41834155,-1,-86.9326,36.1021,1148,21,1,1752496166,1752558140,0
LTE,310,410,8840,41834156,-1,-86.9418,36.0895,1000,11,1,1752496236,1752558140,0
LTE,310,410,8836,41770263,-1,-87.0241,36.077,1000,12,1,1752496496,1778039802,0
LTE,310,410,8836,41770264,-1,-87.0323,36.0776,1000,11,1,1752496516,1752558141,0
LTE,310,410,8836,41738668,-1,-87.0598,36.0879,1000,10,1,1752496596,1785386006,0
LTE,310,410,8846,41735703,-1,-87.3349,36.0199,1000,11,1,1752497466,1752558143,0
LTE,310,410,8705,41299478,-1,-88.1699,35.8201,1000,6,1,1752499906,1752558188,0
LTE,310,410,8705,43347647,-1,-88.2929,35.8123,1565,45,1,1752500186,1752558189,0
LTE,310,410,8705,43347649,-1,-88.3602,35.7981,4780,22,1,1752500276,1752558209,0
LTE,310,410,8705,41299480,-1,-88.4438,35.7713,6939,7,1,1752500696,1759551255,0
LTE,310,410,8705,43458476,-1,-88.5165,35.7542,1000,21,1,1752500846,1752558191,0
LTE,310,410,8705,43458477,-1,-88.5646,35.7457,4561,22,1,1752500886,1764219468,0
LTE,310,410,8704,41301931,-1,-88.9018,35.647,868,25,1,1752501896,1752558195,0
LTE,310,410,8704,41292973,-1,-88.9398,35.6359,1000,5,1,1752502026,1752558195,0
LTE,310,410,8704,41301933,-1,-88.9482,35.6335,1000,17,1,1752502036,1752558195,0
LTE,310,410,8704,41301943,-1,-88.9629,35.6291,1000,4,1,1752502086,1763441532,0
LTE,310,410,8846,43147200,0,-87.476,36.8361,1000,1,1,1752587273,1752587273,0
LTE,310,260,30499,223545859,0,-85.1295,35.3462,1000,1,1,1752597179,1752597179,0
LTE,310,260,30499,222098700,0,-85.1798,35.0733,1000,1,1,1752601098,1752601098,0
LTE,310,410,8839,42589199,0,-85.9238,35.1245,1000,1,1,1752606574,1752606574,0
LTE,310,260,43906,6790916,0,-86.7659,36.2343,1000,13,1,1752635452,1768402682,0
LTE,310,260,43906,27021827,0,-86.7648,36.1661,1000,1,1,1752635753,1752635753,0
LTE,310,260,43906,9622534,0,-86.7617,36.165,1000,1,1,1752635783,1752635783,0
LTE,310,260,30211,43330325,0,-85.6941,35.053,1000,1,1,1752641603,1752641603,0
LTE,310,410,8839,42966801,0,-85.5845,35.0275,1000,1,1,1752642025,1752642025,0
LTE,310,260,44161,8453899,0,-85.015,35.9829,1000,1,1,1752675391,1752675391,0
LTE,310,410,8835,42028244,0,-85.0333,35.9769,1000,1,1,1752675580,1752675580,0
LTE,310,410,8835,42028215,0,-85.0543,36.0086,1000,1,1,1752676608,1752676608,0
LTE,310,260,43905,104403979,0,-85.2144,36.0798,3919,2,1,1752677072,1781806801,0
LTE,310,260,43907,103788299,0,-85.8257,36.1403,2313,29,1,1752679365,1788291487,0
LTE,310,410,8852,41936663,0,-85.9477,36.1787,1000,1,1,1752679659,1752679659,0
LTE,310,260,31342,72887556,0,-86.6987,35.0235,1000,1,1,1752790967,1752790967,0
LTE,310,260,43907,29794572,0,-86.654,36.4885,4659,27,1,1752701494,1766013242,0
LTE,310,410,9101,43109903,0,-85.18,35.0183,1000,1,1,1752716736,1752716736,0
LTE,310,260,30499,43265547,0,-85.2399,35.1355,1000,1,1,1752737079,1752737079,0
LTE,310,410,8197,40476687,0,-88.6249,37.0345,1000,1,1,1752747834,1752747834,0
LTE,310,260,43907,6395928,0,-87.3754,36.6603,1000,1,1,1752752247,1752752247,0
LTE,310,410,8847,42628617,0,-87.0871,36.4418,3681,5,1,1752753256,1773935401,0
LTE,310,410,8840,43069868,0,-86.818,36.2234,1000,1,1,1752754603,1752754603,0
LTE,310,410,8840,42598829,0,-86.7988,36.235,1000,1,1,1752763653,1752763653,0
LTE,310,410,9101,42260149,0,-85.2173,35.1466,1000,1,1,1752856232,1752856232,0
LTE,310,260,30463,72949249,0,-85.6433,35.1274,1000,1,1,1752869184,1752869184,0
LTE,310,410,9101,42276565,0,-85.1966,35.0609,1000,1,1,1752875911,1752875911,0
LTE,310,260,42881,109412383,0,-88.6607,37.0614,1000,1,1,1753031497,1753031497,0
LTE,310,260,43003,7940129,0,-88.255,37.0459,1000,1,1,1753032737,1753032737,0
LTE,310,260,43907,8733699,-1,-87.4611,36.6502,1000,2,1,1753043971,1753082882,0
LTE,310,260,31342,75119619,0,-86.7961,35.0126,3238,3,1,1753113504,1758229501,0
LTE,310,260,31342,75119618,0,-86.7654,35.0332,1000,1,1,1753113623,1753113623,0
LTE,310,260,43777,8106509,0,-87.2117,36.5172,1383,3,1,1753036461,1765169102,0
LTE,310,260,43907,6396172,0,-87.2894,36.5851,1000,1,1,1753091425,1753091425,0
LTE,310,260,43907,6396162,0,-87.2842,36.5842,1000,4,1,1753093646,1777733821,0
LTE,310,260,43777,30144259,0,-87.2578,36.6229,1000,1,1,1753094895,1753094895,0
LTE,310,260,43777,30144269,0,-87.2578,36.6302,1000,1,1,1753102365,1753102365,0
LTE,310,260,43907,6395908,0,-87.354,36.6456,1000,1,1,1753104850,1753104850,0
LTE,310,260,42881,158262048,0,-88.4753,36.9938,1172,2,1,1753108741,1763747104,0
LTE,310,260,43905,8613143,0,-85.1664,36.0503,8097,5,1,1753246589,1788291490,0
LTE,310,260,43905,8613121,0,-85.1218,36.0441,3843,30,1,1753246684,1788291490,0
LTE,310,260,43906,7972159,-1,-86.8741,35.8947,2900,37,1,1753181686,1753355347,0
LTE,310,410,8954,245236591,-1,-86.882,35.902,1000,1,1,1753181686,1753181686,0
LTE,310,260,43906,7972099,-1,-86.8743,35.8971,2674,17,1,1753184152,1753355345,0
LTE,310,260,43906,7972109,-1,-86.878,35.8969,1000,22,1,1753184463,1753355346,0
LTE,310,260,44029,7235595,-1,-86.8806,35.8805,1000,9,1,1753184584,1753355344,0
LTE,310,260,44029,6957119,-1,-86.8722,35.8801,3051,4,1,1753184674,1753355347,0
LTE,310,410,8856,43016719,-1,-86.8793,35.8736,1000,4,1,1753184674,1753355344,0
LTE,310,260,44029,7235645,-1,-86.8589,35.8881,4899,19,1,1753184699,1753355347,0
LTE,310,410,8953,243334153,-1,-86.8748,35.8733,1000,1,1,1753184704,1753184704,0
LTE,310,410,8856,41798849,-1,-86.8641,35.8859,1640,16,1,1753184714,1753355347,0
LTE,310,410,8856,41868725,-1,-86.8588,35.8754,2075,8,1,1753184759,1753355347,0
LTE,310,410,8856,42604471,-1,-86.8484,35.8691,1000,14,1,1753184809,1753355345,0
LTE,310,260,44029,6868797,-1,-86.8453,35.8913,2191,7,1,1753184849,1753355347,0
LTE,310,410,8856,41868566,-1,-86.8454,35.87,1000,3,1,1753184919,1753355345,0
LTE,310,260,43906,26656515,-1,-86.846,35.8645,1000,5,1,1753184970,1753355345,0
LTE,310,410,8856,42604461,-1,-86.8455,35.8629,1000,4,1,1753185000,1753355345,0
LTE,310,410,8856,42860481,-1,-86.8456,35.8638,1000,10,1,1753185265,1753355345,0
LTE,310,410,8856,41798848,-1,-86.8469,35.8783,1052,12,1,1753194348,1753355345,0
LTE,310,260,43906,26656573,-1,-86.8452,35.8729,1000,1,1,1753194368,1753194368,0
LTE,310,260,43906,7972119,-1,-86.8539,35.8935,1000,2,1,1753194463,1753355347,0
LTE,310,260,43906,104365847,-1,-86.848,35.8978,1000,3,1,1753194478,1753355345,0
LTE,310,410,8856,41798847,-1,-86.8468,35.9022,1665,10,1,1753194499,1753355345,0
LTE,310,260,43906,50374658,-1,-86.836,35.9162,1000,7,1,1753194719,1753355345,0
LTE,310,260,43906,50374657,-1,-86.8374,35.9163,1000,2,1,1753194739,1753355345,0
LTE,310,260,43906,50374659,-1,-86.8303,35.9155,1000,1,1,1753194859,1753194859,0
LTE,310,260,44029,28828929,-1,-86.8193,35.9132,1000,2,1,1753195060,1753355345,0
LTE,310,260,43906,104365836,-1,-86.8156,35.92,1000,7,1,1753195090,1753355345,0
LTE,310,410,8856,43240384,-1,-86.8165,35.9198,1000,2,1,1753195110,1753355345,0
LTE,310,410,8856,43240383,-1,-86.8139,35.9227,1000,10,1,1753195130,1753355345,0
LTE,310,260,43906,104365846,-1,-86.8139,35.9227,1000,1,1,1753195160,1753195160,0
LTE,310,260,43906,104365826,-1,-86.813,35.9229,1000,12,1,1753195170,1753355345,0
LTE,310,260,43906,7972158,-1,-86.8373,35.929,1000,2,1,1753235509,1753355346,0
LTE,310,410,8836,43108288,-1,-86.8373,35.929,1000,2,1,1753235509,1753355346,0
LTE,310,410,8856,41744063,-1,-86.8517,35.9301,1094,21,1,1753235525,1753355346,0
LTE,310,260,44029,27218187,-1,-86.8612,35.9319,1000,3,1,1753235750,1753355346,0
LTE,310,410,8856,41744065,-1,-86.8687,35.9254,1000,13,1,1753235845,1753355346,0
LTE,310,260,43906,7972108,-1,-86.8745,35.9101,1000,11,1,1753237088,1753355346,0
LTE,310,410,8856,43105558,-1,-86.8746,35.9096,1000,8,1,1753237108,1753355346,0
LTE,310,410,8856,43105559,-1,-86.8754,35.9042,1000,4,1,1753237178,1753355346,0
LTE,310,410,8954,245236592,-1,-86.8821,35.902,1000,1,1,1753237524,1753237524,0
LTE,310,830,53150,2912655,-1,-86.8775,35.8921,1000,1,1,1753253454,1753253454,0
LTE,310,410,8856,42925066,-1,-86.8628,35.894,1000,3,1,1753267893,1753355347,0
LTE,310,410,8856,43105718,-1,-86.8613,35.8952,1000,2,1,1753267918,1753355347,0
LTE,310,410,8856,42925239,-1,-86.8592,35.8968,1000,1,1,1753267933,1753267933,0
LTE,310,410,8856,42925064,-1,-86.8424,35.9041,1236,5,1,1753268028,1753355347,0
LTE,310,260,43906,104365887,-1,-86.8464,35.9006,1000,2,1,1753268038,1753355347,0
LTE,310,410,8856,42604296,-1,-86.8297,35.8969,1608,24,1,1753268038,1770126242,0
LTE,310,410,8856,42693183,-1,-86.8338,35.9083,1000,5,1,1753268134,1753355347,0
LTE,310,260,43906,50374672,-1,-86.8315,35.9101,1000,4,1,1753268159,1753355347,0
LTE,310,260,43906,50374668,-1,-86.8309,35.9118,1000,1,1,1753268189,1753268189,0
LTE,310,260,43906,50374671,-1,-86.8297,35.914,1000,6,1,1753268214,1753355347,0
LTE,310,410,8833,43246783,-1,-86.8076,35.9661,1000,2,1,1753268655,1753355401,0
LTE,310,410,8833,43029952,-1,-86.8059,35.971,1000,3,1,1753268670,1753355401,0
LTE,310,410,8833,43029951,-1,-86.8038,35.9769,1000,3,1,1753268695,1753355401,0
LTE,310,410,8833,41778112,-1,-86.8,35.988,1000,8,1,1753268715,1753355401,0
LTE,310,410,8833,42984128,-1,-86.7858,36.0204,2760,16,1,1753268780,1753355401,0
LTE,310,410,8833,42984129,-1,-86.7811,36.0417,1000,7,1,1753268966,1753355401,0
LTE,310,410,8833,41784247,-1,-86.7747,36.0468,1000,3,1,1753269021,1755921269,0
LTE,310,260,43906,104556301,-1,-86.7729,36.059,1000,8,1,1753269061,1753762814,0
LTE,310,410,8833,43033781,-1,-86.7706,36.066,1000,5,1,1753269116,1754625704,0
LTE,310,410,8833,41753791,-1,-86.7682,36.0744,1000,8,1,1753269151,1770125462,0
LTE,310,410,8838,41888429,-1,-86.7635,36.0982,1000,4,1,1753269267,1753355402,0
LTE,310,410,8838,41888427,-1,-86.7676,36.1061,1000,16,1,1753269302,1753355402,0
LTE,310,260,43906,9529605,-1,-86.772,36.1151,1000,24,1,1753269527,1767478143,0
LTE,310,410,8838,41860780,-1,-86.7686,36.1192,750,25,1,1753269582,1771888804,0
LTE,310,410,8838,43140800,-1,-86.7259,36.1014,6250,11,1,1753269708,1753355404,0
LTE,310,260,43906,6383888,-1,-86.7265,36.1262,1000,3,1,1753270364,1785645162,0
LTE,310,410,8838,43021503,-1,-86.7187,36.1408,1000,10,1,1753270770,1753355403,0
LTE,310,260,43906,8768011,-1,-86.6684,36.1318,1000,3,1,1753271306,1754107275,0
LTE,310,260,43906,8768012,-1,-86.6699,36.1321,1000,6,1,1753271412,1753355403,0
LTE,310,410,8838,40982405,-1,-86.6703,36.1326,1000,6,1,1753271883,1753355403,0
LTE,310,260,43906,8768132,-1,-86.6703,36.1327,1000,17,1,1753275106,1753355403,0
LTE,310,260,43906,8768004,-1,-86.6692,36.1335,1000,1,1,1753277658,1753277658,0
LTE,310,410,8838,43029440,-1,-86.6691,36.1334,1000,14,1,1753279237,1772487488,0
LTE,310,410,8838,43016207,-1,-86.675,36.133,1000,2,1,1753279277,1753355403,0
LTE,310,410,8838,43263915,-1,-86.6793,36.1314,1000,1,1,1753279507,1753279507,0
LTE,310,260,43906,6383874,-1,-86.6726,36.1168,1134,2,1,1753279577,1777091512,0
LTE,310,260,43906,6383884,-1,-86.6792,36.1196,1937,14,1,1753279598,1754107269,0
LTE,310,410,8838,43016208,-1,-86.6835,36.1146,1000,1,1,1753279738,1753279738,0
LTE,310,410,8838,43016384,-1,-86.6867,36.1066,1000,2,1,1753279748,1753355404,0
LTE,310,410,8838,43019455,-1,-86.6914,36.0925,1000,1,1,1753279773,1753279773,0
LTE,310,410,8833,42848448,-1,-86.6567,36.0342,1000,1,1,1753279843,1753279843,0
LTE,310,410,8852,41823255,0,-86.5421,36.2638,1000,1,1,1753310524,1753310524,0
LTE,310,260,43906,27021837,0,-86.7654,36.1679,1000,1,1,1753320456,1753320456,0
LTE,310,410,9101,43258807,0,-85.1911,35.0741,1000,1,1,1753359515,1753359515,0
LTE,310,410,9108,42360492,0,-85.0508,35.0497,1000,1,1,1753360759,1753360759,0
LTE,310,410,8852,43236873,0,-86.3657,36.137,1000,1,1,1753369006,1753369006,0
LTE,310,410,8852,43237046,0,-86.3723,36.1349,1000,1,1,1753369017,1753369017,0
LTE,310,260,43906,158244109,0,-86.5547,35.9454,1000,1,1,1753370361,1753370361,0
LTE,310,260,43906,158244099,0,-86.5542,35.948,1000,1,1,1753370367,1753370367,0
LTE,310,260,43906,30202370,0,-87.7142,35.874,1000,3,1,1753434987,1788291442,0
LTE,310,260,32827,18916611,-1,-88.8346,35.5495,1000,5,1,1753537390,1753576201,0
LTE,310,260,43777,158211344,0,-86.7364,36.2184,1000,1,1,1753510030,1753510030,0
LTE,310,410,8833,42905866,0,-86.7782,35.9734,1000,1,1,1753514083,1753514083,0
LTE,310,410,8840,43248919,0,-86.7489,36.2031,1000,1,1,1753788646,1753788646,0
GSM,310,260,31402,3761,-1,-86.3169,35.5058,1000,1,1,1753797888,1753797888,0
LTE,310,410,8852,42588426,0,-86.8958,36.4956,1000,2,1,1753846827,1754020600,0
LTE,310,410,8832,42627081,0,-86.7694,35.5833,1000,2,1,1753857572,1754020638,0
LTE,310,410,9101,42246327,0,-85.364,35.0287,1000,10,1,1753857966,1787513504,0
LTE,310,260,43777,7217667,0,-86.8853,36.5111,1000,1,1,1753878761,1753878761,0
LTE,310,260,43906,26138114,0,-86.7839,36.1565,1000,1,1,1753885603,1753885603,0
LTE,310,260,43907,155102209,0,-86.019,35.1794,1000,1,1,1753897244,1753897244,0
GSM,310,260,31403,2121,-1,-87.0657,36.5839,1000,1,1,1753930711,1753930711,0
GSM,310,260,31402,3303,-1,-86.7703,35.619,1000,1,1,1753944332,1753944332,0
LTE,310,410,8832,43036853,0,-86.8056,35.4824,1000,1,1,1753945677,1753945677,0
GSM,310,260,31402,60143,-1,-86.1951,35.553,1000,1,1,1753966017,1753966017,0
LTE,310,260,43777,29656323,0,-86.8025,36.1872,1000,1,1,1754000138,1754000138,0
LTE,310,410,8197,40928439,0,-88.7505,36.9958,1000,1,1,1754006060,1754006060,0
LTE,310,410,8197,39197962,0,-88.793,36.6107,1000,3,1,1754008043,1779922629,0
LTE,310,260,43907,48304908,0,-86.5394,36.3581,1000,1,1,1754100781,1754100781,0
GSM,310,260,31401,15093,-1,-86.8028,36.1875,1000,1,1,1754121502,1754121502,0
LTE,310,260,43777,29656333,0,-86.8038,36.1866,1000,1,1,1754127206,1754127206,0
LTE,310,260,43906,6870019,0,-86.7045,36.3073,1000,18,1,1754140167,1768402681,0
LTE,310,410,8838,42631959,0,-86.7754,36.1769,1008,20,1,1754211870,1786563001,0
LTE,310,260,30499,68155649,0,-85.2491,35.1888,1000,1,1,1754225841,1754225841,0
LTE,310,260,30499,53718799,0,-85.1866,35.0307,1000,1,1,1754251234,1754251234,0
LTE,310,260,43906,31243521,0,-86.8081,36.2883,1000,1,1,1754399254,1754399254,0
LTE,310,410,8847,42628618,0,-87.146,36.4783,2743,3,1,1754400518,1773935581,0
LTE,310,260,42881,103883019,0,-88.856,36.6594,1000,2,1,1754439694,1754540869,0
LTE,310,260,43777,30868235,0,-87.0764,36.5862,1000,1,1,1754480144,1754480144,0
LTE,310,410,8832,41758901,0,-86.8738,35.1994,1000,1,1,1754483317,1754483317,0
LTE,310,260,43906,50504706,0,-86.6292,36.0428,1000,1,1,1754490466,1754490466,0
LTE,310,260,43907,38395917,0,-86.3611,35.5879,1000,1,1,1754494348,1754494348,0
LTE,310,410,9101,43444497,0,-85.2257,35.1003,1000,1,1,1754514948,1754514948,0
LTE,310,260,43906,6397446,0,-86.7818,36.1947,1266,5,1,1754524466,1768402682,0
LTE,310,260,32827,18586145,0,-88.9512,35.7989,1000,1,1,1754539323,1754539323,0
LTE,310,260,32827,18918943,0,-88.7516,35.9128,1000,1,1,1754543146,1754543146,0
LTE,310,260,32770,75051011,0,-88.6552,35.9781,1000,1,1,1754544386,1754544386,0
LTE,310,260,32770,19497997,0,-88.5426,36.0953,1000,1,1,1754548745,1754548745,0
LTE,310,260,32770,162660639,0,-88.4376,36.0064,1000,1,1,1754549992,1754549992,0
LTE,310,260,32770,19812364,0,-88.2798,36.033,1000,1,1,1754551231,1754551231,0
LTE,310,260,43907,28588555,0,-88.0807,36.0702,1000,1,1,1754555130,1754555130,0
LTE,310,410,8846,42624428,0,-87.8142,36.0857,1000,1,1,1754556445,1754556445,0
LTE,310,410,8846,41801655,0,-87.6594,36.1049,1000,1,1,1754557694,1754557694,0
LTE,310,410,8846,41801909,0,-87.4406,36.0963,1000,1,1,1754558933,1754558933,0
LTE,310,410,8836,41824182,0,-86.8969,36.0695,1000,1,1,1754562621,1754562621,0
LTE,310,410,8852,42598922,0,-86.891,36.5321,1000,1,1,1754568415,1754568415,0
LTE,310,410,8838,41860790,0,-86.7707,36.1158,1000,1,1,1754568886,1754568886,0
LTE,310,410,8852,42862104,0,-86.8287,36.4584,1000,1,1,1754569774,1754569774,0
LTE,310,410,9093,42355464,0,-85.0466,35.4603,1000,1,1,1754581385,1754581385,0
LTE,310,260,43907,50391554,0,-86.2098,35.3623,1000,1,1,1754586917,1754586917,0
LTE,310,410,8849,42822335,-1,-85.4667,35.2132,2803,33,1,1754674051,1754694842,0
LTE,310,260,43906,50414603,0,-86.6685,35.8152,1000,1,1,1754629212,1754629212,0
LTE,310,260,32770,70158613,0,-88.1295,35.8418,1000,1,1,1754649295,1754649295,0
LTE,310,260,33021,19292191,0,-88.9093,35.6447,1000,1,1,1754651467,1754651467,0
LTE,310,260,43906,160270092,0,-86.6902,35.6374,1000,1,1,1754813790,1754813790,0
LTE,310,260,43907,98555917,0,-86.5331,36.003,1000,1,1,1754836930,1754836930,0
LTE,310,260,43906,26379265,0,-86.5435,36.0139,1000,1,1,1754837038,1754837038,0
LTE,310,260,44027,29647372,0,-86.3544,35.4597,1000,1,1,1754840841,1754840841,0
LTE,310,260,44027,30195211,0,-86.2847,35.4527,1000,1,1,1754840947,1754840947,0
LTE,310,260,32827,18918915,0,-88.7664,35.9136,1000,1,1,1754885181,1754885181,0
LTE,310,260,32770,75051021,0,-88.6711,35.9753,1000,1,1,1754886166,1754886166,0
LTE,310,260,32770,75051010,0,-88.6095,36.0083,1000,1,1,1754887663,1754887663,0
LTE,310,260,32770,162660611,0,-88.4794,36.006,1000,1,1,1754896404,1754896404,0
LTE,310,410,8846,41792183,0,-88.2445,36.0378,1000,1,1,1754899898,1754899898,0
LTE,310,410,8846,42624266,0,-88.0146,36.0062,10143,2,1,1754902505,1773950401,0
LTE,310,260,44029,7216642,0,-87.3779,36.0712,1000,1,1,1754906280,1754906280,0
LTE,310,260,43777,63838221,0,-86.8529,36.1224,1000,16,1,1754911556,1759964281,0
LTE,310,260,43906,9697282,0,-86.804,36.1569,1000,12,1,1754912722,1759890422,0
LTE,310,260,32827,18586124,0,-88.9135,35.8174,1000,1,1,1754968507,1754968507,0
LTE,310,260,32770,75052043,0,-88.8449,35.88,1000,1,1,1754969299,1754969299,0
LTE,310,260,32770,3600140,0,-88.7512,35.9268,1000,1,1,1754970139,1754970139,0
LTE,310,260,32770,75051031,0,-88.6793,35.9724,1000,1,1,1754971341,1754971341,0
LTE,310,260,32770,75051030,0,-88.5761,35.9835,1000,1,1,1754974993,1754974993,0
LTE,310,260,32770,75051020,0,-88.6058,36.0087,1000,1,1,1754975037,1754975037,0
LTE,310,260,32770,19498017,0,-88.535,36.1053,1000,1,1,1754976163,1754976163,0
LTE,310,410,8846,43471376,0,-88.5562,36.0799,1000,1,1,1754976343,1754976343,0
LTE,310,260,32770,162660619,0,-88.4355,36.002,1000,1,1,1754977663,1754977663,0
LTE,310,260,32770,162660609,0,-88.4312,35.9985,1000,1,1,1754978637,1754978637,0
LTE,310,260,43907,8293389,0,-88.1389,36.0459,1000,1,1,1754982374,1754982374,0
LTE,310,260,43907,28588546,0,-88.0035,36.0169,1000,1,1,1754983612,1754983612,0
LTE,310,260,43907,28588556,0,-88.0236,36.0149,1000,1,1,1754983695,1754983695,0
LTE,310,260,43907,19967244,0,-87.9482,36.0302,1000,1,1,1754984022,1754984022,0
LTE,310,260,43907,8293645,0,-87.8015,36.0839,1000,1,1,1754984854,1754984854,0
LTE,310,260,43907,8293635,0,-87.8022,36.084,1000,1,1,1754984917,1754984917,0
LTE,310,410,8846,41801644,0,-87.631,36.1069,1000,1,1,1754985969,1754985969,0
LTE,310,260,43907,8550412,0,-87.6347,36.1082,1000,1,1,1754986092,1754986092,0
LTE,310,260,43906,26887681,0,-87.4359,36.1142,1000,1,1,1754987273,1754987273,0
LTE,310,260,43906,26887691,0,-87.4357,36.1163,1000,1,1,1754987280,1754987280,0
LTE,310,260,43906,26887692,0,-87.4109,36.0885,1000,1,1,1754987333,1754987333,0
LTE,310,260,30499,222099715,0,-85.2432,35.1916,1000,1,1,1754991303,1754991303,0
LTE,310,410,8836,41868056,0,-86.9466,36.0577,1000,1,1,1754994706,1754994706,0
LTE,310,260,44029,29648898,0,-86.9111,36.0616,1000,14,1,1754994767,1767446883,0
LTE,310,410,8840,43226648,0,-86.8747,36.1051,1000,1,1,1754996056,1754996056,0
LTE,310,260,43777,6778893,0,-86.8815,36.1014,1000,1,1,1754996071,1754996071,0
LTE,310,410,8838,41861805,0,-86.8,36.1606,1000,1,1,1755000263,1755000263,0
LTE,310,260,43906,104556309,0,-86.7708,36.0661,1000,1,1,1755003147,1755003147,0
LTE,310,260,43906,104556300,0,-86.7516,36.059,1000,1,1,1755019596,1755019596,0
LTE,310,410,8833,43053493,0,-86.7588,35.9407,1000,1,1,1755021026,1755021026,0
LTE,310,260,43906,160270091,0,-86.688,35.6639,1000,1,1,1755022876,1755022876,0
LTE,310,410,8197,39213080,0,-88.7664,37.0197,1000,1,1,1755045389,1755045389,0
LTE,310,260,32770,2915083,0,-88.9794,35.7833,1000,1,1,1755055823,1755055823,0
LTE,310,260,32770,53727757,0,-88.8397,35.8905,1000,1,1,1755057175,1755057175,0
LTE,310,410,8856,41825463,0,-86.6815,35.7813,1000,1,1,1755106865,1755106865,0
LTE,310,260,30211,43330306,0,-85.7031,35.0035,1242,34,1,1755145539,1787513526,0
LTE,310,410,8846,41801752,0,-87.4791,36.0987,1000,1,1,1755165544,1755165544,0
LTE,310,260,30507,52922882,0,-85.3149,35.011,1000,1,1,1755169817,1755169817,0
LTE,310,260,43777,63838211,0,-86.8529,36.122,1000,1,1,1755171873,1755171873,0
LTE,310,260,43777,63838209,0,-86.8395,36.1295,1000,1,1,1755171997,1755171997,0
LTE,310,260,43777,63838219,0,-86.8381,36.131,1000,1,1,1755172189,1755172189,0
LTE,310,410,8837,41836055,0,-86.4447,35.9316,1000,1,1,1755176211,1755176211,0
LTE,310,410,8840,43248920,0,-86.7511,36.2011,1000,1,1,1755179662,1755179662,0
LTE,310,260,44029,7299841,0,-86.8824,35.3042,1000,8,1,1755198360,1773965942,0
LTE,310,260,32770,75052065,0,-88.8588,35.8574,1000,1,1,1755228102,1755228102,0
LTE,310,410,8846,43403273,0,-88.5841,36.1038,1000,1,1,1755229857,1755229857,0
LTE,310,410,8846,43471375,0,-88.4834,36.1384,1000,1,1,1755231099,1755231099,0
LTE,310,410,8846,41960456,0,-88.3668,36.0195,1000,1,1,1755233439,1755233439,0
LTE,310,260,31342,75119617,0,-86.7542,35.0749,1000,1,1,1755245068,1755245068,0
LTE,310,410,8832,42614282,0,-86.786,35.0443,1000,1,1,1755246392,1755246392,0
LTE,310,260,43906,26887682,0,-87.4111,36.0888,1000,1,1,1755250282,1755250282,0
LTE,310,260,43906,225482755,0,-87.2234,36.1134,1000,1,1,1755251524,1755251524,0
LTE,310,260,43906,225482753,0,-87.1918,36.1054,1000,1,1,1755252763,1755252763,0
LTE,310,410,8840,43226646,0,-86.863,36.1126,1000,1,1,1755257710,1755257710,0
LTE,310,410,9101,42343341,0,-85.2897,35.052,1000,1,1,1755306217,1755306217,0
LTE,310,410,8704,43402762,0,-88.8542,35.8726,1000,1,1,1755327505,1755327505,0
LTE,310,410,8846,42616329,0,-88.6964,35.9578,1000,1,1,1755328803,1755328803,0
LTE,310,410,8846,42616492,0,-88.6911,35.9607,1000,1,1,1755328866,1755328866,0
LTE,310,410,8846,42616328,0,-88.6757,35.9722,1000,1,1,1755328943,1755328943,0
LTE,310,410,8846,41781943,0,-88.5147,36.1418,1000,1,1,1755330182,1755330182,0
LTE,310,410,8846,41801645,0,-87.668,36.1064,1000,1,1,1755339210,1755339210,0
LTE,310,410,8846,41846956,0,-87.3788,36.0682,1466,4,1,1755340675,1779922814,0
LTE,310,410,8840,41743799,0,-86.8555,36.126,1000,1,1,1755347732,1755347732,0
LTE,310,410,8838,42585515,0,-86.7826,36.1564,1000,10,1,1755348968,1772487486,0
LTE,310,410,8832,43038991,0,-86.8008,35.1954,1000,1,1,1755371030,1755371030,0
LTE,310,260,32770,75052045,0,-88.8584,35.8562,1000,1,1,1755402064,1755402064,0
LTE,310,260,32827,18734593,0,-88.8819,35.8409,1000,1,1,1755402103,1755402103,0
LTE,310,260,32770,19497987,0,-88.5305,36.105,1000,1,1,1755404540,1755404540,0
LTE,310,260,43777,158211329,0,-86.7314,36.224,1000,1,1,1755410110,1755410110,0
LTE,310,260,32770,19812353,0,-88.2301,36.0322,1000,1,1,1755411162,1755411162,0
LTE,310,260,43907,19967243,0,-87.9798,36.0264,1000,1,1,1755413921,1755413921,0
LTE,310,260,43907,19967233,0,-87.9799,36.0268,1000,1,1,1755414223,1755414223,0
LTE,310,260,43906,63863051,0,-86.741,35.8817,1000,1,1,1755416464,1755416464,0
LTE,310,410,8846,41801911,0,-87.4984,36.1007,1000,1,1,1755422783,1755422783,0
LTE,310,410,8846,43055631,0,-87.3393,36.0613,1000,1,1,1755424024,1755424024,0
LTE,310,410,9101,42246168,0,-85.3719,35.0261,1000,2,1,1755425556,1773851881,0
LTE,310,410,8838,41886903,0,-86.8167,36.1586,1000,1,1,1755429066,1755429066,0
LTE,310,410,8838,41886893,0,-86.8161,36.1548,1000,8,1,1755438512,1759890422,0
LTE,310,410,9093,42355637,0,-85.0443,35.4622,1000,1,1,1755440373,1755440373,0
LTE,310,260,30499,42835459,0,-85.1903,35.2374,1000,1,1,1755441751,1755441751,0
LTE,310,260,30499,43628301,0,-85.2151,35.1551,1000,1,1,1755442630,1755442630,0
LTE,310,410,8833,42681926,0,-86.7789,36.0421,1000,1,1,1755449565,1755449565,0
LTE,310,260,32827,18918945,0,-88.7653,35.9162,1000,1,1,1755487098,1755487098,0
LTE,310,260,32770,19523074,0,-88.6172,36.2169,1000,1,1,1755489397,1755489397,0
LTE,310,260,32770,19497985,0,-88.5135,36.1325,1000,1,1,1755491791,1755491791,0
LTE,310,260,32770,19497995,0,-88.5089,36.1318,1000,1,1,1755491892,1755491892,0
LTE,310,260,43907,8293644,0,-87.7758,36.0852,1000,1,1,1755507167,1755507167,0
LTE,310,260,43907,8293634,0,-87.7764,36.0873,1000,1,1,1755507193,1755507193,0
LTE,310,260,43907,8550402,0,-87.6302,36.1104,1000,1,1,1755508454,1755508454,0
LTE,310,410,8846,41801495,0,-87.6332,36.1086,1000,1,1,1755508491,1755508491,0
LTE,310,260,32770,3263755,0,-88.8894,35.056,1000,1,1,1755511940,1755511940,0
LTE,310,260,43906,225482764,0,-87.2148,36.0909,1000,1,1,1755512311,1755512311,0
LTE,310,410,8836,41824172,0,-86.8957,36.0705,1000,1,1,1755514761,1755514761,0
LTE,310,260,44029,6997772,0,-86.8895,36.0816,1000,1,1,1755514896,1755514896,0
LTE,310,410,8840,43226806,0,-86.8718,36.0975,1000,1,1,1755515998,1755515998,0
LTE,310,260,43906,26993411,0,-86.7831,36.175,1000,1,1,1755549345,1755549345,0
LTE,310,410,8704,43402760,0,-88.8389,35.8788,1000,1,1,1755574279,1755574279,0
LTE,310,410,8846,41961133,0,-88.4016,35.9165,1000,1,1,1755575815,1755575815,0
LTE,310,410,8846,42992045,0,-88.4459,36.0135,1000,1,1,1755577059,1755577059,0
LTE,310,260,30499,223760651,0,-85.0265,35.0215,1000,1,1,1755578747,1755578747,0
LTE,310,410,8705,41250231,0,-88.5746,35.0796,1000,1,1,1755583253,1755583253,0
LTE,310,410,8846,42624279,0,-87.8144,36.0852,1000,1,1,1755587284,1755587284,0
LTE,310,410,8846,41775797,0,-87.3463,36.0622,1000,1,1,1755591182,1755591182,0
LTE,310,410,8833,43033609,0,-86.7601,36.0581,1000,1,1,1755619781,1755619781,0
LTE,310,260,43906,160270082,0,-86.6919,35.6346,1000,1,1,1755627092,1755627092,0
LTE,310,410,8832,42878480,0,-86.7849,35.4473,1000,1,1,1755630258,1755630258,0
LTE,310,410,9101,42343190,0,-85.2657,35.0604,1000,1,1,1755643873,1755643873,0
LTE,310,410,9101,42343339,0,-85.2668,35.061,1000,1,1,1755646359,1755646359,0
LTE,310,410,9108,42247853,0,-85.151,35.0702,1000,1,1,1755647768,1755647768,0
LTE,310,260,32827,18586144,0,-88.92,35.8165,1000,1,1,1755667735,1755667735,0
LTE,310,410,8704,41225388,0,-88.7619,35.9079,1000,1,1,1755668912,1755668912,0
LTE,310,410,8846,43403436,0,-88.5804,36.0576,1000,1,1,1755670154,1755670154,0
LTE,310,260,32770,19498016,0,-88.4832,36.0976,1000,1,1,1755671273,1755671273,0
LTE,310,260,32770,19497759,0,-88.3955,36.0163,1000,1,1,1755672702,1755672702,0
LTE,310,260,30507,68003073,0,-85.1539,35.2848,1000,1,1,1755675529,1755675529,0
LTE,310,410,8846,42584492,0,-87.4769,37.0561,1069,2,1,1755679253,1773834421,0
LTE,310,410,8846,42626056,0,-87.9486,36.0298,1000,1,1,1755679756,1755679756,0
LTE,310,260,43907,19967234,0,-87.9471,36.0307,1000,1,1,1755679831,1755679831,0
LTE,310,410,8195,40545553,0,-87.2068,36.6698,1000,1,1,1755683144,1755683144,0
LTE,310,260,30211,223663629,0,-85.8103,35.1834,1000,1,1,1755690089,1755690089,0
LTE,310,410,8836,41868215,0,-86.9485,36.055,1000,1,1,1755692931,1755692931,0
LTE,310,410,8836,41824008,0,-86.8763,36.0905,1000,1,1,1755693423,1755693423,0
LTE,310,260,43906,6386693,0,-86.7379,36.2114,1000,1,1,1755697047,1755697047,0
LTE,310,410,8838,41859511,0,-86.7849,36.1669,1000,1,1,1755698879,1755698879,0
LTE,310,410,8837,42625544,0,-86.1467,35.212,1000,1,1,1755716320,1755716320,0
LTE,310,260,43906,9529601,0,-86.7763,36.1245,1000,1,1,1755722928,1755722928,0
LTE,310,410,8704,41274550,0,-88.9948,35.7729,1000,1,1,1755752211,1755752211,0
LTE,310,410,8704,43269647,0,-88.7938,35.8331,1000,1,1,1755754695,1755754695,0
LTE,310,260,32827,18734623,0,-88.8812,35.8409,1000,1,1,1755754721,1755754721,0
LTE,310,410,8846,41960885,0,-88.6264,36.0041,1000,1,1,1755759006,1755759006,0
LTE,310,410,9101,42343085,0,-85.3248,35.0268,1000,2,1,1755761185,1782928622,0
LTE,310,410,8846,43471377,0,-88.4976,36.1459,1000,1,1,1755761626,1755761626,0
LTE,310,410,8846,41781931,0,-88.4838,36.1011,1000,1,1,1755761660,1755761660,0
LTE,310,260,32770,19497731,0,-88.4125,35.9955,1000,1,1,1755762890,1755762890,0
LTE,310,410,9101,42247340,0,-85.319,35.0153,1000,1,1,1755764515,1755764515,0
LTE,310,410,9101,42241303,0,-85.2104,35.0817,1000,1,1,1755766992,1755766992,0
LTE,310,260,32770,19812363,0,-88.2262,36.035,1000,1,1,1755772789,1755772789,0
LTE,310,260,43906,9529602,0,-86.7699,36.1201,1000,2,1,1755773820,1767478143,0
LTE,310,410,8846,43004075,0,-87.9829,36.0351,1000,1,1,1755774026,1755774026,0
LTE,310,260,43906,26887693,0,-87.4931,36.0916,1000,1,1,1755777838,1755777838,0
LTE,310,410,8846,41801901,0,-87.4767,36.0978,1000,1,1,1755778993,1755778993,0
LTE,310,260,43906,103742733,0,-86.9115,36.0282,1000,1,1,1755782336,1755782336,0
LTE,310,410,8836,42657087,0,-86.9168,36.0635,1000,1,1,1755782925,1755782925,0
LTE,310,410,8836,41824181,0,-86.8726,36.0948,1000,1,1,1755784131,1755784131,0
LTE,310,410,8836,41824022,0,-86.8771,36.0908,1000,1,1,1755784256,1755784256,0
LTE,310,410,8840,41743797,0,-86.8357,36.1309,1000,1,1,1755787540,1755787540,0
LTE,310,410,8838,41861815,0,-86.7978,36.1661,1000,1,1,1755791010,1755791010,0
LTE,310,410,8838,41888428,0,-86.7606,36.097,1000,1,1,1755793489,1755793489,0
LTE,310,260,32827,18586115,0,-88.9517,35.8008,1000,1,1,1755835154,1755835154,0
LTE,310,260,32770,75052033,0,-88.8447,35.878,1000,1,1,1755838099,1755838099,0
LTE,310,260,32770,75052063,0,-88.8408,35.88,1000,1,1,1755838104,1755838104,0
LTE,310,260,32827,18918923,0,-88.7521,35.9136,1000,1,1,1755839339,1755839339,0
LTE,310,260,43906,9116941,0,-86.7828,36.1516,2857,11,1,1755852568,1781812382,0
LTE,310,260,43907,31073292,0,-86.8909,36.4716,1000,1,1,1755856811,1755856811,0
LTE,310,410,9108,42258967,0,-85.0011,35.014,1000,1,1,1755860788,1755860788,0
LTE,310,410,8836,41868213,0,-86.9197,36.0671,1000,1,1,1755865532,1755865532,0
LTE,310,260,43777,6384132,0,-86.7074,36.1071,1000,1,1,1755872277,1755872277,0
LTE,310,260,30499,223545869,0,-85.1294,35.3384,1000,13,1,1755875018,1783708287,0
LTE,310,260,42881,158262049,0,-88.5248,36.9967,1000,2,1,1755882124,1763747283,0
LTE,310,410,8832,43036854,0,-86.8033,35.4491,1000,1,1,1755889719,1755889719,0
LTE,310,260,43906,98456332,0,-86.7799,36.1626,1000,1,1,1755898107,1755898107,0
LTE,310,260,32770,53727747,0,-88.8271,35.8895,1000,1,1,1755924704,1755924704,0
LTE,310,410,8846,41748140,0,-87.7945,36.0843,1000,1,1,1755938001,1755938001,0
LTE,310,260,43907,6791436,0,-86.3415,35.8339,1000,1,1,1755940815,1755940815,0
LTE,310,260,43906,63869196,0,-87.1688,36.1031,1000,1,1,1755941888,1755941888,0
LTE,310,410,8847,41803799,0,-86.9856,36.5548,1000,1,1,1755952750,1755952750,0
LTE,310,410,8848,41751469,0,-86.7338,36.3637,1000,1,1,1755955191,1755955191,0
LTE,310,260,30211,223714060,0,-85.8154,35.1996,1000,1,1,1755955490,1755955490,0
LTE,310,410,8848,41740205,0,-86.7474,36.1988,1000,1,1,1755956432,1755956432,0
LTE,310,410,8840,43142325,0,-86.7514,36.2037,1000,1,1,1755956465,1755956465,0
LTE,310,260,43907,19603979,0,-85.9507,35.7479,1000,1,1,1755957352,1755957352,0
LTE,310,410,8838,42824108,0,-86.7726,36.1764,1000,3,1,1755957821,1773840061,0
LTE,310,260,44027,9548300,0,-86.1448,35.8067,1000,1,1,1755958587,1755958587,0
LTE,310,410,8838,42585516,0,-86.7821,36.1525,557,27,1,1755958913,1772487486,0
LTE,310,410,8833,41883307,0,-86.5301,35.9991,1000,1,1,1755961385,1755961385,0
LTE,310,410,8856,42630423,0,-86.4832,35.94,1000,1,1,1755962621,1755962621,0
LTE,310,260,43907,50505237,0,-86.3525,35.5805,1000,1,1,1755966312,1755966312,0
LTE,310,260,43907,38395926,0,-86.3299,35.5538,1000,1,1,1755967435,1755967435,0
LTE,310,410,8837,42891280,0,-86.1625,35.3087,1000,1,1,1755971291,1755971291,0
LTE,310,410,8833,42939830,0,-86.7708,35.9598,1000,1,1,1755971478,1755971478,0
LTE,310,410,8833,42604567,0,-86.7371,35.8359,1000,1,1,1755972602,1755972602,0
LTE,310,260,31342,75119627,0,-86.7318,35.0941,1000,1,1,1755978700,1755978700,0
LTE,310,260,30507,52836620,0,-85.0507,35.0529,1000,1,1,1755980946,1755980946,0
LTE,310,260,30507,52836610,0,-85.0454,35.053,1000,1,1,1755980965,1755980965,0
LTE,310,260,30499,223706892,0,-85.2484,35.0778,1000,1,1,1755985715,1755985715,0
LTE,310,260,30499,43427597,0,-85.221,35.091,1000,1,1,1755985898,1755985898,0
LTE,310,260,32770,75052035,0,-88.8551,35.8585,1000,1,1,1756011302,1756011302,0
LTE,310,260,32770,162660621,0,-88.4623,36.0048,1000,1,1,1756016257,1756016257,0
LTE,310,260,32770,19497761,0,-88.4169,35.9913,1000,1,1,1756017144,1756017144,0
LTE,310,410,8846,43256599,0,-87.4688,36.9588,1000,1,1,1756023217,1756023217,0
LTE,310,260,43907,28588575,0,-88.0737,36.0629,1000,1,1,1756024427,1756024427,0
LTE,310,260,43907,28588576,0,-87.9967,36.0136,1000,1,1,1756025459,1756025459,0
LTE,310,260,43906,114341645,0,-86.7293,36.0743,1000,1,1,1756041117,1756041117,0
LTE,310,410,8848,43176630,0,-86.709,36.2741,1000,1,1,1756043533,1756043533,0
LTE,310,260,30499,223631874,0,-85.0598,35.4508,3419,8,1,1756049365,1783708286,0
LTE,310,410,8833,43053335,0,-86.7686,35.9132,1000,1,1,1756054926,1756054926,0
LTE,310,410,8832,42625047,0,-86.6959,35.6317,1000,1,1,1756056537,1756056537,0
LTE,310,260,30507,52836611,0,-85.0692,35.067,1000,1,1,1756070273,1756070273,0
LTE,310,260,33021,19292181,0,-88.9084,35.6595,1000,1,1,1756091319,1756091319,0
LTE,310,260,32827,18586114,0,-88.9223,35.8182,1000,1,1,1756098082,1756098082,0
LTE,310,260,32770,222600972,0,-88.9248,35.8795,1000,1,1,1756098587,1756098587,0
LTE,310,260,32770,3600130,0,-88.751,35.9315,1000,1,1,1756100460,1756100460,0
LTE,310,410,8704,41352201,0,-88.616,36.2096,1000,1,1,1756102895,1756102895,0
LTE,310,410,8846,42994953,0,-88.3441,36.0541,1000,1,1,1756110347,1756110347,0
LTE,310,410,8846,42610960,0,-88.3388,36.0337,1000,1,1,1756110364,1756110364,0
LTE,310,260,32770,19812354,0,-88.2858,36.0194,1000,1,1,1756110568,1756110568,0
LTE,310,410,8846,41747884,0,-88.1205,36.0469,1000,2,1,1756118041,1773949981,0
LTE,310,260,44029,7216643,0,-87.3995,36.0769,1000,1,1,1756122235,1756122235,0
LTE,310,410,8846,41902509,0,-87.3809,36.0706,1000,3,1,1756122355,1779922814,0
GSM,310,260,31403,3172,-1,-87.2583,36.1172,1000,1,1,1756125039,1756125039,0
LTE,310,410,8840,43226632,0,-86.8624,36.1114,1000,1,1,1756127518,1756127518,0
LTE,310,410,8835,42028213,0,-85.0129,35.9833,1000,1,1,1756132053,1756132053,0
LTE,310,260,43905,8574466,0,-85.2221,36.0864,4976,6,1,1756132863,1788291490,0
LTE,310,410,8835,41912245,0,-85.3234,36.1369,1000,1,1,1756133292,1756133292,0
LTE,310,410,8835,41912247,0,-85.3581,36.1361,1000,1,1,1756133418,1756133418,0
LTE,310,410,8840,43170072,0,-86.7269,36.2435,1000,1,1,1756133956,1756133956,0
LTE,310,410,8848,43048631,0,-86.6911,36.1724,1000,1,1,1756138555,1756138555,0
LTE,310,260,43906,8948240,0,-86.6938,36.2013,1000,1,1,1756138746,1756138746,0
LTE,310,260,43777,104682755,0,-86.6923,36.2112,1000,2,1,1756138780,1773965945,0
LTE,310,260,43906,6790923,0,-86.7562,36.2411,1000,1,1,1756139086,1756139086,0
LTE,310,410,8833,41888939,0,-86.7767,35.9705,1000,1,1,1756141157,1756141157,0
LTE,310,410,8833,43053334,0,-86.7618,35.9453,1000,1,1,1756141409,1756141409,0
LTE,310,410,8856,41859255,0,-86.7072,35.8442,1000,1,1,1756142963,1756142963,0
LTE,310,260,43906,8948230,0,-86.6905,36.2006,1000,2,1,1756144449,1773965945,0
LTE,310,260,43906,6870018,0,-86.6681,36.31,3015,22,1,1756156763,1768441741,0
LTE,310,260,43906,6870028,0,-86.637,36.2814,4947,10,1,1756156785,1774200003,0
LTE,310,260,43906,6870017,0,-86.7013,36.3155,1000,4,1,1756157105,1768402681,0
LTE,310,410,8848,43017910,0,-86.7034,36.3235,1000,1,1,1756157357,1756157357,0
LTE,310,410,8195,40804111,0,-86.367,37.0142,1000,1,1,1756160860,1756160860,0
LTE,310,410,8704,41352118,0,-88.8942,36.4842,1000,1,1,1756172114,1756172114,0
LTE,310,260,32770,2915073,0,-88.9796,35.7823,1000,1,1,1756174399,1756174399,0
LTE,310,260,32827,18586125,0,-88.9592,35.7922,1000,1,1,1756174653,1756174653,0
LTE,310,410,8704,43402924,0,-88.8481,35.8502,1000,1,1,1756175608,1756175608,0
LTE,310,260,32770,75052055,0,-88.8666,35.8432,1000,1,1,1756175640,1756175640,0
LTE,310,260,30499,53718800,0,-85.1899,35.0603,1000,1,1,1756175879,1756175879,0
LTE,310,260,32770,19497485,0,-88.4054,35.9479,1000,1,1,1756180543,1756180543,0
LTE,310,260,43907,8293388,0,-88.1086,36.0536,1000,1,1,1756188492,1756188492,0
LTE,310,260,43906,225482765,0,-87.2222,36.109,1000,1,1,1756199924,1756199924,0
LTE,310,260,43906,225482763,0,-87.194,36.1039,1000,1,1,1756200108,1756200108,0
LTE,310,260,44029,6997771,0,-86.8711,36.1199,2582,3,1,1756202596,1759964282,0
LTE,310,410,8840,43226807,0,-86.8741,36.1046,1000,1,1,1756204967,1756204967,0
LTE,310,260,43906,9697293,0,-86.8542,36.1537,3281,3,1,1756206178,1761413704,0
LTE,310,410,8833,41729965,0,-86.6406,36.0323,1000,2,1,1756209503,1773840961,0
LTE,310,260,43906,26585345,0,-86.6901,35.4266,1000,1,1,1756225939,1756225939,0
LTE,310,260,43907,50391565,0,-86.2006,35.3607,1000,1,1,1756226037,1756226037,0
LTE,310,260,43906,27079435,0,-86.7416,35.4921,1000,1,1,1756226138,1756226138,0
LTE,310,260,43777,9080326,0,-86.7392,36.0814,1000,1,1,1756231194,1756231194,0
LTE,310,410,8839,42966966,0,-85.5579,35.0238,1000,1,1,1756231282,1756231282,0
LTE,310,260,43906,9529613,0,-86.7796,36.1138,1000,1,1,1756233674,1756233674,0
LTE,310,410,9101,42343351,0,-85.2835,35.0498,1000,1,1,1756236033,1756236033,0
LTE,310,410,9101,42835411,0,-85.2566,35.077,1000,1,1,1756241004,1756241004,0
LTE,310,260,43003,6901517,0,-88.7534,37.0311,1000,1,1,1756254171,1756254171,0
LTE,310,260,32770,19812383,0,-88.2297,36.0363,1000,1,1,1756283130,1756283130,0
LTE,310,260,44029,7305985,0,-87.2419,36.04,1000,1,1,1756290069,1756290069,0
LTE,310,410,8836,41824009,0,-86.8957,36.0702,1000,1,1,1756293882,1756293882,0
LTE,310,260,43906,9697292,0,-86.8006,36.1561,1000,1,1,1756295108,1756295108,0
LTE,310,260,43906,29639427,0,-86.6129,36.0335,1000,1,1,1756308217,1756308217,0
LTE,310,260,44027,30164226,0,-86.1815,35.3379,1000,1,1,1756314987,1756314987,0
LTE,310,410,8832,43038992,-1,-86.8786,35.1692,1000,11,1,1756392005,1756422133,0
LTE,310,410,8832,43039169,-1,-86.8874,35.2362,1000,8,1,1756392245,1756422134,0
LTE,310,410,41219,41313283,-1,-86.8857,35.4582,1000,6,1,1756392995,1756422136,0
LTE,310,410,8832,42919952,-1,-86.905,35.5665,15955,22,1,1756393295,1785040177,0
LTE,310,410,8832,42633488,-1,-86.9015,35.5998,1000,11,1,1756393455,1756422182,0
LTE,310,410,8832,42633495,-1,-86.9011,35.6044,1000,6,1,1756393475,1756422182,0
LTE,310,410,8832,42633481,-1,-86.9002,35.614,1000,11,1,1756393495,1770127381,0
LTE,310,410,8832,42633482,-1,-86.8949,35.637,1256,20,1,1756393555,1770127329,0
LTE,310,410,8832,42633645,-1,-86.8929,35.6512,1000,7,1,1756393625,1756422183,0
LTE,310,410,8856,42912522,-1,-86.8719,35.7438,1000,16,1,1756393925,1756422184,0
LTE,310,410,8856,42912525,-1,-86.8679,35.7561,1000,18,1,1756393955,1770126842,0
LTE,310,410,8856,41875885,-1,-86.8615,35.7873,1000,21,1,1756394065,1756422184,0
LTE,310,410,8856,42604298,-1,-86.8317,35.8608,2966,22,1,1756394255,1770126483,0
LTE,310,410,8833,43006729,-1,-86.7972,35.996,1000,14,1,1756394775,1770125881,0
LTE,310,410,8848,43185045,-1,-86.7054,36.325,1000,20,1,1756398725,1756422192,0
LTE,310,410,8848,43017899,-1,-86.7108,36.3357,1000,20,1,1756398826,1786564323,0
LTE,310,410,8195,40797335,-1,-86.0989,37.0653,1752,50,1,1756404043,1756430703,0
LTE,310,260,30463,44106498,0,-85.5834,35.0604,1000,1,1,1756322371,1756322371,0
LTE,310,260,42881,29628449,0,-88.7386,37.0685,1000,1,1,1756344814,1756344814,0
LTE,310,260,32827,3647007,0,-88.8886,36.5107,1000,1,1,1756349834,1756349834,0
LTE,310,260,32827,3647009,0,-88.9075,36.4934,1000,1,1,1756351062,1756351062,0
LTE,310,260,30211,42871318,0,-85.5934,35.0417,1000,12,1,1756355126,1787260748,0
LTE,310,260,30211,223029015,0,-85.8066,35.1797,1000,1,1,1756356006,1756356006,0
LTE,310,260,30211,223419670,0,-85.7881,35.1884,1000,1,1,1756356095,1756356095,0
LTE,310,260,43906,6383886,0,-86.6827,36.1417,1000,1,1,1756361861,1756361861,0
LTE,310,260,43906,26887683,0,-87.4909,36.0901,1000,1,1,1756381209,1756381209,0
LTE,310,410,8856,41736471,0,-86.7074,35.8681,1000,1,1,1756382419,1756382419,0
LTE,310,260,43907,50505239,0,-86.3497,35.5317,1000,1,1,1756394870,1756394870,0
LTE,310,410,9108,43246293,0,-85.1482,35.0681,1000,1,1,1756410433,1756410433,0
LTE,310,410,8832,41758742,0,-86.8699,35.1972,1000,1,1,1756412730,1756412730,0
LTE,310,260,43907,7311371,0,-87.9438,35.8679,1000,1,1,1756418989,1756418989,0
LTE,310,260,32827,18699040,0,-88.3978,35.7869,1000,1,1,1756420829,1756420829,0
LTE,310,260,32827,16835595,0,-88.7788,35.6813,1000,1,1,1756423786,1756423786,0
LTE,310,410,8197,39201033,0,-88.8041,37.0014,1000,1,1,1756429723,1756429723,0
LTE,310,410,8704,41319083,0,-88.9175,35.8243,1000,1,1,1756436643,1756436643,0
LTE,310,260,43906,30202391,0,-87.7523,35.8803,1000,1,1,1756439084,1756439084,0
LTE,310,410,8846,41961738,0,-88.5054,35.9261,1000,1,1,1756439156,1756439156,0
LTE,310,260,32827,16835596,0,-88.7931,35.6742,1000,1,1,1756450308,1756450308,0
LTE,310,410,9101,42246581,0,-85.2559,35.0761,1000,1,1,1756506725,1756506725,0
LTE,310,410,8837,42664746,0,-86.0707,35.4833,1000,1,1,1756525739,1756525739,0
LTE,310,260,43906,6381589,0,-86.7597,36.1598,1000,1,1,1756529167,1756529167,0
LTE,310,260,43906,27021840,0,-86.7676,36.1701,1000,2,1,1756529227,1764350403,0
LTE,310,410,8838,42631958,0,-86.7755,36.1834,4254,20,1,1756529333,1782920521,0
LTE,310,260,43906,6397456,0,-86.7789,36.1953,1000,2,1,1756529343,1764350284,0
LTE,310,260,43906,6387214,0,-86.744,36.2393,1075,4,1,1756529586,1773965946,0
LTE,310,260,43906,6387211,0,-86.7372,36.262,1000,1,1,1756529657,1756529657,0
LTE,310,260,43777,7084823,0,-86.723,36.425,1000,1,1,1756530411,1756530411,0
LTE,310,410,8846,42616502,0,-88.6919,35.9591,1000,1,1,1756532767,1756532767,0
LTE,310,410,8195,40786959,0,-86.5256,36.7121,1000,1,1,1756534058,1756534058,0
LTE,310,410,8195,40804112,0,-86.3794,36.9949,1000,1,1,1756535181,1756535181,0
LTE,310,410,8197,39214102,0,-88.3446,36.9889,1000,1,1,1756537401,1756537401,0
LTE,310,410,8846,42938129,0,-87.7389,36.0906,1000,1,1,1756550374,1756550374,0
LTE,310,410,8846,41745419,0,-87.4727,36.8674,1000,5,1,1756552312,1779922814,0
LTE,310,410,8195,39341080,0,-87.1761,36.7481,1000,1,1,1756553771,1756553771,0
LTE,310,260,43907,9931009,0,-86.8857,36.5136,1000,1,1,1756556049,1756556049,0
LTE,310,410,8838,41774519,0,-86.7594,36.1844,1000,1,1,1756559212,1756559212,0
LTE,310,410,8846,41781932,0,-88.5266,36.1075,1000,1,1,1756624644,1756624644,0
LTE,310,410,9101,42241452,0,-85.2131,35.0799,1000,1,1,1756662158,1756662158,0
LTE,310,260,44161,8453951,0,-85.0298,35.9942,1780,2,1,1756751322,1770604561,0
LTE,310,260,44161,8453911,0,-85.0788,36.0208,2189,50,1,1756751438,1788291491,0
LTE,310,260,43905,104403990,0,-85.1793,36.0576,2630,12,1,1756751785,1788291490,0
LTE,310,260,43906,26049281,0,-87.1426,35.9008,1000,2,1,1756758960,1757390115,0
LTE,310,260,44029,29834243,0,-87.1468,35.9031,1000,1,1,1756759151,1756759151,0
LTE,310,260,43906,6998530,0,-86.7777,36.2386,1000,1,1,1756667840,1756667840,0
LTE,310,410,8846,42949135,0,-88.6601,35.9796,1000,1,1,1756701812,1756701812,0
LTE,310,260,32770,162679554,0,-88.3433,36.0501,1000,1,1,1756712235,1756712235,0
LTE,310,410,8846,42611464,0,-88.1835,36.0214,1000,1,1,1756717629,1756717629,0
LTE,310,260,43777,7218178,0,-86.7511,36.3814,1000,1,1,1756734343,1756734343,0
LTE,310,260,43907,104222979,0,-86.1391,35.2813,1000,1,1,1756740487,1756740487,0
LTE,310,260,43907,160284674,0,-85.9119,35.0587,1000,1,1,1756744207,1756744207,0
LTE,310,260,43906,162798859,0,-86.6939,35.6264,1000,1,1,1756749997,1756749997,0
LTE,310,260,43906,162798849,0,-86.6945,35.6269,1000,1,1,1756750143,1756750143,0
LTE,310,260,32827,18699041,0,-88.4207,35.7767,1000,1,1,1756778868,1756778868,0
LTE,310,260,32770,43515935,0,-88.4849,35.7613,1000,1,1,1756779127,1756779127,0
LTE,310,260,32827,16835616,0,-88.7861,35.6763,1000,1,1,1756780102,1756780102,0
LTE,310,260,32827,16807711,0,-88.8292,35.669,1000,1,1,1756780178,1756780178,0
LTE,310,260,32827,222387744,0,-88.8703,35.6568,1000,1,1,1756780358,1756780358,0
LTE,310,410,8838,41767863,0,-86.6922,36.1602,1000,1,1,1756817548,1756817548,0
LTE,310,260,43906,30937346,0,-86.6907,36.1542,1000,1,1,1756834806,1756834806,0
LTE,310,410,8848,41776556,0,-86.7015,36.2883,1000,1,1,1756907175,1756907175,0
LTE,310,410,8833,42681933,0,-86.7771,36.046,1000,2,1,1756915106,1770125641,0
LTE,310,410,8837,43224600,0,-86.3601,35.5881,1000,1,1,1756917065,1756917065,0
LTE,310,260,43907,38395907,0,-86.3605,35.5863,1000,1,1,1756917184,1756917184,0
LTE,310,260,43907,50391556,0,-86.2146,35.3663,1000,1,1,1756920811,1756920811,0
GSM,310,260,17571,3491,-1,-88.8745,35.8432,1000,1,1,1756970837,1756970837,0
LTE,310,260,30211,42871319,0,-85.6981,35.019,3620,50,1,1756978380,1787513527,0
LTE,310,410,8839,42830803,0,-85.734,35.0813,1000,1,1,1756978626,1756978626,0
LTE,310,260,30211,223029005,0,-85.7925,35.1735,1000,2,1,1756979012,1763729223,0
LTE,310,260,30211,223714059,0,-85.8165,35.2298,1000,2,1,1756979429,1763729462,0
LTE,310,410,8846,41731765,0,-87.1837,36.1073,1000,1,1,1756989525,1756989525,0
LTE,310,260,43906,6383876,0,-86.6831,36.1406,1000,1,1,1756990502,1756990502,0
LTE,310,260,43906,30937355,0,-86.6909,36.1603,1000,1,1,1756990653,1756990653,0
LTE,310,410,8848,43048472,0,-86.6906,36.1721,1000,1,1,1756990674,1756990674,0
LTE,310,410,8833,41759404,0,-86.5914,36.0308,1000,1,1,1756995733,1756995733,0
LTE,310,260,43907,156028161,0,-86.1037,35.2029,1000,1,1,1757003202,1757003202,0
LTE,310,410,8839,42966956,0,-85.5596,35.025,1000,1,1,1757010382,1757010382,0
LTE,310,260,43906,160394764,0,-86.8796,35.0293,1000,1,1,1757011659,1757011659,0
LTE,310,410,9101,42344619,0,-85.3783,35.0187,1000,2,1,1757014118,1782928201,0
LTE,310,260,43906,48287745,0,-86.817,35.9633,1000,1,1,1757014281,1757014281,0
LTE,310,260,43906,7033099,0,-86.8046,35.9522,1000,1,1,1757015523,1757015523,0
LTE,310,260,44029,7314178,0,-87.5547,35.9522,1000,5,1,1757037382,1788291442,0
LTE,310,260,43907,7311372,0,-88.0064,35.8696,1000,2,1,1757038738,1770614281,0
LTE,310,410,8836,41752854,0,-86.9472,36.0869,1000,1,1,1757043042,1757043042,0
LTE,310,410,8840,41803692,0,-86.7972,36.1996,1000,1,1,1757059315,1757059315,0
LTE,310,410,8856,42614792,0,-86.759,35.9142,1000,1,1,1757068820,1757068820,0
LTE,310,410,8838,41737643,0,-86.7447,36.1582,1000,1,1,1757096891,1757096891,0
GSM,310,260,31401,20112,-1,-86.8744,36.2806,1000,2,1,1738888960,1757211181,0
LTE,310,410,8838,43032237,0,-86.7915,36.1171,1000,1,1,1757098133,1757098133,0
LTE,310,410,8840,43014575,0,-86.8154,36.106,1000,1,1,1757100795,1757100795,0
LTE,310,260,43906,6870030,0,-86.6984,36.3234,1000,1,1,1757164333,1757164333,0
LTE,310,410,8705,43347471,0,-88.281,35.8164,1000,1,1,1757232655,1757232655,0
LTE,310,260,44029,7973142,0,-87.7982,35.84,1000,1,1,1757234017,1757234017,0
LTE,310,410,8846,41801750,0,-87.4425,36.097,1000,1,1,1757241031,1757241031,0
LTE,310,260,43907,6396174,0,-87.2849,36.601,1000,1,1,1757246108,1757246108,0
LTE,310,260,32770,160345602,0,-88.711,35.0679,1000,1,1,1757302231,1757302231,0
LTE,310,260,32770,160345632,0,-88.7176,35.0677,1000,1,1,1757302316,1757302316,0
LTE,310,260,32827,18586123,0,-88.9189,35.8331,1000,1,1,1757303216,1757303216,0
LTE,310,260,43906,134362893,0,-86.7845,36.1593,1000,1,1,1757317032,1757317032,0
LTE,310,410,8836,41770411,0,-86.9987,36.0782,1000,1,1,1757335857,1757335857,0
LTE,310,410,8840,43131821,0,-86.7359,36.221,1000,1,1,1757336570,1757336570,0
LTE,310,410,8840,41753260,0,-86.8539,36.1407,1000,1,1,1757337098,1757337098,0
LTE,310,410,8838,41886892,0,-86.8057,36.1566,1000,18,1,1757338561,1771810741,0
LTE,310,260,44029,29649675,0,-86.6541,35.7431,1000,1,1,1757353443,1757353443,0
LTE,310,260,30499,44481538,0,-85.1881,35.086,1000,1,1,1757355511,1757355511,0
LTE,310,260,30499,222098690,0,-85.1805,35.0729,1000,1,1,1757355528,1757355528,0
LTE,310,260,32770,2915103,0,-88.9794,35.781,1000,1,1,1757394912,1757394912,0
LTE,310,260,32770,53727777,0,-88.8237,35.8878,1000,1,1,1757396567,1757396567,0
LTE,310,260,32770,19498015,0,-88.5097,36.1319,1000,1,1,1757407633,1757407633,0
LTE,310,260,43906,6381579,0,-86.7592,36.1588,1000,1,1,1757417643,1757417643,0
LTE,310,410,8832,42878479,0,-86.7723,35.4787,1000,1,1,1757427160,1757427160,0
LTE,310,410,8833,41755319,0,-86.7842,36.0381,1000,1,1,1757437601,1757437601,0
LTE,310,410,8839,42251436,0,-85.6156,35.0448,1000,1,1,1757440108,1757440108,0
LTE,310,260,43906,9529606,0,-86.786,36.1183,1000,1,1,1757441305,1757441305,0
LTE,310,410,8856,42620331,0,-86.7307,35.8191,1000,1,1,1757442524,1757442524,0
LTE,310,410,8197,39213237,0,-88.7408,37.0311,1000,1,1,1757462443,1757462443,0
LTE,310,260,33021,19292192,0,-88.9135,35.6384,1000,1,1,1757464754,1757464754,0
LTE,310,410,8704,41319094,0,-88.9335,35.7916,1000,1,1,1757487766,1757487766,0
LTE,310,410,8704,41335981,0,-88.8044,35.8968,1000,1,1,1757489007,1757489007,0
LTE,310,410,8846,42624280,0,-87.9357,36.0295,1000,1,1,1757500572,1757500572,0
LTE,310,260,43906,29639437,0,-86.6125,36.0341,1000,2,1,1757516061,1763734141,0
LTE,310,260,32827,16835617,0,-88.8126,35.6727,1000,1,1,1757517021,1757517021,0
UMTS,310,260,30499,44413719,0,-85.001,35.5189,1000,1,1,1757517562,1757517562,0
LTE,310,260,33021,43516704,0,-88.9899,35.6199,1000,1,1,1757518235,1757518235,0
UMTS,310,260,30499,43265557,0,-85.228,35.1406,1000,1,1,1757521712,1757521712,0
LTE,310,260,44027,30164227,0,-86.2096,35.3474,1000,1,1,1757523349,1757523349,0
LTE,310,410,9101,42247339,0,-85.3082,35.0267,1000,1,1,1757539736,1757539736,0
LTE,310,410,9101,42243501,0,-85.1923,35.0433,1000,1,1,1757540977,1757540977,0
LTE,310,260,32827,18734605,0,-88.9095,35.8371,1000,1,1,1757561926,1757561926,0
LTE,310,260,32770,162679564,0,-88.3358,36.0367,1000,1,1,1757578073,1757578073,0
LTE,310,410,8840,43226633,0,-86.8703,36.095,1000,1,1,1757595394,1757595394,0
LTE,310,260,43906,6997271,0,-86.7221,36.266,1000,1,1,1757597783,1757597783,0
LTE,310,260,43907,156028162,0,-86.086,35.1785,1000,1,1,1757610586,1757610586,0
LTE,310,410,8704,43366928,0,-88.9383,35.8074,1000,1,1,1757651341,1757651341,0
LTE,310,260,32770,19812384,0,-88.2815,36.0344,1000,1,1,1757665140,1757665140,0
LTE,310,410,9101,42860817,0,-85.3737,35.0258,1000,1,1,1757666473,1757666473,0
LTE,310,260,43907,8293408,0,-88.1096,36.0546,1000,1,1,1757671727,1757671727,0
LTE,310,260,30211,161094168,0,-85.7898,35.0336,1000,1,1,1757671921,1757671921,0
LTE,310,410,8848,42617367,0,-86.6913,36.1986,1000,11,1,1757682501,1760562424,0
LTE,310,260,43777,104682754,0,-86.6887,36.2006,1000,12,1,1757682525,1773965946,0
LTE,310,410,8856,41736630,0,-86.715,35.8586,1000,1,1,1757684368,1757684368,0
LTE,310,410,8837,41834422,0,-86.4392,35.9451,1000,1,1,1757685596,1757685596,0
LTE,310,260,43906,6385158,0,-86.8108,36.1552,1000,5,1,1757685734,1759890422,0
LTE,310,260,44029,7298562,0,-86.8752,35.2015,2157,24,1,1757689143,1773988383,0
LTE,310,410,8846,41733036,0,-87.4722,36.9171,3206,6,1,1757689265,1779922814,0
LTE,310,410,8195,39341229,0,-87.1765,36.7491,1000,1,1,1757691089,1757691089,0
LTE,310,410,8847,43147691,0,-87.1069,36.6002,1000,1,1,1757691752,1757691752,0
LTE,310,410,8852,41821357,0,-86.9218,36.586,1000,1,1,1757692334,1757692334,0
LTE,310,410,8852,41738157,0,-86.8717,36.4943,1000,1,1,1757692990,1757692990,0
LTE,310,410,8852,42862252,0,-86.8107,36.438,1000,1,1,1757693576,1757693576,0
LTE,310,410,8840,43249067,0,-86.7618,36.205,1000,1,1,1757696062,1757696062,0
LTE,310,410,8856,41739949,0,-86.5152,35.9589,1000,1,1,1757701018,1757701018,0
LTE,310,410,8837,41770156,0,-86.4206,35.6602,1000,2,1,1757703495,1757905942,0
LTE,310,260,43906,27021828,0,-86.7633,36.1737,1000,2,1,1757705646,1757905952,0
LTE,310,260,44029,7214849,0,-87.5063,35.9806,1000,2,1,1757714091,1757905983,0
LTE,310,410,9101,42243511,0,-85.189,35.0405,1000,2,1,1757723838,1757906019,0
LTE,310,410,8846,42949136,0,-88.6503,35.9093,1000,2,1,1757740441,1757906072,0
LTE,310,410,8840,41732279,0,-87.0765,36.4346,1000,2,1,1757746701,1757906092,0
LTE,310,260,43907,6395918,0,-87.3657,36.6562,2082,3,1,1757747839,1764348004,0
LTE,310,410,8197,39214090,0,-88.3775,36.9866,1000,2,1,1757751515,1757906107,0
LTE,310,260,43907,9931019,0,-86.8883,36.5098,1000,12,1,1757761531,1765169103,0
LTE,310,260,43907,9931010,0,-86.8793,36.5045,1000,1,1,1757761659,1757761659,0
LTE,310,260,43907,156028171,0,-86.1021,35.2139,1000,1,1,1757776360,1757776360,0
LTE,310,260,43906,6381574,0,-86.7582,36.1536,1000,3,1,1757780184,1788291484,0
LTE,310,260,43906,9116931,0,-86.7837,36.1503,1000,23,1,1757780281,1788291484,0
LTE,310,260,43906,6998529,0,-86.7854,36.2395,1000,1,1,1757780805,1757780805,0
LTE,310,260,43906,134362894,0,-86.7859,36.1601,1000,1,1,1757788808,1757788808,0
LTE,310,260,43906,134362884,0,-86.7852,36.1601,1000,1,1,1757791984,1757791984,0
LTE,310,410,9108,42247704,0,-85.152,35.0712,1000,1,1,1757794649,1757794649,0
LTE,310,260,43777,6395403,0,-86.8322,36.2317,1000,1,1,1757802935,1757802935,0
LTE,310,410,8197,39203081,0,-88.6767,36.9521,1212,7,1,1757812838,1779922629,0
LTE,310,260,43906,114341635,0,-86.7277,36.0751,1000,1,1,1757852625,1757852625,0
LTE,310,410,8833,42906039,0,-86.7806,35.9719,1000,1,1,1757854141,1757854141,0
LTE,310,260,30463,72949259,0,-85.6435,35.126,1000,1,1,1757883870,1757883870,0
LTE,310,260,43906,6385154,0,-86.7987,36.147,1000,14,1,1757950848,1761413708,0
LTE,310,260,43907,7313420,0,-86.5157,36.5787,1201,24,1,1757960253,1769661421,0
LTE,310,410,8840,41777333,0,-86.8346,36.2178,1000,1,1,1757984909,1757984909,0
LTE,310,410,8846,41847479,0,-87.5265,35.973,1000,1,1,1757988010,1757988010,0
LTE,310,410,8704,43402923,0,-88.8459,35.8737,1000,1,1,1758000848,1758000848,0
LTE,310,260,43777,7312919,0,-87.5484,36.9607,1000,1,1,1758006593,1758006593,0
LTE,310,410,8847,41803947,0,-87.0653,36.5833,1000,1,1,1758025225,1758025225,0
LTE,310,410,8847,41803948,0,-86.999,36.552,1000,1,1,1758031414,1758031414,0
LTE,310,410,8852,41784749,0,-86.8051,36.4322,1000,1,1,1758032647,1758032647,0
LTE,310,410,8848,43176620,0,-86.7092,36.276,1000,1,1,1758033884,1758033884,0
LTE,310,410,8833,42622637,0,-86.5829,36.0213,1000,1,1,1758038836,1758038836,0
LTE,310,410,8846,43256600,0,-87.4969,36.9722,1000,1,1,1758095473,1758095473,0
LTE,310,410,8846,41867032,0,-87.4819,36.8409,1000,1,1,1758096429,1758096429,0
LTE,310,410,8846,41733037,0,-87.4742,36.9434,2028,4,1,1758110791,1779922814,0
LTE,310,410,8846,41757611,0,-87.4419,36.8308,1000,1,1,1758111497,1758111497,0
LTE,310,260,43777,29641228,0,-87.5023,36.8256,1000,1,1,1758111502,1758111502,0
LTE,310,410,8846,43051691,0,-87.3897,36.8004,1000,1,1,1758112028,1758112028,0
LTE,310,260,43907,6395915,0,-87.3113,36.6369,1000,1,1,1758112349,1758112349,0
LTE,310,410,8195,39265560,0,-87.1992,36.6759,1000,1,1,1758113079,1758113079,0
LTE,310,410,8847,41803949,0,-87.0542,36.4943,1000,1,1,1758113980,1758113980,0
LTE,310,410,8848,41776555,0,-86.7033,36.3009,1000,2,1,1758116993,1762349103,0
LTE,310,410,8840,43067308,0,-86.7428,36.2174,1000,1,1,1758118045,1758118045,0
LTE,310,410,8838,41859499,0,-86.7828,36.1715,1000,1,1,1758119289,1758119289,0
LTE,310,260,43906,27021830,0,-86.7677,36.1702,1000,3,1,1758119595,1768402682,0
LTE,310,410,8833,42622636,0,-86.5697,36.0135,1000,1,1,1758121939,1758121939,0
LTE,310,260,43906,26379266,0,-86.5416,36.003,1000,1,1,1758122376,1758122376,0
LTE,310,410,8856,42630572,0,-86.4838,35.9385,1000,1,1,1758123184,1758123184,0
LTE,310,410,9101,42342936,0,-85.3285,35.0191,1154,3,1,1758141876,1773852121,0
LTE,310,410,8856,42604469,0,-86.8343,35.9138,1000,1,1,1758142307,1758142307,0
LTE,310,410,8197,39208202,0,-88.7477,36.7214,1000,1,1,1758156071,1758156071,0
LTE,310,410,8704,41352108,0,-88.9092,36.4877,1000,1,1,1758158565,1758158565,0
LTE,310,410,8852,41789613,0,-86.8979,36.5056,1000,1,1,1758187830,1758187830,0
LTE,310,410,8852,41784748,0,-86.781,36.4118,1000,1,1,1758189074,1758189074,0
LTE,310,410,8833,43053483,0,-86.7701,35.9358,1000,1,1,1758195285,1758195285,0
LTE,310,260,43906,160270081,0,-86.689,35.6381,1000,1,1,1758196946,1758196946,0
NR,310,260,7807744,6577578295,-1,-85.0235,35.4925,1000,3,1,1758246012,1758321481,0
NR,310,260,7807744,6577578285,-1,-85.0236,35.4924,1000,4,1,1758249763,1758449702,0
LTE,310,260,43906,6385164,0,-86.7985,36.1467,539,26,1,1758225667,1761413708,0
LTE,310,260,43906,29793025,0,-87.3229,36.056,1000,1,1,1758271616,1758271616,0
LTE,310,410,8846,43255050,0,-87.1337,36.1163,1000,1,1,1758272723,1758272723,0
LTE,310,410,8836,41753004,0,-86.9513,36.0779,1000,1,1,1758273964,1758273964,0
LTE,310,410,8835,42908433,0,-85.0201,35.9634,1000,1,1,1758274175,1758274175,0
LTE,310,260,43905,28059403,0,-85.0278,35.984,1406,2,1,1758274632,1770603601,0
LTE,310,260,44161,8453909,0,-85.0004,35.965,1000,1,1,1758275432,1758275432,0
LTE,310,410,8835,42028214,0,-85.0377,35.9644,1000,1,1,1758275888,1758275888,0
LTE,310,260,43905,8574477,0,-85.2423,36.111,1000,3,1,1758276708,1788291489,0
LTE,310,260,30211,223419671,0,-85.8593,35.2129,1000,1,1,1758279483,1758279483,0
LTE,310,260,43906,27206678,0,-86.6703,36.0771,1000,1,1,1758292738,1758292738,0
LTE,310,260,43906,6387201,0,-86.7366,36.2652,1290,37,1,1758293832,1768402682,0
LTE,310,410,8856,41736631,0,-86.7517,35.8701,1000,1,1,1758295717,1758295717,0
LTE,310,410,8837,41935788,0,-86.2115,35.3674,1000,1,1,1758298876,1758298876,0
LTE,310,260,43907,154894859,0,-86.0785,35.2109,1000,1,1,1758301089,1758301089,0
LTE,310,260,43777,7467286,0,-86.5021,36.5051,1942,6,1,1758302775,1767495482,0
LTE,310,260,43907,7313410,0,-86.5137,36.5774,1424,50,1,1758303152,1769592426,0
LTE,310,260,30211,161094148,0,-85.7102,35.0779,1000,1,1,1758325616,1758325616,0
LTE,310,260,32827,18734625,0,-88.9148,35.837,1000,1,1,1758339213,1758339213,0
LTE,310,260,32770,3600160,0,-88.7585,35.9237,1000,1,1,1758340454,1758340454,0
LTE,310,260,32772,3592715,0,-88.867,36.3895,1000,1,1,1758353733,1758353733,0
LTE,310,260,42881,28096523,0,-88.7198,36.6868,1000,1,1,1758354682,1758354682,0
LTE,310,260,42881,28096513,0,-88.7197,36.6874,1000,1,1,1758354872,1758354872,0
LTE,310,260,43003,7500547,0,-88.6541,36.7581,1000,1,1,1758355075,1758355075,0
LTE,310,260,43003,7515149,0,-88.3795,36.8397,1000,1,1,1758355722,1758355722,0
LTE,310,260,43003,7515137,0,-88.356,36.8647,1000,1,1,1758356086,1758356086,0
LTE,310,260,43003,7551746,0,-88.3459,36.9006,1000,1,1,1758356203,1758356203,0
LTE,310,260,43003,7551745,0,-88.3445,36.9246,1000,1,1,1758356433,1758356433,0
LTE,310,260,43003,7940128,0,-88.1928,37.0645,1000,1,1,1758357033,1758357033,0
LTE,310,260,43907,8550413,0,-87.647,36.1062,1000,1,1,1758358398,1758358398,0
LTE,310,260,43906,27079425,0,-86.7538,35.4857,1000,1,1,1758388187,1758388187,0
LTE,310,260,30499,223432972,0,-85.2622,35.0549,1000,1,1,1758408093,1758408093,0
LTE,310,260,32827,18586143,0,-88.9137,35.8266,1000,1,1,1758423086,1758423086,0
LTE,310,410,8846,41846965,0,-87.4129,36.1105,1000,1,1,1758446688,1758446688,0
LTE,310,260,43907,98555907,0,-86.5245,35.9964,1000,1,1,1758463189,1758463189,0
LTE,310,260,43907,50505217,0,-86.365,35.5669,1000,1,1,1758466833,1758466833,0
LTE,310,260,43907,104222998,0,-86.1527,35.2535,1000,1,1,1758470924,1758470924,0
LTE,310,260,43907,154894849,0,-86.08,35.2099,1000,1,1,1758471915,1758471915,0
NR,310,260,11207168,4357202222,-1,-86.5152,36.5829,781,26,1,1758486022,1774290901,0
LTE,310,260,43907,29794563,-1,-86.7096,36.4809,1000,6,1,1758519523,1758563641,0
LTE,310,260,43907,105750335,-1,-86.6885,36.4614,1054,21,1,1758519563,1769661423,0
LTE,310,260,43907,29794623,-1,-86.7059,36.4821,1000,1,1,1758519580,1758519580,0
LTE,310,260,43907,29794583,-1,-86.7541,36.4897,4344,2,1,1758519645,1765169103,0
NR,310,260,11207168,4395721016,-1,-86.6747,36.4687,1179,22,1,1758509151,1769063104,0
NR,310,260,11207168,4395721006,-1,-86.6749,36.4688,1172,25,1,1758510014,1769592426,0
NR,310,260,11207168,4356251951,-1,-86.6602,36.4643,1000,21,1,1758510091,1765928402,0
NR,310,260,11207168,4356251961,-1,-86.6606,36.4659,1167,31,1,1758510406,1765928402,0
NR,310,260,11207168,4395721005,-1,-86.6615,36.4987,6489,22,1,1758517531,1769592426,0
NR,310,260,11207168,4395720705,-1,-86.6743,36.4851,4542,35,1,1758517551,1770163563,0
NR,310,260,11207168,4397474094,-1,-86.654,36.4849,2294,14,1,1758517883,1765914481,0
NR,310,260,11207168,4395720707,-1,-86.6873,36.4617,1068,27,1,1758519325,1770163563,0
NR,310,260,11207168,4369354753,-1,-86.6994,36.4501,2646,30,1,1758519402,1770163563,0
NR,310,260,11207168,4395721007,-1,-86.6985,36.4468,4169,21,1,1758519959,1769592426,0
NR,310,260,11207168,4395720727,-1,-86.6943,36.4697,1000,3,1,1758520050,1758563642,0
NR,310,260,11207168,4395721017,-1,-86.694,36.454,4769,21,1,1758520151,1769063104,0
NR,310,260,11207168,4395720726,-1,-86.6761,36.4609,1690,10,1,1758520186,1758574144,0
LTE,310,260,43777,7085325,-1,-86.6647,36.4617,1696,28,1,1758530989,1768920605,0
LTE,310,260,43777,7085323,-1,-86.648,36.4799,2011,24,1,1758534746,1768920605,0
LTE,310,260,43907,29794622,-1,-86.6524,36.4944,3403,24,1,1758534987,1769661422,0
LTE,310,260,43777,7085373,-1,-86.6422,36.4893,2548,6,1,1758535002,1768402683,0
LTE,310,260,43907,29794582,-1,-86.6361,36.4911,2785,16,1,1758535053,1766013242,0
LTE,310,260,43777,7085333,-1,-86.6403,36.49,1259,2,1,1758535068,1764419522,0
LTE,310,260,43907,105750293,-1,-86.6416,36.5028,1000,1,1,1758535073,1758535073,0
LTE,310,260,43777,7310871,-1,-86.6397,36.5187,1000,1,1,1758535151,1758535151,0
LTE,310,260,43777,7310860,-1,-86.6151,36.5434,5124,24,1,1758535299,1765914423,0
LTE,310,260,43777,7313982,-1,-86.5524,36.5794,1000,19,1,1758535687,1769661422,0
LTE,310,260,43907,7313421,-1,-86.5306,36.5786,3372,28,1,1758535779,1766013243,0
LTE,310,260,43907,30028823,-1,-86.5264,36.5772,1000,2,1,1758535851,1758574144,0
LTE,310,260,43777,7467265,-1,-86.517,36.5698,2290,29,1,1758535978,1769592425,0
NR,310,260,11207168,4369354774,-1,-86.678,36.4446,1000,3,1,1758532800,1758574144,0
NR,310,260,11207168,4369354754,-1,-86.6914,36.444,2099,9,1,1758533251,1769592426,0
NR,310,260,11207168,4356251651,-1,-86.6673,36.4625,1609,20,1,1758533261,1769208062,0
NR,310,260,11207168,4395720706,-1,-86.6798,36.468,1684,33,1,1758533313,1770163563,0
NR,310,260,11207168,4356251671,-1,-86.666,36.46,1000,4,1,1758533380,1758574145,0
NR,310,260,11207168,4397473814,-1,-86.6433,36.4835,2839,8,1,1758533498,1765928403,0
NR,310,260,11207168,4357202232,-1,-86.5155,36.5828,1000,23,1,1758542293,1774290901,0
NR,310,260,11207168,4356435969,-1,-86.5208,36.5768,1849,22,1,1758542645,1770163564,0
NR,310,260,11207168,4357201922,-1,-86.5143,36.5818,863,50,1,1758543425,1774222741,0
LTE,310,260,43777,7085315,-1,-86.6594,36.4648,983,30,1,1758595565,1768402682,0
LTE,310,260,43777,7085313,-1,-86.6449,36.4861,2099,22,1,1758595602,1768402683,0
LTE,310,260,43777,7310869,-1,-86.604,36.5715,1000,5,1,1758596267,1764844442,0
LTE,310,260,43777,7313942,-1,-86.5564,36.5794,1000,2,1,1758596526,1758649262,0
LTE,310,260,43907,30028813,-1,-86.5261,36.5771,1000,2,1,1758596659,1766013243,0
LTE,310,260,43907,98457622,-1,-86.5525,36.5796,2155,9,1,1758621373,1763807763,0
LTE,310,260,43777,7313922,-1,-86.5523,36.5825,2522,22,1,1758621383,1768403522,0
LTE,310,260,43777,7310911,-1,-86.6388,36.5377,1740,22,1,1758621828,1769661422,0
NR,310,260,11207168,4357201923,-1,-86.5212,36.5886,596,50,1,1758621093,1770163563,0
NR,310,260,11207168,4411695107,-1,-86.5142,36.5775,1052,4,1,1758621108,1770163563,0
NR,310,260,11207168,4429717506,-1,-86.552,36.5878,2725,10,1,1758621123,1769208063,0
NR,310,260,11207168,4321632258,-1,-86.5554,36.5915,2871,43,1,1758621246,1769208063,0
NR,310,260,11207168,4356435991,-1,-86.5578,36.5796,1000,1,1,1758621303,1758621303,0
NR,310,260,11207168,4356435989,-1,-86.5392,36.5784,1916,18,1,1758621308,1768920606,0
NR,310,260,11207168,4429717816,-1,-86.5728,36.583,1199,30,1,1758621323,1768920606,0
NR,310,260,11207168,4321632568,-1,-86.5738,36.5835,1000,11,1,1758621363,1768920606,0
NR,310,260,11207168,4429717817,-1,-86.5939,36.5851,2144,25,1,1758621408,1769063104,0
NR,310,260,11207168,4369334583,-1,-86.6163,36.5691,1000,13,1,1758621641,1768920606,0
NR,310,260,11207168,4397473793,-1,-86.6481,36.5173,2265,42,1,1758621888,1770163563,0
NR,310,260,11207168,4397473794,-1,-86.6581,36.4971,1789,33,1,1758621955,1770163563,0
LTE,310,410,8195,39333400,0,-86.4521,36.8863,1000,1,1,1758568883,1758568883,0
LTE,310,410,8836,41835287,0,-86.9824,36.07,1000,1,1,1758591513,1758591513,0
LTE,310,410,8846,43482128,0,-88.0857,35.8345,1000,1,1,1758599914,1758599914,0
LTE,310,410,8846,41745580,0,-87.4929,36.8551,1000,1,1,1758626053,1758626053,0
LTE,310,260,43777,8106507,0,-87.1998,36.5681,1000,1,1,1758629365,1758629365,0
LTE,310,260,32770,19505155,0,-88.5445,35.8828,1000,1,1,1758686081,1758686081,0
LTE,310,410,8846,41731606,0,-87.1687,36.098,1000,1,1,1758707358,1758707358,0
LTE,310,410,8838,41751211,0,-86.823,36.141,1000,1,1,1758798932,1758798932,0
LTE,310,410,8195,42918059,0,-87.3583,36.7723,1000,1,1,1758801972,1758801972,0
LTE,310,260,43003,8663052,0,-88.7502,36.5947,1000,1,1,1758850107,1758850107,0
LTE,310,410,8833,42887176,0,-86.7044,36.0455,1000,1,1,1758891465,1758891465,0
LTE,310,410,8839,42947608,0,-85.9253,35.0847,1000,1,1,1758906788,1758906788,0
LTE,310,260,30211,223419661,0,-85.8022,35.2119,1778,2,1,1758948167,1763729342,0
LTE,310,260,43907,6395905,0,-87.3087,36.6383,1000,1,1,1758971504,1758971504,0
LTE,310,260,43906,27206658,0,-86.6788,36.0756,1000,1,1,1758984021,1758984021,0
LTE,310,260,43906,6994957,0,-86.8039,36.1949,1000,1,1,1758990855,1758990855,0
LTE,310,260,43906,6994946,0,-86.7905,36.2069,1000,1,1,1758992969,1758992969,0
LTE,310,260,43907,30144062,-1,-86.5056,36.3752,1510,21,1,1759022536,1769150764,0
LTE,310,260,43907,30144012,-1,-86.5065,36.3742,3208,21,1,1759022541,1768920604,0
LTE,310,260,43907,48304898,-1,-86.5413,36.3517,1304,15,1,1759022728,1769592423,0
LTE,310,260,43777,6882111,-1,-86.5712,36.3356,2988,27,1,1759022733,1769614443,0
LTE,310,260,43907,30144063,-1,-86.5519,36.3512,2471,15,1,1759022748,1769150763,0
NR,310,260,11270912,4393271297,-1,-86.4584,36.3994,18913,7,1,1759021412,1769614445,0
NR,310,260,11270912,4333039618,-1,-86.4309,36.2382,1000,15,1,1759021422,1759071962,0
NR,310,260,11270912,4333039617,-1,-86.4361,36.252,1000,9,1,1759021522,1759071962,0
NR,310,260,11270912,4333039917,-1,-86.4407,36.2679,1562,11,1,1759021578,1759071962,0
NR,310,260,11270912,4333039637,-1,-86.4409,36.2679,1000,7,1,1759021613,1759071962,0
NR,310,260,11270912,4333117743,-1,-86.4435,36.288,1275,21,1,1759021674,1759071962,0
NR,310,260,11270912,4333117741,-1,-86.4409,36.3183,14094,21,1,1759021800,1769614445,0
NR,310,260,11207168,4411937070,-1,-86.4366,36.3251,1000,3,1,1759021921,1759071962,0
NR,310,260,11207168,4401119254,-1,-86.4364,36.3275,1000,1,1,1759021936,1759021936,0
NR,310,260,11207168,4330086402,-1,-86.4366,36.3356,1000,14,1,1759021941,1759071962,0
NR,310,260,11207168,4330086702,-1,-86.4389,36.3528,1108,19,1,1759022011,1759071962,0
NR,310,260,11207168,4330086701,-1,-86.4582,36.3771,7780,28,1,1759022107,1769614445,0
NR,310,260,11207168,4358639917,-1,-86.4735,36.3856,1150,14,1,1759022263,1759071963,0
NR,310,260,11207168,4369396015,-1,-86.4688,36.3798,1000,3,1,1759022274,1759071963,0
NR,310,260,11207168,4401123630,-1,-86.5106,36.3707,3772,13,1,1759022299,1767495483,0
NR,310,260,11207168,4358639919,-1,-86.4836,36.3868,1000,9,1,1759022374,1759071963,0
NR,310,260,11207168,4358639639,-1,-86.4947,36.3838,1000,10,1,1759022420,1759071963,0
NR,310,260,11207168,4302491669,-1,-86.4947,36.3843,1000,2,1,1759022470,1759071963,0
NR,310,260,11207168,4358639929,-1,-86.4993,36.3805,1000,1,1,1759022500,1759022500,0
NR,310,260,11207168,4401123330,-1,-86.5094,36.3732,3921,18,1,1759022520,1767495483,0
NR,310,260,11207168,4401123640,-1,-86.5023,36.3781,1000,1,1,1759022515,1759022515,0
NR,310,260,11207168,4326191417,-1,-86.6199,36.326,1000,9,1,1759024163,1767495482,0
NR,310,260,11206912,4302385464,-1,-86.62,36.3152,1295,15,1,1759025733,1769063106,0
NR,310,260,11206912,4302385154,-1,-86.6261,36.3059,3111,39,1,1759026237,1770020345,0
NR,310,260,11207168,4326191107,-1,-86.6276,36.3265,1317,23,1,1759026253,1769129587,0
NR,310,260,11206912,4302385454,-1,-86.6143,36.306,3666,35,1,1759026752,1770020345,0
NR,310,260,11207168,4326191407,-1,-86.6235,36.3269,2784,27,1,1759026767,1769063106,0
NR,310,260,11207168,4326191127,-1,-86.6188,36.3186,1000,1,1,1759026792,1759026792,0
NR,310,260,11207168,4326191406,-1,-86.6041,36.3248,1846,22,1,1759026818,1770020345,0
NR,310,260,11206912,4302385174,-1,-86.6133,36.3094,1000,5,1,1759026828,1759071963,0
NR,310,260,11206912,4326187011,-1,-86.596,36.2934,2588,22,1,1759026883,1770020345,0
NR,310,260,11206912,4326187321,-1,-86.6141,36.3033,2015,7,1,1759027297,1774162982,0
NR,310,260,11206912,4442386454,-1,-86.6106,36.306,1000,1,1,1759027368,1759027368,0
NR,310,260,11206912,4326187311,-1,-86.6204,36.3018,2611,34,1,1759027398,1770020345,0
NR,310,260,11207168,4326191106,-1,-86.6056,36.3089,2722,5,1,1759027620,1767478203,0
NR,310,260,11206912,4442386434,-1,-86.6352,36.3031,3564,28,1,1759027837,1770020345,0
NR,310,260,11206912,4326187009,-1,-86.596,36.312,1000,2,1,1759027842,1759071963,0
NR,310,260,11207168,4364562734,-1,-86.5962,36.3176,1776,3,1,1759030722,1770020345,0
NR,310,260,11206912,4326187309,-1,-86.6004,36.3153,1088,22,1,1759030768,1770020345,0
NR,310,260,11206912,4301566253,-1,-86.618,36.2947,3109,5,1,1759031208,1769063106,0
NR,310,260,11207168,4302491951,-1,-86.5872,36.3347,2333,22,1,1759031258,1768474983,0
NR,310,260,11207168,4532146479,-1,-86.5937,36.3297,1000,3,1,1759031279,1759071964,0
NR,310,260,11207168,4326191405,-1,-86.6118,36.3476,588,30,1,1759031521,1759071964,0
NR,310,260,11207168,4302491671,-1,-86.6051,36.3489,1000,6,1,1759031738,1759071964,0
NR,310,260,11207168,4326191125,-1,-86.6078,36.3491,1000,4,1,1759031773,1759071964,0
LTE,310,410,8856,42620183,0,-86.6877,35.7488,1000,1,1,1759007337,1759007337,0
LTE,310,260,43907,8293379,0,-88.1591,36.0472,1000,1,1,1759042860,1759042860,0
LTE,310,260,43906,48287758,0,-86.8251,35.9456,1000,1,1,1759073960,1759073960,0
LTE,310,260,42881,13240854,0,-86.4192,36.8856,1000,1,1,1759083897,1759083897,0
LTE,310,260,43906,6387222,0,-86.7323,36.2433,1000,1,1,1759086556,1759086556,0
LTE,310,410,8836,41835286,0,-86.9987,36.0889,1000,1,1,1759104049,1759104049,0
LTE,310,410,8846,43464208,0,-87.8205,35.8782,1000,1,1,1759106688,1759106688,0
LTE,310,410,8840,41753271,0,-86.869,36.1482,1000,2,1,1759191464,1759292872,0
LTE,310,410,8836,41835446,0,-86.9847,36.0677,1000,2,1,1759196431,1759292895,0
LTE,310,260,44029,7314179,0,-87.5622,35.9459,1000,10,1,1759202819,1788291442,0
LTE,310,410,8705,41401865,0,-88.4608,35.7678,1000,2,1,1759206999,1759292941,0
LTE,310,410,8846,42938295,0,-87.6575,36.1091,1000,1,1,1759225477,1759225477,0
LTE,310,410,8846,41846955,0,-87.4086,36.093,1000,1,1,1759227979,1759227979,0
LTE,310,410,8839,42302474,0,-85.6673,35.0438,2775,50,1,1759231393,1787513495,0
LTE,310,410,8836,41729206,0,-86.8968,36.0561,1000,1,1,1759232160,1759232160,0
LTE,310,260,43777,30141452,0,-87.0355,36.4851,1000,1,1,1759245730,1759245730,0
LTE,310,410,8832,42625046,0,-86.6851,35.6732,1000,1,1,1759265029,1759265029,0
LTE,310,410,8832,42617003,0,-86.8045,35.6236,1000,1,1,1759266285,1759266285,0
LTE,310,260,30507,223463170,0,-85.2118,35.0519,1000,1,1,1759273242,1759273242,0
LTE,310,410,9101,42362551,0,-85.1946,35.0216,1000,1,1,1759273484,1759273484,0
LTE,310,410,9101,42843663,0,-85.3798,35.0181,1000,1,1,1759295525,1759295525,0
LTE,310,410,8839,42302488,0,-85.6813,35.042,1000,1,1,1759296756,1759296756,0
LTE,310,260,43003,7967489,0,-88.8111,36.5681,1000,1,1,1759303647,1759303647,0
LTE,310,260,43003,8663071,0,-88.7313,36.6574,1000,1,1,1759303963,1759303963,0
LTE,310,260,43003,8542219,0,-88.4638,36.8229,1000,1,1,1759304963,1759304963,0
LTE,310,410,8195,40796943,0,-86.1557,37.0605,1000,1,1,1759312992,1759312992,0
LTE,310,410,8195,40797185,0,-86.056,37.0966,1000,1,1,1759313411,1759313411,0
LTE,310,260,43906,26993421,0,-86.7837,36.1746,1000,1,1,1759319942,1759319942,0
LTE,310,260,43777,30868227,0,-87.2214,36.5738,1000,1,1,1759332887,1759332887,0
LTE,310,410,8840,43170070,0,-86.7165,36.2556,1000,1,1,1759337901,1759337901,0
LTE,310,260,44027,8105475,0,-86.4434,36.2916,1000,1,1,1759339033,1759339033,0
LTE,310,260,43777,30143499,0,-86.4621,36.4199,1651,5,1,1759340329,1774203482,0
LTE,310,260,43907,104684035,0,-86.5116,36.3606,1416,8,1,1759340403,1769592423,0
LTE,310,260,43907,7313411,0,-86.5278,36.5804,2058,30,1,1759341345,1768403522,0
LTE,310,260,42881,103883009,0,-88.8349,36.6432,1000,1,1,1759454167,1759454167,0
LTE,310,260,44029,29514498,0,-87.583,35.9292,1000,5,1,1759480261,1788291442,0
LTE,310,260,44029,29648907,0,-86.9334,36.0664,1000,1,1,1759488609,1759488609,0
GSM,310,260,31402,3612,-1,-86.2817,35.6605,1000,1,1,1759492371,1759492371,0
LTE,310,410,8833,43006892,0,-86.7952,35.9957,1000,1,1,1759496550,1759496550,0
LTE,310,410,8846,43482127,0,-88.0448,35.8718,1000,1,1,1759548773,1759548773,0
LTE,310,410,8846,43464207,0,-87.6417,35.8966,1000,1,1,1759550220,1759550220,0
LTE,310,410,8195,40796341,0,-86.4953,36.7531,1000,1,1,1759561208,1759561208,0
LTE,310,260,32827,18734603,0,-88.8835,35.8433,1000,1,1,1759565010,1759565010,0
LTE,310,260,32827,18918913,0,-88.7542,35.9142,1000,1,1,1759566247,1759566247,0
LTE,310,410,8839,43152567,0,-85.6787,35.0408,1000,1,1,1759586810,1759586810,0
LTE,310,410,8839,42302637,0,-85.6907,35.021,6044,50,1,1759590990,1787513495,0
LTE,310,410,8836,41835445,0,-87.0041,36.0881,1000,1,1,1759591162,1759591162,0
GSM,310,260,31401,15952,-1,-86.6867,36.1979,1000,1,1,1759592908,1759592908,0
LTE,310,410,9101,42246571,0,-85.2493,35.0728,1000,1,1,1759612956,1759612956,0
LTE,310,410,8197,40475151,0,-88.3351,36.9772,4668,2,1,1759644803,1773940921,0
LTE,310,260,43003,7515139,0,-88.3775,36.8401,1000,1,1,1759645038,1759645038,0
LTE,310,260,42881,28096524,0,-88.7313,36.6641,1000,1,1,1759646348,1759646348,0
LTE,310,260,42881,28096534,0,-88.7058,36.634,1000,1,1,1759646359,1759646359,0
LTE,310,410,8197,39208201,0,-88.7393,36.6613,2179,5,1,1759646377,1779922629,0
LTE,310,260,43003,7967500,0,-88.8527,36.5248,1000,1,1,1759646872,1759646872,0
LTE,310,410,8195,40786960,0,-86.5566,36.6665,1000,1,1,1759650961,1759650961,0
LTE,310,260,43907,98457623,0,-86.6112,36.5593,7165,7,1,1759651293,1765175162,0
LTE,310,260,43906,25940759,0,-87.0913,36.0623,1000,1,1,1759654286,1759654286,0
LTE,310,260,44029,30828056,0,-87.3918,35.9868,1000,1,1,1759655144,1759655144,0
LTE,310,260,44029,29514519,0,-87.6489,35.9207,1000,1,1,1759656031,1759656031,0
LTE,310,410,8704,41269942,0,-88.8741,35.6562,1000,1,1,1759659982,1759659982,0
LTE,310,260,33021,43516703,0,-88.9976,35.6599,1000,1,1,1759719363,1759719363,0
LTE,310,260,44029,7214339,0,-87.1378,36.1084,1000,1,1,1759743131,1759743131,0
LTE,310,410,8838,41886744,0,-86.8173,36.1598,1000,1,1,1759746266,1759746266,0
LTE,310,410,8840,42598827,0,-86.7826,36.2477,1000,3,1,1759751293,1770123541,0
LTE,310,410,8852,41850796,0,-86.512,36.2227,1000,1,1,1759756505,1759756505,0
LTE,310,410,8848,42617527,0,-86.6949,36.2148,1000,1,1,1759771866,1759771866,0
LTE,310,260,43906,98458883,0,-86.6794,36.2357,1000,1,1,1759772002,1759772002,0
LTE,310,260,43906,6790924,0,-86.7498,36.231,1000,1,1,1759772162,1759772162,0
LTE,310,410,8848,42633750,0,-86.7126,36.3395,1000,2,1,1759773537,1785407882,0
LTE,310,410,8848,43017909,0,-86.7091,36.3329,1000,1,1,1759773636,1759773636,0
LTE,310,260,43906,6399500,-1,-86.7942,36.1358,1000,8,1,1759847035,1759885921,0
LTE,310,260,43906,6399502,-1,-86.7957,36.1368,1000,3,1,1759847071,1759885921,0
LTE,310,260,43906,6399501,-1,-86.8017,36.1319,1000,11,1,1759847118,1759885921,0
LTE,310,410,8838,43048201,-1,-86.8017,36.1311,1000,3,1,1759847234,1759885921,0
LTE,310,410,8838,43131912,-1,-86.8032,36.1285,1000,5,1,1759847254,1759885921,0
LTE,310,260,43906,6392065,-1,-86.8043,36.1266,1000,1,1,1759847275,1759847275,0
LTE,310,410,8838,43131913,-1,-86.8082,36.121,1000,20,1,1759847286,1759890421,0
LTE,310,260,43906,6392066,-1,-86.8076,36.1216,1000,4,1,1759847286,1759885921,0
LTE,310,260,43906,6392067,-1,-86.8082,36.1207,1000,16,1,1759847338,1759890421,0
LTE,310,260,43906,103704578,-1,-86.8112,36.1241,1000,1,1,1759851616,1759851616,0
LTE,310,260,43906,103704577,-1,-86.8163,36.1288,1000,1,1,1759851636,1759851636,0
LTE,310,410,8838,43132077,-1,-86.8163,36.1288,1000,1,1,1759851636,1759851636,0
LTE,310,260,43906,103704579,-1,-86.8219,36.1344,1000,3,1,1759851646,1781238810,0
LTE,310,260,43906,6400002,-1,-86.8077,36.1701,1000,19,1,1759852196,1767442805,0
LTE,310,260,43906,6385153,-1,-86.7966,36.1593,1000,3,1,1759852318,1759890422,0
LTE,310,410,8838,42574509,-1,-86.7995,36.1583,1000,4,1,1759852328,1772408043,0
LTE,310,260,43906,26579203,-1,-86.8646,36.1488,1000,8,1,1759852796,1759893241,0
LTE,310,410,8840,41879980,-1,-86.8805,36.1369,917,25,1,1759852898,1759964282,0
LTE,310,410,8840,43015597,-1,-86.9299,36.1354,5015,50,1,1759853081,1759964283,0
LTE,310,260,43777,6867735,-1,-86.9429,36.1503,1958,5,1,1759853204,1761413702,0
LTE,310,260,43906,9697303,-1,-86.9492,36.1378,1000,2,1,1759853234,1759893242,0
LTE,310,410,8836,41815560,-1,-86.9523,36.1436,1135,36,1,1759853264,1761413702,0
LTE,310,260,43778,7219223,-1,-86.9507,36.1637,2657,3,1,1759853274,1759964283,0
LTE,310,260,8836,41815567,-1,-86.9511,36.1513,1626,6,1,1759853335,1761413702,0
LTE,310,410,41223,118068256,-1,-86.9511,36.1575,1000,2,1,1759853355,1759893242,0
LTE,310,410,41223,118068258,-1,-86.9491,36.1624,1000,2,1,1759853375,1759893242,0
LTE,310,410,8840,43015434,-1,-86.9295,36.1439,4293,28,1,1759853400,1761413703,0
LTE,310,260,43778,7219263,-1,-86.9506,36.1578,2357,7,1,1759853440,1761413702,0
LTE,310,260,43907,30286081,-1,-86.9907,36.2045,1000,15,1,1759853630,1761413701,0
LTE,310,410,8846,41745582,0,-87.4822,36.863,1000,1,1,1759828613,1759828613,0
LTE,310,410,8840,43142316,0,-86.7559,36.1888,1000,1,1,1759836075,1759836075,0
LTE,310,260,43906,156006923,0,-86.7785,36.1558,1000,1,1,1759848006,1759848006,0
LTE,310,260,43906,6381584,0,-86.7562,36.153,1000,3,1,1759848545,1781812201,0
LTE,310,410,8833,41729963,0,-86.6266,36.0308,1104,2,1,1759854019,1785406321,0
LTE,310,260,43777,7310909,-1,-86.6145,36.567,1593,19,1,1759902524,1769661422,0
LTE,310,260,43907,7313471,-1,-86.5301,36.5841,1892,34,1,1759902781,1769661422,0
NR,310,260,11207168,4356251949,-1,-86.6488,36.4737,1181,28,1,1759901915,1768920606,0
NR,310,260,11207168,4356251669,-1,-86.6427,36.4913,1178,16,1,1759902047,1765928403,0
NR,310,260,11207168,4356251649,-1,-86.6477,36.4803,2116,50,1,1759902062,1769208062,0
LTE,310,260,43907,30286141,-1,-86.9912,36.2032,1000,1,1,1759895944,1759895944,0
LTE,310,260,43778,7219203,-1,-86.9558,36.1793,4297,24,1,1759895965,1761413702,0
LTE,310,410,41223,41268227,-1,-86.9512,36.1578,1000,2,1,1759896208,1760668563,0
LTE,310,260,43777,6867775,-1,-86.9446,36.1541,1749,9,1,1759896383,1761413702,0
LTE,310,410,8840,41879979,-1,-86.8791,36.1461,1000,9,1,1759896812,1786163421,0
LTE,310,410,8840,41753112,-1,-86.8635,36.1511,1000,5,1,1759896843,1759956183,0
LTE,310,410,8840,41753110,-1,-86.8495,36.1536,1000,3,1,1759896879,1759956183,0
LTE,310,260,43906,6385156,-1,-86.7935,36.1548,1000,10,1,1759897187,1759956183,0
LTE,310,260,43906,154992132,-1,-86.795,36.1526,1000,2,1,1759897334,1759956183,0
LTE,310,410,8840,43014572,-1,-86.8121,36.1087,1000,9,1,1759920294,1759964281,0
LTE,310,410,8840,41734571,-1,-86.8127,36.1093,1000,3,1,1759920715,1759964281,0
LTE,310,410,8840,41734573,-1,-86.8363,36.1113,2895,24,1,1759920751,1759964281,0
LTE,310,410,8840,41862573,-1,-86.8239,36.1077,1000,17,1,1759920777,1759964281,0
LTE,310,260,43906,6752001,-1,-86.8303,36.1085,1000,4,1,1759920845,1759964281,0
LTE,310,260,43777,27465789,-1,-86.8266,36.1076,1000,1,1,1759920850,1759920850,0
LTE,310,260,43777,27465739,-1,-86.831,36.109,1000,7,1,1759920860,1759964281,0
LTE,310,410,8840,41734424,-1,-86.8392,36.1098,1000,2,1,1759921139,1759964281,0
LTE,310,260,43777,63838220,-1,-86.8434,36.1139,1000,7,1,1759921149,1782793974,0
LTE,310,410,8840,41743788,-1,-86.8474,36.1156,1000,22,1,1759921149,1759964281,0
LTE,310,410,8840,43226795,-1,-86.8583,36.126,1000,6,1,1759921421,1759964282,0
LTE,310,260,43777,6778891,-1,-86.8619,36.1276,1000,2,1,1759921464,1759964281,0
LTE,310,410,8840,41743789,-1,-86.8652,36.13,1376,15,1,1759921474,1760329845,0
LTE,310,260,43777,7032589,-1,-86.8969,36.1453,5289,10,1,1759921479,1759964283,0
LTE,310,260,43777,63838271,-1,-86.8666,36.1308,1000,1,1,1759921537,1759921537,0
LTE,310,260,43777,6867725,-1,-86.9236,36.1325,1216,25,1,1759924798,1761413703,0
LTE,310,410,8840,41735617,-1,-86.9451,36.139,1000,1,1,1759925001,1759925001,0
LTE,310,260,8840,41735441,-1,-86.9499,36.1378,1000,1,1,1759925027,1759925027,0
LTE,310,260,8836,41815725,-1,-86.9512,36.1482,1000,1,1,1759925128,1759925128,0
LTE,310,260,41223,41268227,-1,-86.9508,36.1489,1000,1,1,1759925133,1759925133,0
LTE,310,410,8836,41815743,-1,-86.9515,36.1559,1000,2,1,1759925173,1760668563,0
LTE,310,260,43907,30286091,-1,-86.9905,36.2046,1000,10,1,1759925555,1759964283,0
LTE,310,410,9101,42247341,0,-85.3356,35.0268,1456,2,1,1759873834,1782928381,0
LTE,310,260,43906,29795585,0,-86.6992,36.1183,1000,1,1,1759925719,1759925719,0
LTE,310,410,8846,41775798,0,-87.3463,36.0277,1000,4,1,1759952055,1779922814,0
LTE,310,410,8846,43464209,0,-87.7656,36,1000,1,1,1759954860,1759954860,0
LTE,310,260,30499,68335115,0,-85.2363,35.0477,1000,1,1,1759957884,1759957884,0
LTE,310,410,8839,42302636,0,-85.6116,35.0444,2116,2,1,1760001323,1773926344,0
LTE,310,260,30211,161094158,0,-85.7155,35.0805,1993,2,1,1760001656,1763728862,0
LTE,310,260,30211,42934285,0,-85.8859,35.2935,1966,2,1,1760002823,1763730183,0
LTE,310,410,8840,43170219,0,-86.7176,36.2552,1000,1,1,1760017669,1760017669,0
LTE,310,410,8840,43069867,0,-86.8027,36.2374,1000,1,1,1760019540,1760019540,0
LTE,310,410,8833,41883308,0,-86.527,35.9914,1000,1,1,1760023872,1760023872,0
LTE,310,410,8837,41836205,0,-86.4816,35.9264,1000,1,1,1760025109,1760025109,0
LTE,310,410,8837,41770157,0,-86.4242,35.7291,1000,1,1,1760027580,1760027580,0
LTE,310,260,43907,50391553,0,-86.2189,35.3686,1000,1,1,1760031391,1760031391,0
LTE,310,410,8839,42302473,0,-85.6051,35.0406,2804,50,1,1760038850,1787513497,0
LTE,310,260,30211,223663639,0,-85.7746,35.1485,1000,1,1,1760071973,1760071973,0
LTE,310,260,32827,19450912,0,-88.1821,35.8218,1000,1,1,1760080463,1760080463,0
LTE,310,410,8852,41766325,0,-86.4974,36.3584,1000,5,1,1760117276,1761004324,0
LTE,310,260,43907,7313419,0,-86.512,36.5992,1000,1,1,1760118652,1760118652,0
LTE,310,410,8852,43159312,-1,-86.5677,36.325,1454,15,1,1760167865,1762349101,0
LTE,310,410,8852,43159446,-1,-86.5427,36.3171,2708,27,1,1760167870,1779816841,0
LTE,310,410,8852,43159447,-1,-86.5743,36.3298,4765,25,1,1760167965,1778782983,0
LTE,310,410,8848,43131030,-1,-86.5884,36.3308,2359,40,1,1760168000,1778782983,0
LTE,310,410,8848,43087254,-1,-86.6003,36.3312,2278,36,1,1760168031,1778782984,0
LTE,310,410,8848,41832085,-1,-86.5991,36.3233,1295,24,1,1760168121,1762109764,0
LTE,310,410,8848,42679915,-1,-86.5971,36.328,1000,1,1,1760168366,1760168366,0
LTE,310,410,8848,42679907,-1,-86.5949,36.3264,1000,11,1,1760168622,1762109762,0
LTE,310,410,8852,41851402,-1,-86.5283,36.3103,5446,46,1,1760169094,1778886241,0
LTE,310,410,8848,42856107,-1,-86.5969,36.3202,2142,45,1,1760182271,1762948504,0
LTE,310,410,8848,42856108,-1,-86.6045,36.3096,1000,12,1,1760182326,1760388843,0
LTE,310,410,8848,41851052,-1,-86.5917,36.3322,1702,47,1,1760182662,1762948504,0
LTE,310,410,8848,41730476,-1,-86.583,36.3307,1539,23,1,1760183263,1762948504,0
LTE,310,410,8848,42670947,-1,-86.588,36.3292,1000,2,1,1760184176,1762109762,0
LTE,310,410,8848,42670911,-1,-86.5935,36.3285,1000,9,1,1760184366,1762349102,0
LTE,310,410,8852,43159311,-1,-86.5452,36.3291,1000,21,1,1760186881,1766463721,0
LTE,310,410,8852,43159487,-1,-86.5341,36.3265,1612,11,1,1760186941,1766777221,0
LTE,310,410,8852,43159488,-1,-86.5672,36.3247,1983,8,1,1760186951,1760388843,0
LTE,310,410,8852,43111945,-1,-86.5582,36.351,1000,2,1,1760187171,1760226602,0
LTE,310,410,8848,43087253,-1,-86.5343,36.3585,2540,9,1,1760187342,1762109763,0
LTE,310,410,8852,43046293,-1,-86.5127,36.3522,2225,50,1,1760187367,1762109764,0
LTE,310,410,8852,41851565,-1,-86.5404,36.3272,2383,51,1,1760187989,1778782983,0
LTE,310,410,8852,43131585,-1,-86.5202,36.3102,1660,30,1,1760188019,1761004324,0
LTE,310,410,8852,43103425,-1,-86.5253,36.2969,1000,1,1,1760188244,1760188244,0
LTE,310,410,8852,43131409,-1,-86.5224,36.3027,1000,11,1,1760190687,1760302382,0
LTE,310,410,8852,41766317,-1,-86.4495,36.3927,16571,50,1,1760191032,1779816842,0
LTE,310,410,8839,42966957,0,-85.5695,35.0286,1429,32,1,1760142360,1787513498,0
LTE,310,410,8852,42598936,0,-86.8834,36.5332,1000,1,1,1760188369,1760188369,0
LTE,310,410,8852,43100598,0,-86.8781,36.4848,1000,1,1,1760190150,1760190150,0
LTE,310,410,8195,39264273,0,-87.2896,36.728,1000,1,1,1760194236,1760194236,0
LTE,310,410,8848,41832087,-1,-86.6261,36.3064,2169,24,1,1760259956,1762109764,0
LTE,310,410,8848,41832086,-1,-86.6065,36.3081,914,25,1,1760260214,1760388843,0
LTE,310,410,8848,43131073,-1,-86.6194,36.3295,1217,30,1,1760262276,1762948509,0
LTE,310,410,8848,41850904,-1,-86.6195,36.3297,1000,21,1,1760263064,1762948509,0
LTE,310,410,8848,42855958,-1,-86.5958,36.3299,1000,10,1,1760263802,1762349102,0
LTE,310,410,8852,41879320,-1,-86.5679,36.3298,1000,5,1,1760263883,1760302382,0
LTE,310,410,8852,41766168,-1,-86.5301,36.3233,1939,24,1,1760263978,1762349101,0
LTE,310,410,8852,41851416,-1,-86.5246,36.3165,1782,50,1,1760263993,1779816842,0
LTE,310,260,32770,160345613,0,-88.8125,35.046,1000,1,1,1760212861,1760212861,0
LTE,310,260,32770,3301132,0,-88.5498,35.0254,1000,1,1,1760214114,1760214114,0
LTE,310,410,8846,41775787,0,-87.3593,36.0631,1000,1,1,1760260570,1760260570,0
LTE,310,260,43907,98462477,0,-87.313,36.8246,1000,1,1,1760291030,1760291030,0
LTE,310,260,43906,6385157,-1,-86.8008,36.1464,1000,3,1,1760343590,1761413708,0
LTE,310,410,8852,43159489,-1,-86.5771,36.3291,1000,4,1,1760319727,1760388841,0
LTE,310,410,8848,43131072,-1,-86.5964,36.3339,929,26,1,1760319757,1762109764,0
LTE,310,410,8848,43087296,-1,-86.5863,36.3311,1000,4,1,1760319767,1762109764,0
LTE,310,410,8848,41832127,-1,-86.5898,36.3282,1456,13,1,1760319782,1760806323,0
LTE,310,410,8848,43171345,-1,-86.6385,36.3468,1000,6,1,1760320293,1760388841,0
LTE,310,410,8848,43032592,-1,-86.6517,36.3351,1000,2,1,1760320468,1760388841,0
LTE,310,410,8848,42994704,-1,-86.6584,36.3241,1000,3,1,1760320548,1760388841,0
LTE,310,410,8848,42995983,-1,-86.6449,36.3213,1403,13,1,1760320573,1762349103,0
LTE,310,410,8848,41772949,-1,-86.6734,36.3131,1519,26,1,1760321479,1778782984,0
LTE,310,410,8848,43155371,-1,-86.6752,36.3177,1591,44,1,1760321654,1762948509,0
LTE,310,410,8848,41741741,-1,-86.6607,36.3094,1000,17,1,1760321644,1762948503,0
LTE,310,410,8848,41741739,-1,-86.6526,36.3181,1931,9,1,1760334597,1762948508,0
LTE,310,410,8848,41851053,-1,-86.6202,36.3304,2197,40,1,1760334637,1762948503,0
LTE,310,410,8848,42856109,-1,-86.6308,36.3168,1623,6,1,1760334662,1762948503,0
LTE,310,410,8852,41879469,-1,-86.5711,36.3295,623,25,1,1760335670,1762948504,0
LTE,310,410,8852,41879468,-1,-86.5591,36.3277,2135,32,1,1760335725,1766463721,0
LTE,310,410,8848,41832128,-1,-86.5951,36.3127,1000,4,1,1760335925,1760388843,0
LTE,310,410,8848,41832129,-1,-86.6182,36.3052,1000,1,1,1760338821,1760338821,0
LTE,310,410,8848,43155222,-1,-86.6671,36.3144,1000,3,1,1760348505,1760388843,0
LTE,310,410,8848,43185088,-1,-86.6939,36.3074,2682,4,1,1760348590,1760562423,0
LTE,310,410,8852,43046295,-1,-86.5278,36.3323,2052,24,1,1760349136,1762109763,0
LTE,310,410,8852,43159445,-1,-86.5433,36.3358,2565,40,1,1760349151,1762109764,0
LTE,310,260,32770,160345612,0,-88.6787,35.0626,1000,1,1,1760303967,1760303967,0
LTE,310,260,44027,29647381,0,-86.3264,35.5011,1000,1,1,1760313657,1760313657,0
LTE,310,260,43907,50391558,0,-86.226,35.3782,1000,1,1,1760314962,1760314962,0
LTE,310,260,43907,155102211,0,-86.0213,35.1609,1000,1,1,1760317241,1760317241,0
LTE,310,260,42881,161101058,0,-88.7929,36.7873,1000,1,1,1760320159,1760320159,0
LTE,310,410,9108,42241544,0,-85.0576,35.0026,1000,1,1,1760330657,1760330657,0
LTE,310,260,43907,25624065,0,-87.2603,36.6092,1000,1,1,1760346029,1760346029,0
LTE,310,410,8846,41748149,0,-87.7659,36.1055,1000,1,1,1760346589,1760346589,0
LTE,310,410,8846,41779639,0,-87.351,36.1662,1000,1,1,1760349131,1760349131,0
LTE,310,410,8836,41835447,0,-87.0236,36.082,1000,1,1,1760351605,1760351605,0
LTE,310,410,8836,41815561,0,-86.9723,36.1138,1000,1,1,1760351885,1760351885,0
LTE,310,410,8836,41824171,0,-86.8864,36.0861,1000,1,1,1760352849,1760352849,0
LTE,310,410,8833,43033782,0,-86.7617,36.0606,1000,1,1,1760361145,1760361145,0
LTE,310,260,43777,6867213,0,-86.6252,36.3287,1611,27,1,1760361555,1774200004,0
LTE,310,260,43906,104556290,0,-86.7618,36.0593,1000,1,1,1760367136,1760367136,0
LTE,310,410,8833,43006728,0,-86.7908,36.0163,1054,4,1,1760369863,1770125821,0
LTE,310,260,31342,75119629,0,-86.7753,35.0297,1000,1,1,1760375867,1760375867,0
LTE,310,410,8838,41736373,0,-86.6762,36.1303,1000,1,1,1760375909,1760375909,0
LTE,310,410,8839,43152566,0,-85.6126,35.0396,1000,1,1,1760378317,1760378317,0
LTE,310,410,8195,40797365,0,-86.0471,37.0952,1000,1,1,1760384530,1760384530,0
LTE,310,410,8704,41335989,0,-88.7533,35.9099,1000,1,1,1760416722,1760416722,0
LTE,310,260,43906,6383875,0,-86.7005,36.1231,1000,1,1,1760426863,1760426863,0
LTE,310,410,8838,42706383,0,-86.7006,36.1383,1000,1,1,1760426967,1760426967,0
LTE,310,410,8838,42706275,0,-86.7006,36.1385,1000,1,1,1760427082,1760427082,0
LTE,310,410,8835,41909272,0,-85.6314,36.1368,1000,1,1,1760439137,1760439137,0
LTE,310,410,8839,42351894,0,-85.6819,35.044,1000,1,1,1760439153,1760439153,0
LTE,310,410,8833,42599341,0,-86.5974,35.9918,1000,1,1,1760444522,1760444522,0
LTE,310,410,8848,42617526,0,-86.6863,36.1937,1000,1,1,1760448014,1760448014,0
LTE,310,410,8848,42996117,-1,-86.6586,36.3154,2633,24,1,1760355226,1778782984,0
LTE,310,410,8848,43056577,-1,-86.717,36.2957,1353,11,1,1760355471,1760562423,0
LTE,310,410,8848,43185047,-1,-86.7323,36.2812,1000,3,1,1760355581,1762109764,0
LTE,310,410,8848,43207084,-1,-86.7156,36.2347,1000,1,1,1760355912,1760355912,0
LTE,310,410,8848,41773997,-1,-86.7098,36.2354,1000,4,1,1760355922,1760562423,0
LTE,310,410,8848,43054016,-1,-86.6958,36.226,1000,2,1,1760355992,1760562423,0
LTE,310,410,8848,42617354,-1,-86.6925,36.2157,1000,3,1,1760356022,1760562423,0
LTE,310,410,8848,42617353,-1,-86.6901,36.2036,1000,8,1,1760356057,1762109764,0
LTE,310,410,8836,41835288,0,-87.019,36.0791,1000,1,1,1760494858,1760494858,0
LTE,310,260,43906,63863052,0,-86.7063,35.8699,1000,1,1,1760541575,1760541575,0
LTE,310,260,30499,222892043,0,-85.266,35.0544,1000,1,1,1760544781,1760544781,0
LTE,310,260,43906,9966083,-1,-86.8073,36.1702,1000,7,1,1760623766,1786249839,0
LTE,310,410,8840,43015448,-1,-86.9379,36.1373,1000,17,1,1760624755,1760668563,0
LTE,310,260,8836,41815560,-1,-86.9523,36.1382,1000,2,1,1760624855,1761413702,0
LTE,310,260,43777,7089666,-1,-86.9903,36.2035,1000,2,1,1760625280,1760668564,0
LTE,310,410,8848,42617517,0,-86.6941,36.2132,1000,1,1,1760600569,1760600569,0
LTE,310,260,43906,6385168,0,-86.8099,36.1545,1000,1,1,1760616788,1760616788,0
LTE,310,410,8848,43036053,-1,-86.5622,36.3213,3278,13,1,1760698906,1762109763,0
LTE,310,410,8852,43157654,-1,-86.4891,36.3666,1000,10,1,1760699217,1760743141,0
LTE,310,410,8852,43157696,-1,-86.482,36.3708,1000,4,1,1760699297,1761004323,0
LTE,310,410,8852,41852086,-1,-86.477,36.3752,1000,5,1,1760699407,1760743141,0
LTE,310,410,8852,41852085,-1,-86.4766,36.3763,1000,2,1,1760699462,1760743141,0
LTE,310,410,8852,43157653,-1,-86.4708,36.3852,1102,13,1,1760699502,1762777862,0
LTE,310,410,8852,41852075,-1,-86.4746,36.3792,1268,29,1,1760700249,1779816842,0
LTE,310,410,8852,41742775,-1,-86.4502,36.3892,1000,9,1,1760703919,1760743142,0
LTE,310,410,8852,41852342,-1,-86.4312,36.4018,1699,23,1,1760704049,1760743142,0
LTE,310,410,8852,41852341,-1,-86.4134,36.4106,1000,4,1,1760704229,1760743142,0
LTE,310,410,8852,43234751,-1,-86.4088,36.4127,1000,4,1,1760704264,1760743142,0
LTE,310,410,8852,41807809,-1,-86.3973,36.4189,1000,10,1,1760704294,1760743142,0
LTE,310,410,8852,41807789,-1,-86.3766,36.4344,1652,16,1,1760704374,1760743142,0
LTE,310,410,8852,41852331,-1,-86.3582,36.4479,1000,8,1,1760704494,1760743142,0
LTE,310,410,8852,43252248,-1,-86.3466,36.4535,1000,4,1,1760704564,1760743142,0
LTE,310,410,8852,41807624,-1,-86.3445,36.4585,2732,29,1,1760704600,1778886243,0
LTE,310,410,8852,43252234,-1,-86.323,36.4769,3777,44,1,1760704665,1778886243,0
LTE,310,410,8852,41793217,-1,-86.3063,36.4922,1933,26,1,1760704800,1778886243,0
LTE,310,410,8852,42936767,-1,-86.3001,36.4941,718,28,1,1760704805,1778886243,0
LTE,310,410,8852,41790912,-1,-86.2998,36.5004,1000,14,1,1760704880,1778886243,0
LTE,310,260,32770,160345633,0,-88.8002,35.0044,1000,1,1,1760660849,1760660849,0
LTE,310,410,8837,41834263,0,-86.4328,35.9345,1000,1,1,1760682041,1760682041,0
LTE,310,260,43907,6869762,0,-86.4378,35.9858,1000,1,1,1760682154,1760682154,0
LTE,310,260,43907,6869761,0,-86.4382,36.0013,1000,1,1,1760682211,1760682211,0
LTE,310,260,43777,104682763,0,-86.6878,36.2149,1000,1,1,1760684420,1760684420,0
LTE,310,410,8840,43170230,0,-86.7181,36.2458,1000,1,1,1760684523,1760684523,0
LTE,310,260,43777,6396429,0,-87.4164,36.5859,1000,1,1,1760684727,1760684727,0
LTE,310,260,43777,7645453,0,-87.566,36.5327,1000,1,1,1760686072,1760686072,0
LTE,310,410,8846,41817003,0,-87.5341,36.9349,1000,1,1,1760692497,1760692497,0
LTE,310,260,43906,6381570,0,-86.7427,36.1465,1000,16,1,1760694471,1788291484,0
LTE,310,410,8836,41858058,0,-87.0914,36.0206,1000,1,1,1760695959,1760695959,0
LTE,310,260,43777,7645463,0,-87.5779,36.5295,1000,1,1,1760700503,1760700503,0
LTE,310,410,8195,39265558,0,-87.174,36.6645,1000,1,1,1760702236,1760702236,0
LTE,310,410,8840,43067318,0,-86.7356,36.2092,1000,1,1,1760708671,1760708671,0
LTE,310,260,43906,48287756,0,-86.8045,35.9583,1000,1,1,1760722906,1760722906,0
LTE,310,260,43906,48288005,0,-86.8036,35.9548,1000,1,1,1760724157,1760724157,0
LTE,310,410,8852,41851575,-1,-86.541,36.3287,1317,8,1,1760765256,1760806322,0
LTE,310,410,8852,41879478,-1,-86.5602,36.3286,1906,21,1,1760765271,1760806322,0
LTE,310,410,8852,41766327,-1,-86.5365,36.327,1315,5,1,1760765306,1760806322,0
LTE,310,410,8848,41730486,-1,-86.5821,36.3285,1000,4,1,1760765706,1760806322,0
LTE,310,260,41216,41249025,-1,-86.9509,36.1385,1000,4,1,1760795727,1760834642,0
LTE,310,260,43906,9697343,-1,-86.9476,36.138,1000,3,1,1760795739,1760834642,0
LTE,310,260,43906,6400013,-1,-86.8114,36.1674,5708,23,1,1760796310,1788291483,0
LTE,310,260,43906,6400012,-1,-86.8064,36.1702,1000,11,1,1760796346,1788291483,0
LTE,310,410,8838,42873261,-1,-86.7814,36.1483,814,33,1,1760796489,1772487486,0
LTE,310,260,44029,29514006,0,-87.4413,35.9827,1651,2,1,1760735712,1788291443,0
LTE,310,260,43777,7645443,0,-87.5653,36.5325,1000,1,1,1760769454,1760769454,0
LTE,310,410,8856,42620332,0,-86.6873,35.7431,1000,1,1,1760791972,1760791972,0
LTE,310,410,9101,42246316,0,-85.3638,35.0266,1000,2,1,1760888865,1782928381,0
LTE,310,410,8848,41756075,-1,-86.5704,36.3218,1000,3,1,1760850029,1761004323,0
LTE,310,410,8852,41766315,-1,-86.5087,36.3554,2822,41,1,1760856417,1779816842,0
LTE,310,410,8852,41852076,-1,-86.4844,36.3695,1107,23,1,1760857103,1779816842,0
LTE,310,410,8852,43157520,-1,-86.4955,36.3621,1000,2,1,1760858266,1761004324,0
LTE,310,410,8852,43046160,-1,-86.514,36.3394,1000,3,1,1760858562,1761004324,0
LTE,310,410,8852,41766316,-1,-86.509,36.3293,1166,19,1,1760858587,1761004324,0
LTE,310,410,8852,43046294,-1,-86.5068,36.3176,1000,5,1,1760858763,1761004324,0
LTE,310,410,8852,43131543,-1,-86.5191,36.3055,1999,11,1,1760859043,1779816841,0
LTE,310,410,8852,43112118,-1,-86.4909,36.3551,1000,7,1,1760878598,1761004324,0
LTE,310,260,43907,50391564,0,-86.2122,35.3619,1000,1,1,1760903520,1760903520,0
LTE,310,260,32770,3600170,0,-88.7319,35.9382,1000,1,1,1760935801,1760935801,0
LTE,310,410,8846,42923017,0,-88.03,36.0553,1000,1,1,1760947684,1760947684,0
LTE,310,410,8846,43126800,0,-87.3775,36.0804,1000,2,1,1760952968,1778359081,0
LTE,310,410,8836,41824023,0,-86.893,36.0717,1000,1,1,1760960212,1760960212,0
LTE,310,410,8836,41857463,0,-87.1595,36.0437,1000,1,1,1760968283,1760968283,0
LTE,310,410,9101,42860816,0,-85.3628,35.0276,1000,1,1,1761037204,1761037204,0
LTE,310,260,43906,6381580,0,-86.745,36.1482,1000,1,1,1761044371,1761044371,0
LTE,310,410,8846,41731608,0,-87.2252,36.1126,1000,1,1,1761048436,1761048436,0
LTE,310,410,8840,43226796,0,-86.8702,36.1002,1000,1,1,1761051157,1761051157,0
LTE,310,410,8848,42633751,0,-86.7069,36.3272,1000,2,1,1761082175,1785407821,0
LTE,310,410,8852,41823414,0,-86.5534,36.2643,1000,1,1,1761104367,1761104367,0
LTE,310,410,8833,43053494,0,-86.7749,35.9213,1000,1,1,1761145519,1761145519,0
LTE,310,260,43777,7660300,0,-86.4634,36.3697,1000,1,1,1761153920,1761153920,0
LTE,310,260,43906,6399247,0,-86.6141,36.1643,1000,1,1,1761203981,1761203981,0
LTE,310,410,8852,41890733,0,-86.5059,36.205,1000,1,1,1761205436,1761205436,0
LTE,310,260,43777,7220237,0,-86.7349,36.3762,1000,1,1,1761214592,1761214592,0
LTE,310,410,8846,43000002,0,-87.4715,36.8653,1000,1,1,1761223505,1761223505,0
LTE,310,410,8833,42604553,0,-86.7547,35.8454,1000,1,1,1761238463,1761238463,0
LTE,310,260,43906,98457345,0,-86.8663,36.2188,1000,1,1,1761255003,1761255003,0
LTE,310,410,41223,41268260,-1,-86.9515,36.1561,1000,2,1,1761186676,1761413702,0
LTE,310,260,41216,118049038,-1,-86.9556,36.1398,1000,1,1,1761186789,1761186789,0
LTE,310,410,8840,41735575,-1,-86.9241,36.1326,1180,27,1,1761186886,1761413703,0
LTE,310,410,8838,43006223,-1,-86.8021,36.1718,1000,2,1,1761187725,1761413704,0
LTE,310,260,43906,154992142,-1,-86.7939,36.1534,1000,3,1,1761187968,1761413705,0
LTE,310,260,43906,6399499,-1,-86.7972,36.1462,1000,2,1,1761188102,1761413705,0
LTE,310,260,43906,6385174,-1,-86.801,36.1466,1000,1,1,1761188949,1761188949,0
LTE,310,410,8839,41953452,0,-85.8792,35.2567,2782,7,1,1761337075,1782925681,0
LTE,310,260,32770,3263758,0,-88.96,35.0587,1000,1,1,1761338784,1761338784,0
LTE,310,410,8837,41836459,0,-86.4264,36.0398,1000,1,1,1761340932,1761340932,0
LTE,310,410,8852,42862253,0,-86.829,36.4621,1000,1,1,1761390163,1761390163,0
LTE,310,410,8833,43053484,0,-86.7769,35.92,1000,1,1,1761397615,1761397615,0
LTE,310,410,8836,41868054,0,-86.92,36.063,1000,1,1,1761475155,1761475155,0
LTE,310,260,43907,8293378,0,-88.1135,36.0606,1000,1,1,1761547562,1761547562,0
LTE,310,410,8846,41902358,0,-87.3631,36.0729,1000,1,1,1761555693,1761555693,0
LTE,310,410,9101,42280364,0,-85.2568,35.0871,1000,1,1,1761579946,1761579946,0
LTE,310,410,9108,42268844,0,-85.1356,35.0724,1000,1,1,1761581186,1761581186,0
LTE,310,410,8832,42599448,0,-86.7979,35.4672,1000,1,1,1761582781,1761582781,0
LTE,310,260,43777,7313173,0,-86.4896,36.5033,2802,3,1,1761588773,1767495482,0
LTE,310,410,8839,43152401,0,-85.6936,35.0434,1000,2,1,1761713082,1773926701,0
LTE,310,260,32770,162679584,0,-88.3454,36.0491,1000,1,1,1761728204,1761728204,0
LTE,310,260,43907,158598413,0,-87.9051,36.1706,1000,1,1,1761734352,1761734352,0
LTE,310,410,8846,42626072,0,-88.0068,36.0454,1000,1,1,1761735095,1761735095,0
LTE,310,410,8208,39403800,-1,-85.7477,36.6676,8584,4,1,1761766552,1762298582,0
LTE,310,410,8208,39403979,-1,-85.7146,36.74,1000,2,1,1761783964,1761825601,0
LTE,310,410,8197,39213239,0,-88.7714,37.0111,1000,1,1,1761784496,1761784496,0
LTE,310,260,30499,43435021,0,-85.3238,35.0948,1572,10,1,1761785202,1783708290,0
LTE,310,260,43777,8947211,0,-86.7038,36.0933,1000,1,1,1761793823,1761793823,0
LTE,310,260,43906,6381569,0,-86.7603,36.1595,1000,1,1,1761794183,1761794183,0
LTE,310,260,43906,6397451,0,-86.7791,36.2068,1000,2,1,1761794555,1764350281,0
LTE,310,260,43906,6994956,0,-86.7907,36.208,1000,1,1,1761794568,1761794568,0
LTE,310,410,8704,41356040,0,-88.7493,35.9418,1000,1,1,1761813340,1761813340,0
LTE,310,410,8846,41960629,0,-88.3796,36.0098,1000,1,1,1761818482,1761818482,0
LTE,310,260,32827,18699031,0,-88.3865,35.7469,1000,1,1,1761949221,1761949221,0
LTE,310,260,42881,161219339,0,-86.2128,37.0575,1000,1,1,1761973361,1761973361,0
LTE,310,410,8852,42588440,0,-86.8879,36.49,1000,1,1,1761998287,1761998287,0
LTE,310,410,8848,41730327,-1,-86.617,36.3248,2181,2,1,1761024086,1762109762,0
LTE,310,410,8852,41879467,-1,-86.55,36.3342,1000,7,1,1761129464,1762777861,0
LTE,310,410,8848,43130896,-1,-86.5967,36.332,1136,17,1,1761129639,1762777861,0
LTE,310,410,8848,43130518,-1,-86.5481,36.3459,1000,1,1,1761132707,1761132707,0
LTE,310,410,8848,42873494,-1,-86.6895,36.1999,1061,11,1,1761988767,1762109764,0
LTE,310,410,8848,43053974,-1,-86.6913,36.2119,1616,6,1,1761988943,1762109764,0
LTE,310,410,8848,42873495,-1,-86.6915,36.2133,1000,3,1,1761988983,1762109764,0
LTE,310,410,8848,42884245,-1,-86.6937,36.2226,1000,3,1,1761989023,1762109764,0
LTE,310,410,8840,41773719,-1,-86.7226,36.2352,1000,6,1,1761989144,1762109764,0
LTE,310,410,8840,43125910,-1,-86.7383,36.2389,1000,8,1,1761989194,1762109764,0
LTE,310,410,8848,43185046,-1,-86.7027,36.3058,1000,1,1,1761989535,1761989535,0
LTE,310,410,8848,43130519,-1,-86.6356,36.3227,1000,1,1,1761989766,1761989766,0
LTE,310,260,30507,72870413,0,-85.0194,35.0216,1000,1,1,1762027606,1762027606,0
LTE,310,260,32770,160345603,0,-88.8228,35.0688,1000,1,1,1762035979,1762035979,0
LTE,310,260,43907,25624085,0,-87.2697,36.6104,1000,1,1,1762040918,1762040918,0
LTE,310,410,8856,42614800,0,-86.7404,35.9082,1000,1,1,1762083978,1762083978,0
LTE,310,260,43906,26572045,0,-86.7458,36.0923,1000,1,1,1762085156,1762085156,0
LTE,310,410,8195,40545552,0,-87.1661,36.6455,1000,1,1,1762091724,1762091724,0
LTE,310,260,30499,44208651,0,-85.223,35.041,1000,1,1,1762102209,1762102209,0
LTE,310,410,8846,42620682,0,-88.5398,35.8851,1000,1,1,1762147068,1762147068,0
LTE,310,260,32770,160462594,0,-88.6051,36.1066,1000,1,1,1762147297,1762147297,0
LTE,310,410,8835,41927695,-1,-85.7722,36.6407,1325,9,1,1762011438,1762663861,0
LTE,310,410,8208,41928719,-1,-85.7754,36.638,1000,14,1,1762011689,1762663861,0
LTE,310,410,8852,41928470,-1,-85.7768,36.6386,1000,1,1,1762012074,1762012074,0
LTE,310,410,8208,39402008,-1,-85.7625,36.6493,1000,7,1,1762012447,1762663861,0
LTE,310,410,8208,39402187,-1,-85.7657,36.6529,1000,9,1,1762012561,1762298582,0
LTE,310,410,8208,41928726,-1,-85.7764,36.6385,1000,1,1,1762257160,1762257160,0
LTE,310,410,8195,40797367,0,-86.1331,37.0603,1000,1,1,1762202321,1762202321,0
LTE,310,260,44027,29647362,0,-86.3328,35.4612,1000,1,1,1762208214,1762208214,0
LTE,310,260,43777,8106243,0,-86.6854,36.341,1000,1,1,1762234662,1762234662,0
LTE,310,410,8846,42626221,0,-87.9782,36.0211,1000,1,1,1762255858,1762255858,0
LTE,310,260,43907,103835649,0,-85.4182,36.1415,1657,3,1,1762258416,1788291489,0
LTE,310,260,43907,104651787,0,-85.5417,36.1432,1000,1,1,1762258755,1762258755,0
LTE,310,410,8852,43159313,-1,-86.5765,36.3308,2308,6,1,1762155632,1762349103,0
LTE,310,410,8848,43087120,-1,-86.5844,36.3312,1000,4,1,1762155672,1762349103,0
LTE,310,410,8848,42996159,-1,-86.6523,36.315,1000,9,1,1762156500,1762349103,0
LTE,310,410,8848,43185090,-1,-86.6639,36.3127,1000,8,1,1762156530,1762349103,0
LTE,310,410,8840,43170056,-1,-86.7232,36.2482,1000,4,1,1762157323,1762349102,0
LTE,310,410,8840,43218604,-1,-86.7413,36.2519,1716,7,1,1762162364,1785407581,0
LTE,310,410,8848,43130385,-1,-86.6375,36.3208,1000,1,1,1762163372,1762163372,0
LTE,310,410,8848,41831953,-1,-86.6353,36.3231,1000,2,1,1762163382,1762349103,0
LTE,310,410,8848,41831951,-1,-86.5989,36.3322,1000,5,1,1762163543,1762777861,0
LTE,310,260,43907,46796300,0,-87.8547,36.0288,1000,1,1,1762340446,1762340446,0
LTE,310,410,8846,41801496,0,-87.675,36.1167,1000,1,1,1762341861,1762341861,0
LTE,310,260,43907,162798603,0,-85.9226,35.212,1000,1,1,1762352105,1762352105,0
LTE,310,260,43907,158546444,0,-86.0562,35.2534,1000,1,1,1762362873,1762362873,0
LTE,310,260,30507,52922892,0,-85.3162,35.0099,1000,1,1,1762366499,1762366499,0
LTE,310,410,9101,42263980,0,-85.1851,35.0819,1000,2,1,1762374700,1762493210,0
LTE,310,410,9108,42354348,0,-85.0669,35.0582,1000,2,1,1762375941,1762493216,0
LTE,310,410,8195,42918060,0,-87.3114,36.715,1000,2,1,1762419995,1762493407,0
LTE,310,410,8835,42869265,0,-85.0771,36.0109,1000,2,1,1762424542,1762493423,0
LTE,310,260,43907,120390157,0,-85.829,36.1394,1000,2,1,1762426966,1762493430,0
LTE,310,260,43907,104271627,0,-85.6424,36.1349,17590,13,1,1762426973,1788291488,0
LTE,310,260,43907,46796301,0,-87.9742,36.0248,1000,1,1,1762435266,1762435266,0
LTE,310,410,9101,42272520,0,-85.2023,35.0841,1000,1,1,1762453848,1762453848,0
LTE,310,410,9101,42835215,0,-85.2482,35.0712,1000,1,1,1762464546,1762464546,0
LTE,310,410,9108,43191313,0,-85.0952,35.0002,1000,1,1,1762465786,1762465786,0
LTE,310,260,42881,161101067,0,-88.7718,36.86,1000,1,1,1762480727,1762480727,0
LTE,310,260,43906,8688897,0,-86.8586,36.2106,1000,1,1,1762486343,1762486343,0
LTE,310,260,32827,16835615,0,-88.779,35.6826,1000,1,1,1762492511,1762492511,0
LTE,310,260,32770,19497741,0,-88.4154,35.9892,1000,1,1,1762513222,1762513222,0
LTE,310,410,8846,41731757,0,-87.2229,36.1113,1000,1,1,1762524362,1762524362,0
LTE,310,260,43906,160285186,0,-86.8561,35.0042,1000,1,1,1762547259,1762547259,0
LTE,310,260,32770,70158615,0,-88.2685,35.7709,1000,1,1,1762575523,1762575523,0
LTE,310,410,8197,39227416,0,-88.2684,37.0329,1000,1,1,1762579193,1762579193,0
LTE,310,260,30211,223714071,0,-85.851,35.2372,1000,2,1,1762583986,1763729822,0
GSM,310,260,17571,4871,-1,-88.9237,35.8274,1000,1,1,1762586267,1762586267,0
LTE,310,410,8839,41953462,0,-85.8832,35.2652,1766,2,1,1762619436,1786556461,0
LTE,310,410,8837,41786551,0,-86.435,35.8412,1000,2,1,1762622347,1785403801,0
LTE,310,410,8835,41927702,-1,-85.7853,36.6398,1000,2,1,1762261303,1762663861,0
LTE,310,410,9101,43029715,0,-85.2611,35.0527,1000,1,1,1762634945,1762634945,0
LTE,310,410,9108,43455188,0,-85.0684,35.0605,1000,1,1,1762639898,1762639898,0
LTE,310,260,43906,26379276,0,-86.5413,36.0029,1000,1,1,1762704051,1762704051,0
GSM,310,260,31402,3772,-1,-86.2642,35.4065,1000,1,1,1762710030,1762710030,0
LTE,310,410,8852,43112108,-1,-86.5299,36.3586,2478,7,1,1762598711,1762777861,0
LTE,310,410,8848,41730475,-1,-86.5331,36.3583,1000,4,1,1762598761,1762777861,0
LTE,310,410,8852,41852333,-1,-86.5095,36.3723,1000,2,1,1762598841,1762777861,0
LTE,310,410,8852,41852077,-1,-86.4956,36.3828,1429,15,1,1762598861,1762777862,0
LTE,310,410,8852,43022743,-1,-86.4536,36.389,1000,17,1,1762599167,1762777862,0
LTE,310,410,8852,41807626,-1,-86.3665,36.4414,3898,50,1,1762599713,1778886243,0
LTE,310,410,15503,58769120,0,-85.6641,35.0169,3607,2,1,1762716300,1773926521,0
LTE,310,410,8833,41866667,0,-86.6327,36.0404,1000,1,1,1762787242,1762787242,0
LTE,310,410,8195,40537882,0,-86.4167,36.938,1000,1,1,1762805933,1762805933,0
LTE,310,260,43003,7039491,0,-88.734,36.9806,1000,1,1,1762824554,1762824554,0
LTE,310,410,8838,41830424,0,-86.848,36.1597,1000,1,1,1762829468,1762829468,0
LTE,310,260,43906,26579213,0,-86.8607,36.1494,1000,1,1,1762829532,1762829532,0
LTE,310,260,30499,222892044,0,-85.2724,35.0307,1000,1,1,1762862789,1762862789,0
LTE,310,260,43777,8947202,0,-86.688,36.0902,1000,1,1,1762877359,1762877359,0
LTE,310,410,8840,41772459,-1,-86.7874,36.2788,1363,27,1,1762830691,1762948505,0
LTE,310,410,8840,41772460,-1,-86.7987,36.2775,1000,3,1,1762830811,1762948505,0
LTE,310,410,8840,41772461,-1,-86.8076,36.2873,1000,14,1,1762830846,1762948505,0
LTE,310,410,8840,43103505,-1,-86.8112,36.2978,1000,4,1,1762830917,1762948505,0
LTE,310,410,8840,43145408,-1,-86.8762,36.3474,1000,16,1,1762831248,1762948506,0
LTE,310,410,8840,43145239,-1,-86.8783,36.3487,1000,4,1,1762831775,1762948506,0
LTE,310,410,8852,43218192,-1,-86.792,36.3361,1000,4,1,1762847759,1762948507,0
LTE,310,410,8848,43031313,-1,-86.7675,36.3405,2029,50,1,1762847789,1762948507,0
LTE,310,410,8848,43185087,-1,-86.7127,36.3223,1000,4,1,1762848581,1762948508,0
LTE,310,410,8848,43017921,-1,-86.7109,36.3224,1000,2,1,1762848606,1762948508,0
LTE,310,410,8848,43017745,-1,-86.7102,36.323,1000,4,1,1762848616,1766641883,0
LTE,310,410,8848,43017744,-1,-86.7059,36.3236,1000,6,1,1762848636,1762948508,0
LTE,310,410,8848,43017900,-1,-86.7009,36.3258,1000,10,1,1762848666,1786564141,0
LTE,310,410,8848,41851063,-1,-86.6236,36.3285,1000,1,1,1762852687,1762852687,0
LTE,310,260,44029,29514518,0,-87.5749,35.8977,1000,1,1,1762920892,1762920892,0
LTE,310,260,32827,18496031,0,-88.7397,35.6803,1000,1,1,1762924424,1762924424,0
LTE,310,260,43907,160270337,0,-86.1799,35.2902,1000,1,1,1762974289,1762974289,0
LTE,310,410,8839,42302487,0,-85.6211,35.0451,2547,3,1,1762984037,1782927301,0
LTE,310,260,43907,46796289,0,-87.9234,36.0899,1000,1,1,1763032580,1763032580,0
LTE,310,410,8837,41836204,0,-86.4323,35.9315,1000,1,1,1763050063,1763050063,0
LTE,310,260,42881,161101057,0,-88.7892,36.84,1000,1,1,1763085134,1763085134,0
LTE,310,410,8852,41851573,0,-86.4148,36.383,1000,1,1,1763145587,1763145587,0
LTE,310,410,8705,41410486,0,-88.5053,35.7372,1000,1,1,1763168232,1763168232,0
LTE,310,260,43906,25940757,0,-87.1148,36.1013,1000,1,1,1763171272,1763171272,0
LTE,310,260,44029,7214850,0,-87.5253,35.9731,1000,1,1,1763172635,1763172635,0
LTE,310,260,43907,120390156,0,-85.64,36.1373,1000,1,1,1763175363,1763175363,0
LTE,310,260,33021,43516694,0,-88.9752,35.6193,1000,1,1,1763181648,1763181648,0
LTE,310,410,8847,42628616,0,-87.1035,36.4666,2526,3,1,1763184019,1773935521,0
LTE,310,410,8839,42966967,0,-85.5818,35.0355,1000,1,1,1763185087,1763185087,0
LTE,310,410,8839,42966997,0,-85.5818,35.0355,1000,1,1,1763185471,1763185471,0
LTE,310,260,43907,162798605,0,-85.9285,35.2067,1000,1,1,1763186474,1763186474,0
LTE,310,410,8197,39221943,0,-87.9634,37.0091,1000,1,1,1763187181,1763187181,0
LTE,310,260,42881,158262018,0,-88.483,36.9919,2345,2,1,1763188960,1763747103,0
LTE,310,260,43906,6870037,0,-86.7018,36.3242,1000,1,1,1763195607,1763195607,0
LTE,310,410,8837,41808151,0,-86.6765,35.6902,1000,1,1,1763216527,1763216527,0
LTE,310,410,8839,43152596,0,-85.6332,35.0496,1000,1,1,1763225659,1763225659,0
LTE,310,260,44027,30195202,0,-86.2673,35.4161,1000,1,1,1763228054,1763228054,0
LTE,310,260,43907,162642187,0,-86.1091,35.2008,1000,1,1,1763230444,1763230444,0
LTE,310,410,9101,42276887,0,-85.2815,35.041,1000,1,1,1763233200,1763233200,0
LTE,310,260,43907,31767810,0,-86.4259,36.0133,1000,1,1,1763234667,1763234667,0
LTE,310,410,8197,39207689,0,-88.9699,36.7363,1000,1,1,1763259316,1763259316,0
LTE,310,260,43777,6395405,0,-86.8419,36.2143,1000,1,1,1763337629,1763337629,0
LTE,310,260,32827,18638113,0,-88.5749,35.7573,1000,1,1,1763346133,1763346133,0
LTE,310,410,8836,41729197,0,-86.9229,36.0746,1000,1,1,1763386466,1763386466,0
LTE,310,260,43906,26572035,0,-86.7463,36.0936,1000,1,1,1763393831,1763393831,0
LTE,310,410,8856,41736621,0,-86.7409,35.8701,1000,1,1,1763402566,1763402566,0
LTE,310,260,43003,6901537,0,-88.7649,37.0657,1000,1,1,1763429577,1763429577,0
LTE,310,260,42881,161101068,0,-88.7633,36.7665,1000,1,1,1763430818,1763430818,0
LTE,310,410,8704,43380753,0,-88.8122,35.6853,1000,1,1,1763436559,1763436559,0
LTE,310,410,8852,41853101,0,-86.4106,36.1878,1000,1,1,1763490177,1763490177,0
LTE,310,410,9101,42361772,0,-85.2362,35.095,1000,1,1,1763493977,1763493977,0
LTE,310,410,9101,42361782,0,-85.2296,35.0912,1000,1,1,1763494571,1763494571,0
LTE,310,410,9108,42360493,0,-85.0688,35.0661,1000,1,1,1763497698,1763497698,0
LTE,310,410,8840,43090615,0,-86.889,36.1182,1000,1,1,1763621548,1763621548,0
LTE,310,260,43777,7354123,0,-87.4741,36.7583,1000,1,1,1763643037,1763643037,0
LTE,310,260,43906,8948229,0,-86.6883,36.1979,1000,2,1,1763649713,1773965945,0
LTE,310,260,30211,223419660,0,-85.7859,35.187,1000,2,1,1763729238,1781757187,0
LTE,310,260,30211,42934334,0,-85.8736,35.2432,1000,1,1,1763730010,1763730010,0
LTE,310,260,30211,42934335,0,-85.8906,35.2754,1000,1,1,1763730162,1763730162,0
LTE,310,260,43906,29639435,0,-86.6108,36.0372,1000,1,1,1763734129,1763734129,0
LTE,310,260,43777,6626060,0,-86.6082,36.0419,1000,1,1,1763734281,1763734281,0
LTE,310,260,43777,6626061,0,-86.6117,36.0476,1000,1,1,1763734449,1763734449,0
LTE,310,260,43906,6389007,0,-86.6216,36.0586,1000,1,1,1763734760,1763734760,0
LTE,310,260,43906,6389004,0,-86.6324,36.0686,1000,1,1,1763734942,1763734942,0
LTE,310,260,43906,6389006,0,-86.6334,36.0695,1000,1,1,1763734951,1763734951,0
LTE,310,260,43906,6389003,0,-86.6343,36.0703,1000,1,1,1763734978,1763734978,0
LTE,310,260,43906,9796111,0,-86.7252,36.1164,1000,1,1,1763736811,1763736811,0
LTE,310,260,43906,9796112,0,-86.7255,36.117,1000,1,1,1763736814,1763736814,0
LTE,310,260,43906,9622541,0,-86.7595,36.1559,1000,1,1,1763737382,1763737382,0
LTE,310,260,43906,26382861,0,-86.7752,36.1855,1000,1,1,1763737564,1763737564,0
LTE,310,260,43906,26382864,0,-86.7752,36.1865,1000,1,1,1763737568,1763737568,0
LTE,310,260,43906,25885195,0,-86.7756,36.1969,1000,1,1,1763737617,1763737617,0
LTE,310,260,43906,31243541,0,-86.8111,36.2967,1000,1,1,1763738040,1763738040,0
LTE,310,260,43777,7213887,0,-86.9866,36.3761,1000,1,1,1763738595,1763738595,0
LTE,310,260,43777,7286549,0,-86.9994,36.3814,1197,2,1,1763738671,1774583710,0
LTE,310,260,43777,7286540,0,-87.0252,36.401,4334,12,1,1763738742,1765169102,0
LTE,310,260,43777,7219517,0,-87.0562,36.422,1000,1,1,1763738827,1763738827,0
LTE,310,260,43777,7219457,0,-87.1002,36.451,1000,1,1,1763738977,1763738977,0
LTE,310,260,43777,7219477,0,-87.1045,36.454,1294,2,1,1763739035,1765159322,0
LTE,310,260,43777,7219479,0,-87.1249,36.4674,1000,1,1,1763739067,1763739067,0
LTE,310,260,43777,8106508,0,-87.1763,36.4963,1395,16,1,1763739186,1765169102,0
LTE,310,260,43777,7013909,0,-87.2479,36.5561,1000,1,1,1763739507,1763739507,0
LTE,310,260,43777,7312405,0,-87.7356,36.8801,1000,1,1,1763741274,1763741274,0
LTE,310,260,43777,7312652,0,-88.0035,37.0194,1109,2,1,1763745777,1785990840,0
LTE,310,260,42881,23112991,0,-88.281,37.0305,1000,1,1,1763746574,1763746574,0
LTE,310,260,42881,104553484,0,-88.458,36.9942,1000,1,1,1763747072,1763747072,0
LTE,310,260,42881,158262037,0,-88.4605,36.9942,1000,1,1,1763747077,1763747077,0
LTE,310,260,42881,104553505,0,-88.5324,36.9941,1000,1,1,1763747269,1763747269,0
LTE,310,260,42881,104553503,0,-88.5557,37.0041,1000,1,1,1763747337,1763747337,0
LTE,310,260,42881,109412385,0,-88.6635,37.0627,1000,1,1,1763747688,1763747688,0
LTE,310,260,43777,7467285,-1,-86.5323,36.5779,1000,2,1,1763759505,1763807762,0
LTE,310,260,43907,7313431,-1,-86.5478,36.5788,1899,3,1,1763759621,1765175162,0
LTE,310,260,43906,26252803,-1,-86.6937,36.3044,1000,23,1,1763761039,1767557582,0
LTE,310,260,43906,26252802,-1,-86.6731,36.3093,1608,21,1,1763787254,1768441741,0
LTE,310,260,43907,48304909,-1,-86.6362,36.3221,1000,3,1,1763794258,1763839092,0
LTE,310,260,43777,6873868,-1,-86.6332,36.3098,1685,21,1,1763794273,1774200003,0
LTE,310,260,43777,6867212,-1,-86.6041,36.3316,2313,7,1,1763794374,1763839092,0
LTE,310,260,43906,161143357,-1,-86.6006,36.3117,2361,50,1,1763794414,1769614443,0
LTE,310,260,43777,6882061,-1,-86.5714,36.3302,1000,7,1,1763794495,1763839092,0
LTE,310,260,43777,6866955,-1,-86.5769,36.3308,1000,1,1,1763794490,1763794490,0
LTE,310,260,43777,6882060,-1,-86.5597,36.329,1000,10,1,1763794530,1763839092,0
LTE,310,260,43777,6882059,-1,-86.5473,36.3379,1438,15,1,1763794580,1764910852,0
LTE,310,260,43777,6882109,-1,-86.5416,36.3463,3101,50,1,1763794631,1769614443,0
LTE,310,260,43907,30144022,-1,-86.5502,36.3416,1000,1,1,1763794636,1763794636,0
LTE,310,260,43907,30144023,-1,-86.5497,36.344,1000,1,1,1763794646,1763794646,0
LTE,310,260,43777,7660811,-1,-86.4752,36.3868,1263,13,1,1763795029,1774203482,0
LTE,310,260,43777,7660301,-1,-86.4795,36.3978,1000,3,1,1763795136,1774203482,0
LTE,310,260,43777,7666435,-1,-86.4675,36.4194,1000,4,1,1763795238,1769592424,0
LTE,310,260,43777,30143489,-1,-86.4588,36.4165,1978,24,1,1763795243,1769592424,0
LTE,310,260,30211,42934295,0,-85.8808,35.31,1000,1,1,1763857459,1763857459,0
LTE,310,410,8704,43402933,0,-88.8466,35.8747,1000,1,1,1763871757,1763871757,0
LTE,310,410,8846,41355280,0,-88.571,36.0494,1000,1,1,1763874261,1763874261,0
LTE,310,410,8846,43280912,0,-87.2728,36.0869,1000,1,1,1763897091,1763897091,0
LTE,310,260,43907,30028803,-1,-86.514,36.5776,1174,8,1,1763932435,1768403522,0
LTE,310,260,43906,161143298,-1,-86.6068,36.3057,1223,36,1,1763936509,1774162982,0
LTE,310,260,43777,6999565,-1,-86.6222,36.2603,1027,21,1,1763940396,1763988683,0
LTE,310,260,43906,6883595,-1,-86.6197,36.2574,1000,6,1,1763942336,1763988664,0
LTE,310,260,43906,98458881,-1,-86.6162,36.2584,1000,7,1,1763943042,1763988664,0
LTE,310,260,44029,104261379,-1,-86.5887,36.2679,2823,15,1,1763943430,1774162981,0
LTE,310,260,43777,6999563,-1,-86.6237,36.2806,1000,2,1,1763943707,1763988665,0
LTE,310,260,43906,161143299,-1,-86.6207,36.3235,1526,23,1,1763944130,1768773903,0
LTE,310,260,43907,48304899,-1,-86.599,36.3501,4996,35,1,1763945713,1769592422,0
NR,310,260,11207168,4321632558,-1,-86.5695,36.5827,2177,9,1,1763932744,1768920606,0
NR,310,260,11207168,4429717806,-1,-86.5665,36.5826,3597,25,1,1763932759,1768920606,0
NR,310,260,11207168,4429717807,-1,-86.5993,36.5883,3584,27,1,1763932819,1765159324,0
NR,310,260,11207168,4369334573,-1,-86.6176,36.5639,1722,29,1,1763932994,1765901702,0
NR,310,260,11207168,4369334575,-1,-86.6383,36.5268,1881,28,1,1763933030,1769063104,0
NR,310,260,11206912,4326187031,-1,-86.603,36.2852,1342,6,1,1763938194,1774162982,0
NR,310,260,11206912,4302332205,-1,-86.6154,36.2801,2002,32,1,1763938209,1774162982,0
NR,310,260,11206912,4302332215,-1,-86.6205,36.277,1000,20,1,1763938416,1763988666,0
NR,310,260,11206912,4301566264,-1,-86.6271,36.2664,1397,21,1,1763939418,1769063106,0
NR,310,260,11206912,4302331907,-1,-86.6279,36.273,1000,1,1,1763939666,1763939666,0
NR,310,260,11206912,4301566254,-1,-86.627,36.2664,1000,12,1,1763939834,1769063106,0
NR,310,260,11206912,4565884951,-1,-86.6214,36.3225,1000,5,1,1763944903,1763988666,0
LTE,310,260,43906,161143309,-1,-86.6263,36.3168,1000,13,1,1763947480,1774186621,0
LTE,310,260,43906,27245582,0,-86.7148,36.0944,1000,1,1,1764079442,1764079442,0
NR,310,260,11206912,4302127417,-1,-86.7037,36.3074,640,25,1,1764108283,1769063105,0
NR,310,260,11206912,4302127407,-1,-86.704,36.3083,1000,6,1,1764108426,1767478202,0
NR,310,260,11206912,4302266680,-1,-86.7023,36.3037,1000,1,1,1764108476,1764108476,0
NR,310,260,11206912,4319732023,-1,-86.6978,36.3005,1000,16,1,1764108486,1768773904,0
NR,310,260,11206912,4319732025,-1,-86.7015,36.2918,1000,21,1,1764108516,1768773904,0
NR,310,260,11206912,4319732015,-1,-86.7008,36.2933,654,37,1,1764108576,1769593561,0
NR,310,260,11206912,4301709613,-1,-86.705,36.2844,1094,13,1,1764108927,1766142002,0
NR,310,260,11206912,4301709615,-1,-86.7158,36.2647,3412,10,1,1764110076,1764159782,0
NR,310,260,11206912,4301545773,-1,-86.7327,36.2651,1113,14,1,1764110167,1767478202,0
NR,310,260,11206912,4346323247,-1,-86.7374,36.2642,1081,14,1,1764110280,1767478202,0
NR,310,260,11206912,4301545774,-1,-86.7415,36.2502,1000,13,1,1764110311,1767478202,0
NR,310,260,11206912,4440805677,-1,-86.7718,36.2271,1000,17,1,1764110421,1767478202,0
NR,310,260,11206912,4440805678,-1,-86.7753,36.2142,1000,11,1,1764110472,1767478202,0
NR,310,260,11206912,4448383277,-1,-86.7763,36.202,1000,8,1,1764110502,1767478202,0
NR,310,260,11206912,4440805679,-1,-86.7766,36.2031,1000,3,1,1764110522,1767478202,0
NR,310,260,11206912,4302258477,-1,-86.7761,36.2046,1000,6,1,1764110533,1767478202,0
NR,310,260,11206912,4301435183,-1,-86.7641,36.1537,1000,12,1,1764110717,1773988391,0
NR,310,260,11206912,4341522734,-1,-86.7684,36.1516,1000,4,1,1764110727,1773988391,0
NR,310,260,11206912,4515254573,-1,-86.7754,36.148,1000,21,1,1764110737,1773988391,0
NR,310,260,11206912,4515254574,-1,-86.7763,36.1383,1158,21,1,1764110787,1773988391,0
NR,310,260,11206912,4304187694,-1,-86.7773,36.135,1000,8,1,1764110818,1773988391,0
NR,310,260,11206912,4515254575,-1,-86.7791,36.1485,1000,3,1,1764110938,1764159782,0
NR,310,260,11206912,4505059631,-1,-86.7824,36.1537,1000,4,1,1764110971,1764159782,0
NR,310,260,11206912,4505059629,-1,-86.7795,36.1533,1000,3,1,1764110981,1764159782,0
NR,310,260,11206912,4302307630,-1,-86.787,36.1544,1000,1,1,1764111102,1764111102,0
NR,310,260,11206912,4447547693,-1,-86.6897,36.2179,1000,3,1,1764118346,1764172742,0
NR,310,260,11206912,4301562158,-1,-86.6925,36.2176,1000,14,1,1764118380,1764172742,0
NR,310,260,11206912,4301562157,-1,-86.6894,36.2234,1000,9,1,1764118410,1764172743,0
NR,310,260,11206912,4301562167,-1,-86.6942,36.229,1000,5,1,1764118542,1764172742,0
NR,310,260,11206912,4302266671,-1,-86.7162,36.2957,1000,21,1,1764127058,1767478202,0
NR,310,260,11206912,4302266669,-1,-86.7071,36.3045,1000,12,1,1764127098,1767478202,0
NR,310,260,11206912,4302127406,-1,-86.6906,36.3122,1862,14,1,1764127149,1769063105,0
NR,310,260,11206912,4446712110,-1,-86.7031,36.3238,1000,19,1,1764127159,1769063105,0
NR,310,260,11206912,4446712109,-1,-86.7109,36.3369,2051,25,1,1764127239,1769063105,0
NR,310,260,11207168,4301689134,-1,-86.7151,36.3469,1000,19,1,1764127260,1769063105,0
NR,310,260,11207168,4301689133,-1,-86.7177,36.3591,1000,6,1,1764127320,1769063105,0
NR,310,260,11207168,4301689143,-1,-86.7196,36.3588,1000,14,1,1764127331,1769063105,0
NR,310,260,11207168,4424593430,-1,-86.7147,36.3662,1000,2,1,1764127362,1764172743,0
NR,310,260,11207168,4395049262,-1,-86.7151,36.3864,1330,18,1,1764127412,1765159324,0
NR,310,260,11207168,4395049261,-1,-86.721,36.4061,1000,9,1,1764127503,1765159324,0
NR,310,260,11207168,4395049271,-1,-86.7216,36.4084,1000,24,1,1764127533,1769063104,0
NR,310,260,11207168,4369355065,-1,-86.7125,36.4271,1628,21,1,1764127554,1766142001,0
NR,310,260,11207168,4369355064,-1,-86.7048,36.4386,1000,5,1,1764127645,1766142001,0
NR,310,260,11207168,4369355063,-1,-86.6956,36.4512,2110,15,1,1764127675,1766142001,0
NR,310,260,11207168,4395721015,-1,-86.6731,36.4848,7081,40,1,1764127796,1769063104,0
NR,310,260,11207168,4397474104,-1,-86.6588,36.5003,1587,7,1,1764127887,1769063104,0
NR,310,260,11207168,4397474103,-1,-86.6514,36.5131,1371,13,1,1764127927,1769063104,0
NR,310,260,11207168,4369334275,-1,-86.6404,36.5289,1079,22,1,1764128008,1770163563,0
NR,310,260,11207168,4369334273,-1,-86.6138,36.5635,1787,24,1,1764128140,1769261222,0
NR,310,260,11207168,4429717507,-1,-86.5948,36.5806,1891,22,1,1764128211,1769208063,0
NR,310,260,11207168,4429717527,-1,-86.6008,36.5779,1494,4,1,1764128352,1769063104,0
NR,310,260,11207168,4357201942,-1,-86.5165,36.5835,1000,9,1,1764160174,1768784581,0
LTE,310,260,43907,7313430,-1,-86.5171,36.5758,1000,1,1,1764164471,1764164471,0
LTE,310,260,43907,30028863,-1,-86.5209,36.5755,1000,4,1,1764164481,1769661421,0
LTE,310,260,42881,161219330,0,-86.2343,37.0174,1000,1,1,1764101179,1764101179,0
LTE,310,260,30499,222892034,0,-85.2737,35.0362,1000,1,1,1764130942,1764130942,0
LTE,310,410,8846,41763757,0,-87.2474,36.0377,1000,1,1,1764143094,1764143094,0
LTE,310,410,8837,42626312,0,-86.0919,35.2088,1000,1,1,1764177126,1764177126,0
LTE,310,260,43906,160435713,0,-86.7879,35.4343,1000,1,1,1764182753,1764182753,0
LTE,310,260,43906,6386945,0,-86.7295,36.1824,1000,1,1,1764233082,1764233082,0
LTE,310,260,42881,158262028,0,-88.516,36.9939,1000,1,1,1764344681,1764344681,0
LTE,310,260,43907,31309324,0,-87.3831,36.6669,1000,1,1,1764347979,1764347979,0
LTE,310,260,43907,6395916,0,-87.3118,36.6277,1000,1,1,1764348205,1764348205,0
LTE,310,260,43777,7286551,0,-87.0781,36.4335,1040,2,1,1764349047,1774583710,0
LTE,310,260,43777,7213827,0,-86.9547,36.3613,3185,5,1,1764349426,1769582186,0
LTE,310,260,43906,6381582,0,-86.7594,36.1565,1000,2,1,1764350434,1767591194,0
LTE,310,260,44027,30195201,0,-86.2775,35.4484,1000,1,1,1764309747,1764309747,0
LTE,310,260,43907,160270347,0,-86.166,35.2994,1000,1,1,1764345609,1764345609,0
LTE,310,260,43777,7310850,-1,-86.6228,36.5506,1111,32,1,1764371367,1768920605,0
LTE,310,260,43777,30841603,-1,-86.6079,36.496,3955,5,1,1764371407,1765914423,0
LTE,310,260,43907,98457663,-1,-86.6042,36.5856,2138,34,1,1764371640,1769661422,0
LTE,310,260,43777,30841623,-1,-86.6201,36.4968,1601,2,1,1764371650,1765914423,0
LTE,310,260,43777,7310870,-1,-86.6265,36.5088,1000,2,1,1764371670,1764418863,0
LTE,310,260,43777,7310910,-1,-86.6199,36.5015,1000,17,1,1764371700,1764418863,0
LTE,310,260,43777,7085314,-1,-86.6406,36.4683,2327,24,1,1764375470,1767442803,0
LTE,310,260,43777,7085324,-1,-86.6259,36.4781,1613,21,1,1764376048,1765914423,0
LTE,310,260,43777,7085334,-1,-86.6183,36.4824,1191,5,1,1764376749,1765914423,0
LTE,310,260,43777,7085335,-1,-86.6562,36.4667,1000,1,1,1764377652,1764377652,0
LTE,310,260,43907,29794621,-1,-86.6529,36.5135,2788,31,1,1764386822,1769661422,0
LTE,310,410,9101,43109905,0,-85.1909,35.0182,1000,1,1,1764359660,1764359660,0
LTE,310,410,9101,42362540,0,-85.1816,35.0079,1000,1,1,1764359748,1764359748,0
LTE,310,410,8197,39203082,0,-88.7255,36.9805,1000,1,1,1764383305,1764383305,0
LTE,310,260,43907,28588545,0,-88.0551,36.0682,1000,1,1,1764402500,1764402500,0
LTE,310,260,43906,6381583,0,-86.7194,36.1489,6119,3,1,1764404972,1781812142,0
LTE,310,410,8847,43147693,0,-87.2082,36.5766,1000,1,1,1764419288,1764419288,0
LTE,310,410,8847,41803959,0,-87.0394,36.4885,1000,1,1,1764419904,1764419904,0
LTE,310,260,43907,162642177,0,-86.1276,35.1754,1000,1,1,1764434261,1764434261,0
LTE,310,410,8839,42966800,0,-85.5417,35.0148,1000,1,1,1764441537,1764441537,0
LTE,310,260,30499,223432981,0,-85.2737,35.1026,1000,1,1,1764448481,1764448481,0
LTE,310,260,30507,223463169,0,-85.2108,35.0578,1000,1,1,1764573719,1764573719,0
LTE,310,410,8846,42867976,0,-87.771,36.0382,1000,1,1,1764673578,1764673578,0
LTE,310,410,8840,43226634,0,-86.873,36.1051,1000,1,1,1764679678,1764679678,0
LTE,310,260,43907,162728450,0,-86.4311,35.9344,1000,1,1,1764712463,1764712463,0
LTE,310,410,8852,41851401,0,-86.4835,36.2868,1000,1,1,1764785803,1764785803,0
LTE,310,410,8852,41761463,0,-86.4467,36.2796,1000,1,1,1764785818,1764785818,0
LTE,310,410,8195,40787125,0,-86.5221,36.716,1000,1,1,1764789547,1764789547,0
LTE,310,410,8704,41269941,0,-88.8648,35.6664,1000,1,1,1764827541,1764827541,0
LTE,310,410,8852,41879477,0,-86.5395,36.3312,1000,1,1,1764857698,1764857698,0
LTE,310,260,43906,6998533,0,-86.7806,36.2302,1000,1,1,1764903262,1764903262,0
LTE,310,260,30499,43427596,0,-85.1923,35.0722,1000,1,1,1764970676,1764970676,0
LTE,310,260,42881,13240844,0,-86.4383,36.877,1000,1,1,1764981904,1764981904,0
LTE,310,260,32770,19812375,0,-88.2834,36.0576,1000,1,1,1765037722,1765037722,0
LTE,310,260,43907,46796290,0,-87.8786,36.0607,1000,1,1,1765041807,1765041807,0
LTE,310,260,43906,31243542,-1,-86.7731,36.2786,1000,1,1,1765106988,1765106988,0
LTE,310,260,43777,103742015,-1,-86.8126,36.303,1000,1,1,1765107221,1765107221,0
LTE,310,260,43777,8106558,-1,-87.1868,36.5027,1000,1,1,1765108462,1765108462,0
LTE,310,260,43907,6396175,-1,-87.2861,36.5679,1454,9,1,1765108904,1765169102,0
LTE,310,260,43907,30292245,-1,-87.2799,36.5608,1000,1,1,1765108935,1765108935,0
LTE,310,260,43907,6396173,-1,-87.3051,36.5779,1135,49,1,1765109157,1765159323,0
LTE,310,260,43777,6791692,-1,-87.3094,36.5718,1000,6,1,1765109147,1765159323,0
LTE,310,260,43777,6871307,-1,-87.3137,36.5733,1000,5,1,1765109217,1765159322,0
LTE,310,260,43907,6396176,-1,-87.3058,36.5834,1000,10,1,1765112498,1765159323,0
LTE,310,260,43907,25624087,-1,-87.2862,36.602,1000,2,1,1765117396,1765159323,0
NR,310,260,11207168,4397474093,-1,-86.6446,36.5158,3364,18,1,1765092756,1765928403,0
NR,310,260,11207168,4369355053,-1,-86.695,36.4523,1798,7,1,1765092956,1765159324,0
NR,310,260,11207168,4369355054,-1,-86.7048,36.4391,1000,2,1,1765093066,1765159324,0
NR,310,260,11207168,4369355055,-1,-86.7119,36.4286,1000,5,1,1765093096,1765159324,0
NR,310,260,11207168,4424593710,-1,-86.7143,36.3677,1000,5,1,1765093346,1765159324,0
NR,310,260,11206912,4302127405,-1,-86.706,36.3254,1000,3,1,1765093546,1769063105,0
NR,310,260,11206912,4319732013,-1,-86.6984,36.3006,1070,17,1,1765094301,1769593561,0
NR,310,260,11206912,4301709623,-1,-86.7025,36.2882,1000,9,1,1765106160,1768773904,0
NR,310,260,11206912,4437291030,-1,-86.7797,36.2797,1000,1,1,1765107018,1765107018,0
NR,310,260,11206912,4437291310,-1,-86.7873,36.2787,1000,7,1,1765107028,1765159324,0
NR,310,260,11206912,4437291029,-1,-86.8055,36.2834,1000,2,1,1765107150,1765159324,0
NR,310,260,11206912,4437291309,-1,-86.8096,36.2904,1000,3,1,1765107170,1765159324,0
NR,310,260,11206912,4437291009,-1,-86.8115,36.2987,1000,2,1,1765107201,1765159324,0
NR,310,260,11207168,4302213143,-1,-87.3016,36.5831,1000,1,1,1765113479,1765113479,0
NR,310,260,11207168,4302213145,-1,-87.3003,36.5828,1000,1,1,1765113489,1765113489,0
NR,310,260,11207168,4302213422,-1,-87.292,36.5878,1000,18,1,1765113510,1765159325,0
NR,310,260,11207168,4302172463,-1,-87.2852,36.5987,1078,19,1,1765113762,1765159325,0
NR,310,260,11207168,4302213421,-1,-87.2855,36.5993,1000,1,1,1765113954,1765113954,0
NR,310,260,11207168,4302172183,-1,-87.2876,36.6017,1000,4,1,1765113964,1765159325,0
NR,310,260,11207168,4302180654,-1,-87.2921,36.6085,1000,3,1,1765114014,1765159325,0
NR,310,260,11207168,4302180374,-1,-87.2939,36.6085,1000,1,1,1765114055,1765114055,0
NR,310,260,11207168,4302213431,-1,-87.2939,36.6075,1000,4,1,1765114176,1765159325,0
NR,310,260,11207168,4302180664,-1,-87.2929,36.6062,1000,1,1,1765114570,1765114570,0
NR,310,260,11207168,4302221623,-1,-87.2933,36.6066,1000,1,1,1765114489,1765114489,0
NR,310,260,11207168,4302213144,-1,-87.2938,36.6053,1000,11,1,1765115026,1765159325,0
NR,310,260,11207168,4302213121,-1,-87.2935,36.6048,1000,11,1,1765115584,1765159325,0
NR,310,260,11207168,4302172163,-1,-87.2923,36.6038,1000,7,1,1765115746,1765159325,0
NR,310,260,11207168,4302180354,-1,-87.2946,36.6044,1000,2,1,1765115928,1765159325,0
NR,310,260,11207168,4302209325,-1,-87.28,36.6022,1000,1,1,1765117558,1765117558,0
LTE,310,260,32770,3263747,0,-88.9704,35.0293,1000,1,1,1765059570,1765059570,0
LTE,310,410,8840,42944266,0,-86.8726,36.2297,1000,1,1,1765063734,1765063734,0
LTE,310,260,43907,30292235,-1,-87.2854,36.5672,1006,15,1,1765121681,1765169102,0
LTE,310,260,43907,6396165,-1,-87.2686,36.5581,1000,3,1,1765121923,1765169102,0
LTE,310,260,43777,7219519,-1,-87.1561,36.4844,1000,2,1,1765123660,1765169102,0
LTE,310,260,43907,122678029,-1,-86.9966,36.4209,1829,11,1,1765124238,1765169102,0
LTE,310,260,43907,122678037,-1,-86.9683,36.4421,1462,3,1,1765124399,1765169102,0
LTE,310,260,43907,122678027,-1,-86.9665,36.4432,1554,12,1,1765124409,1765169102,0
LTE,310,260,43907,122678077,-1,-86.9551,36.4569,1000,1,1,1765124550,1765124550,0
LTE,310,260,43907,31073303,-1,-86.9533,36.4591,1000,3,1,1765124560,1765169102,0
LTE,310,260,43907,31073283,-1,-86.9518,36.4611,1000,1,1,1765124590,1765124590,0
LTE,310,260,43907,31073293,-1,-86.9415,36.4719,1306,9,1,1765124601,1765169103,0
LTE,310,260,43777,7217165,-1,-86.9466,36.4668,1000,2,1,1765124621,1765169102,0
LTE,310,260,43777,7216959,-1,-86.9085,36.4976,1000,1,1,1765124843,1765124843,0
LTE,310,260,43777,7217687,-1,-86.9061,36.4997,1000,2,1,1765124853,1765169103,0
LTE,310,260,43777,7216907,-1,-86.8491,36.5066,1752,16,1,1765125115,1765169103,0
LTE,310,260,43777,7216897,-1,-86.8262,36.4998,1572,4,1,1765125267,1765169103,0
LTE,310,260,43777,7216917,-1,-86.8237,36.4985,1000,2,1,1765125338,1765169103,0
LTE,310,260,43907,104370957,-1,-86.818,36.4955,1000,2,1,1765125358,1765169103,0
LTE,310,260,43907,104370947,-1,-86.8122,36.4946,1000,1,1,1765125388,1765125388,0
LTE,310,260,43777,7217471,-1,-86.8078,36.4943,1000,1,1,1765125409,1765125409,0
LTE,310,260,43777,7217431,-1,-86.7794,36.481,1000,3,1,1765125540,1765169103,0
LTE,310,260,43777,7217469,-1,-86.7669,36.4779,1308,6,1,1765125571,1765169103,0
LTE,310,260,43777,7217419,-1,-86.7491,36.4744,1000,2,1,1765125652,1765169103,0
NR,310,260,11207168,4305633302,-1,-87.1684,36.4914,1000,1,1,1765123619,1765123619,0
NR,310,260,11207168,4305633282,-1,-87.1636,36.4887,1000,3,1,1765123629,1765169103,0
LTE,310,260,43906,6381573,0,-86.7546,36.1526,1000,5,1,1765143032,1788291484,0
LTE,310,260,44027,6394116,0,-86.5284,35.9776,1000,1,1,1765163087,1765163087,0
LTE,310,410,8195,39333557,0,-86.4178,36.8784,1000,1,1,1765226937,1765226937,0
LTE,310,260,32770,162660641,0,-88.4959,36.026,1000,1,1,1765274549,1765274549,0
LTE,310,260,30499,68857346,0,-85.1792,35.3389,1000,1,1,1765276357,1765276357,0
LTE,310,260,43907,104409089,0,-85.3745,36.2632,1000,1,1,1765281247,1765281247,0
LTE,310,260,43907,98458637,0,-85.3793,36.2666,1000,1,1,1765281312,1765281312,0
LTE,310,260,32770,19812373,0,-88.2297,36.0404,1000,1,1,1765281386,1765281386,0
LTE,310,410,8208,41928984,0,-85.6392,36.6164,1000,1,1,1765283796,1765283796,0
LTE,310,410,8195,39406358,0,-85.8155,36.9348,1000,1,1,1765286267,1765286267,0
LTE,310,260,43907,46796291,0,-87.9565,36.0379,1000,1,1,1765290209,1765290209,0
LTE,310,260,43907,162578179,0,-87.4372,36.1289,1000,1,1,1765293932,1765293932,0
NR,310,260,11207168,4357202223,-1,-86.5241,36.5783,1697,35,1,1765180577,1768920606,0
NR,310,260,11207168,4411695407,-1,-86.5259,36.5772,1000,4,1,1765180697,1768920606,0
NR,310,260,11207168,4356436269,-1,-86.5275,36.5774,1240,11,1,1765180757,1766063762,0
NR,310,260,11207168,4321632278,-1,-86.5492,36.5792,1699,16,1,1765180827,1768920606,0
NR,310,260,11207168,4369334293,-1,-86.6059,36.5699,1694,10,1,1765181827,1769063104,0
NR,310,260,11207168,4369334574,-1,-86.6239,36.5493,1059,23,1,1765181932,1765928403,0
NR,310,260,11207168,4369334295,-1,-86.6356,36.5326,1457,25,1,1765182024,1769063104,0
NR,310,260,11207168,4369334585,-1,-86.6378,36.5251,1000,8,1,1765182085,1765383482,0
NR,310,260,11207168,4356251959,-1,-86.6502,36.4745,2517,24,1,1765182282,1765928402,0
NR,310,260,11207168,4357201943,-1,-86.5416,36.5831,2036,7,1,1765365039,1768920606,0
NR,310,260,11207168,4357202233,-1,-86.5197,36.586,1000,18,1,1765365409,1769661425,0
LTE,310,260,32827,18734613,0,-88.8485,35.8412,1000,1,1,1765437703,1765437703,0
LTE,310,260,32770,19497749,0,-88.4077,36.0248,1000,1,1,1765442676,1765442676,0
LTE,310,410,8846,41763608,0,-87.2649,36.0364,1000,1,1,1765459628,1765459628,0
LTE,310,410,8840,41753111,0,-86.8585,36.1455,1000,1,1,1765463524,1765463524,0
LTE,310,410,9101,42365975,0,-85.2205,35.0417,1000,1,1,1765463556,1765463556,0
LTE,310,410,8832,41756853,0,-86.7955,35.4825,1000,1,1,1765481730,1765481730,0
LTE,310,410,20992,41318921,0,-88.9176,35.775,1000,1,1,1765518987,1765518987,0
LTE,310,260,32770,3263745,0,-88.8907,35.0449,1000,1,1,1765580670,1765580670,0
LTE,310,410,20993,41299464,0,-88.2645,35.833,1000,1,1,1765583769,1765583769,0
LTE,310,410,20993,41249801,0,-88.3897,35.786,1000,1,1,1765584124,1765584124,0
LTE,310,410,20993,41401865,0,-88.4584,35.7679,1000,1,1,1765584166,1765584166,0
LTE,310,410,20993,41303818,0,-88.6899,35.6906,1000,1,1,1765585089,1765585089,0
LTE,310,260,43003,7039521,0,-88.7281,36.9816,1000,1,1,1765589864,1765589864,0
LTE,310,260,42881,28096525,0,-88.7608,36.7081,1000,1,1,1765591106,1765591106,0
LTE,310,410,20992,41274377,0,-88.9879,35.7757,1000,1,1,1765612518,1765612518,0
LTE,310,410,20992,41274376,0,-88.9171,35.7743,1000,1,1,1765612871,1765612871,0
LTE,310,410,20992,41221640,0,-88.8901,35.8411,1000,1,1,1765613756,1765613756,0
LTE,310,410,20992,43402762,0,-88.849,35.8738,1000,1,1,1765614995,1765614995,0
LTE,310,410,20992,41225224,0,-88.7579,35.9218,1268,14,1,1765616238,1779922630,0
LTE,310,410,8846,41792181,0,-88.2164,36.0409,1000,1,1,1765624901,1765624901,0
LTE,310,260,32827,18698783,0,-88.2885,35.816,1873,3,1,1765639687,1788291440,0
LTE,310,410,20993,41299466,0,-88.3656,35.7781,1000,1,1,1765639830,1765639830,0
LTE,310,410,20993,41410313,0,-88.5156,35.752,1000,1,1,1765640365,1765640365,0
LTE,310,410,20992,41265418,0,-88.7788,35.6795,1000,1,1,1765641180,1765641180,0
LTE,310,410,20992,41301943,0,-88.9683,35.6523,2756,2,1,1765641738,1775598181,0
LTE,310,410,20992,43402933,0,-88.8464,35.8745,1000,1,1,1765702491,1765702491,0
LTE,310,410,20992,41225225,0,-88.7564,35.907,1000,3,1,1765702949,1779922444,0
LTE,310,410,8846,41763607,0,-87.2483,36.0016,1000,1,1,1765710458,1765710458,0
LTE,310,410,20993,41402038,0,-88.442,35.7698,1000,1,1,1765714344,1765714344,0
LTE,310,410,8832,41756854,0,-86.7927,35.4541,1000,1,1,1765740486,1765740486,0
LTE,310,410,8197,39213841,0,-88.7366,36.834,1000,1,1,1765768472,1765768472,0
GSM,310,260,31402,3942,-1,-86.3719,35.5238,1000,1,1,1765781905,1765781905,0
LTE,310,410,20992,41265416,0,-88.7393,35.6802,1000,1,1,1765782626,1765782626,0
LTE,310,260,43777,7467327,-1,-86.5542,36.5794,1000,1,1,1765859697,1765859697,0
NR,310,260,11207168,4369334294,-1,-86.6304,36.5411,1000,1,1,1765859233,1765859233,0
LTE,310,260,43777,7467277,-1,-86.5442,36.5291,2505,50,1,1765871263,1765914423,0
LTE,310,260,43777,7467287,-1,-86.5436,36.5293,1000,6,1,1765871429,1765914422,0
LTE,310,260,43777,30841613,-1,-86.5976,36.4917,2106,22,1,1765871603,1765914423,0
LTE,310,260,43907,105750333,-1,-86.6676,36.4872,4713,22,1,1765871931,1769661422,0
NR,310,260,11207168,4395720725,-1,-86.6418,36.5042,1000,6,1,1765879209,1765928403,0
NR,310,260,11207168,4369334274,-1,-86.6267,36.5492,1298,21,1,1765879398,1769261222,0
NR,310,260,11207168,4397473813,-1,-86.6406,36.5287,1906,9,1,1765879413,1769063104,0
NR,310,260,11207168,4369334584,-1,-86.6246,36.5484,1091,12,1,1765879458,1769063104,0
NR,310,260,11207168,4429717526,-1,-86.5627,36.5806,1000,1,1,1765879824,1765879824,0
LTE,310,410,20993,43347471,0,-88.2709,35.8374,1000,1,1,1765828911,1765828911,0
LTE,310,410,8846,41735861,0,-87.3493,36.0256,1439,3,1,1765841933,1779922814,0
LTE,310,410,20993,41410314,0,-88.5286,35.7748,1000,1,1,1765845669,1765845669,0
LTE,310,410,20993,41248520,0,-88.5792,35.7271,1000,1,1,1765845836,1765845836,0
LTE,310,410,20993,41303817,0,-88.6515,35.7079,1000,1,1,1765845988,1765845988,0
LTE,310,410,20992,41265589,0,-88.7406,35.6807,1000,1,1,1765847194,1765847194,0
LTE,310,410,8839,42302472,0,-85.625,35.0793,1000,1,1,1765847558,1765847558,0
LTE,310,410,8839,42302486,0,-85.6234,35.0764,1000,1,1,1765847609,1765847609,0
LTE,310,410,20992,41301770,0,-88.9299,35.6699,1000,4,1,1765848530,1779922632,0
LTE,310,410,20992,41225388,0,-88.7645,35.9098,1000,1,1,1765897566,1765897566,0
LTE,310,410,20992,41225397,0,-88.759,35.9202,1000,1,1,1765897779,1765897779,0
LTE,310,410,8846,41747895,0,-88.2414,36.1221,1000,1,1,1765905000,1765905000,0
LTE,310,410,8852,41732376,0,-86.5133,36.1848,1000,1,1,1765907697,1765907697,0
LTE,310,410,8840,42951191,0,-86.7211,36.229,1000,1,1,1765909034,1765909034,0
LTE,310,410,8838,41753516,0,-86.7393,36.094,1000,1,1,1765932694,1765932694,0
LTE,310,410,20992,41225387,0,-88.76,35.9215,1000,1,1,1765950997,1765950997,0
LTE,310,260,43906,163624460,0,-86.7343,35.5897,1000,1,1,1765957711,1765957711,0
LTE,310,410,8833,43084823,0,-86.7699,36.0013,1000,1,1,1765997183,1765997183,0
LTE,310,410,8839,42267575,0,-85.7899,35.23,1000,1,1,1766020975,1766020975,0
LTE,310,410,8836,41738679,0,-87.1224,36.078,1000,1,1,1766030959,1766030959,0
LTE,310,260,32827,43191064,0,-88.6486,35.7309,1000,1,1,1766032101,1766032101,0
LTE,310,410,20992,43399953,0,-88.8912,36.5152,1000,1,1,1766032810,1766032810,0
LTE,310,410,20992,41351945,0,-88.8938,36.4894,1234,3,1,1766033857,1779922444,0
LTE,310,410,20992,41352118,0,-88.8812,36.4827,2354,7,1,1766034063,1779922630,0
LTE,310,410,20992,41269942,0,-88.8735,35.6557,1000,1,1,1766036956,1766036956,0
LTE,310,410,20993,43458321,0,-88.5361,35.7472,1000,1,1,1766038303,1766038303,0
LTE,310,410,20992,41265591,0,-88.7812,35.6768,1000,1,1,1766039232,1766039232,0
NR,310,260,11207168,4395049272,-1,-86.7153,36.3866,1534,23,1,1766094227,1769063105,0
NR,310,260,11207168,4424593720,-1,-86.7144,36.3675,1000,16,1,1766094308,1769063105,0
NR,310,260,11206912,4446712119,-1,-86.7121,36.3381,1818,27,1,1766094378,1769063105,0
NR,310,260,11207168,4301689144,-1,-86.7157,36.3484,1000,19,1,1766094394,1769063105,0
NR,310,260,11206912,4302127415,-1,-86.7042,36.322,1379,14,1,1766094455,1769063105,0
NR,310,260,11206912,4446712120,-1,-86.7035,36.3231,1000,22,1,1766094479,1769063105,0
NR,310,260,11206912,4302127416,-1,-86.6994,36.3116,1192,11,1,1766094535,1769063105,0
NR,310,260,11206912,4302266679,-1,-86.7028,36.3103,1000,8,1,1766094540,1769063105,0
NR,310,260,11206912,4370526231,-1,-86.7365,36.206,1000,6,1,1766096532,1766142002,0
NR,310,260,11206912,4330438967,-1,-86.7322,36.2042,1000,12,1,1766096589,1766142002,0
NR,310,260,11206912,4301533209,-1,-86.7268,36.2056,1000,4,1,1766096650,1766142002,0
NR,310,260,11206912,4330438657,-1,-86.725,36.2043,1000,5,1,1766096879,1766142002,0
NR,310,260,11206912,4330438957,-1,-86.7284,36.1985,1000,6,1,1766097154,1766142002,0
NR,310,260,11206912,4326175022,-1,-86.7415,36.1909,1252,11,1,1766097748,1773965953,0
NR,310,260,11206912,4330438959,-1,-86.7353,36.1903,1000,15,1,1766097805,1766142002,0
NR,310,260,11206912,4302328109,-1,-86.7461,36.1886,1000,10,1,1766098311,1766142002,0
NR,310,260,11206912,4302328110,-1,-86.7486,36.1834,1000,2,1,1766098368,1766142002,0
NR,310,260,11206912,4302328111,-1,-86.7581,36.1828,1094,22,1,1766098374,1773988391,0
NR,310,260,11206912,4302258478,-1,-86.7501,36.1762,1000,1,1,1766098458,1766098458,0
NR,310,260,11206912,4302327831,-1,-86.7479,36.1746,1000,6,1,1766098484,1766142002,0
NR,310,260,11206912,4301451285,-1,-86.7466,36.1724,1000,6,1,1766098689,1766142002,0
NR,310,260,11206912,4301451575,-1,-86.7456,36.1709,1000,9,1,1766098730,1766142003,0
NR,310,260,11206912,4302328120,-1,-86.7427,36.1705,1000,5,1,1766098822,1766142002,0
NR,310,260,11206912,4302327830,-1,-86.7389,36.1711,1000,2,1,1766098871,1766142002,0
NR,310,260,11206912,4301430806,-1,-86.7377,36.171,1000,2,1,1766098881,1766142002,0
NR,310,260,11206912,4328484885,-1,-86.7367,36.171,1000,1,1,1766098902,1766098902,0
NR,310,260,11206912,4301545784,-1,-86.7454,36.2495,1000,1,1,1766106649,1766106649,0
LTE,310,260,43906,25680642,-1,-86.7063,36.2637,1000,8,1,1766128649,1766176141,0
LTE,310,260,43906,6997250,-1,-86.6942,36.2639,1000,7,1,1766128760,1766176141,0
LTE,310,260,43906,6872070,-1,-86.6901,36.2666,842,31,1,1766128775,1766176141,0
LTE,310,260,43906,6872067,-1,-86.6846,36.2628,1000,14,1,1766128967,1766176141,0
LTE,310,260,43906,6997252,-1,-86.6894,36.2753,1000,2,1,1766129275,1766176141,0
NR,310,260,11206912,4319731714,-1,-86.6921,36.2964,1000,9,1,1766142196,1766190602,0
NR,310,260,11206912,4319731713,-1,-86.6974,36.2998,1000,13,1,1766143116,1769661425,0
NR,310,260,11206912,4346343427,-1,-86.692,36.3027,1000,22,1,1766143235,1769661425,0
NR,310,260,11206912,4302127106,-1,-86.7003,36.3111,1207,7,1,1766143326,1769592426,0
NR,310,260,11206912,4346343426,-1,-86.6808,36.3082,2044,21,1,1766143341,1770163563,0
NR,310,260,11206912,4302385153,-1,-86.6706,36.3094,1000,7,1,1766143437,1766190602,0
NR,310,260,11206912,4302385155,-1,-86.6598,36.3079,1477,27,1,1766143495,1770020345,0
NR,310,260,11206912,4442386433,-1,-86.6473,36.3039,1000,16,1,1766143580,1770020345,0
NR,310,260,11206912,4442386435,-1,-86.6513,36.3049,1000,11,1,1766143606,1770020345,0
NR,310,260,11206912,4565884930,-1,-86.6118,36.3044,1983,46,1,1766143744,1774200004,0
LTE,310,260,43777,6865982,-1,-86.5822,36.223,1000,1,1,1766150140,1766150140,0
NR,310,260,11206912,4326187319,-1,-86.5952,36.3121,1000,3,1,1766152277,1766200742,0
NR,310,260,11207168,4302491950,-1,-86.565,36.3268,5808,11,1,1766153598,1767495483,0
NR,310,260,11206912,4565884931,-1,-86.6235,36.3127,1387,38,1,1766156536,1770020345,0
LTE,310,410,20992,41221805,0,-88.9152,35.8393,1000,1,1,1766121332,1766121332,0
LTE,310,260,44027,8398594,0,-86.4075,35.6092,1000,1,1,1766125733,1766125733,0
LTE,310,410,20993,43347473,0,-88.363,35.7562,1000,1,1,1766176811,1766176811,0
LTE,310,410,20992,43380751,0,-88.7846,35.6766,1000,1,1,1766178281,1766178281,0
LTE,310,260,43906,160285195,0,-86.8805,35.0444,1709,22,1,1766187100,1773988384,0
LTE,310,410,20993,41240330,0,-88.9572,35.0605,1000,1,1,1766188763,1766188763,0
LTE,310,410,20992,43269649,0,-88.9145,35.8397,1000,1,1,1766208474,1766208474,0
LTE,310,410,20993,41240586,0,-88.2366,35.8256,1000,1,1,1766209474,1766209474,0
LTE,310,410,20992,41265417,0,-88.767,35.6757,1000,1,1,1766211474,1766211474,0
LTE,310,410,20992,43313424,0,-88.7793,35.6729,1000,1,1,1766213366,1766213366,0
LTE,310,410,20992,43313425,0,-88.7798,35.6818,1000,1,1,1766213459,1766213459,0
LTE,310,410,8836,41868203,0,-86.915,36.0626,1000,1,1,1766231956,1766231956,0
LTE,310,410,8833,42633994,0,-86.5276,35.9961,1000,1,1,1766240798,1766240798,0
LTE,310,410,8837,43231925,0,-86.3811,35.8298,1000,1,1,1766243458,1766243458,0
LTE,310,260,30499,222938903,0,-85.1899,35.0184,1000,1,1,1766261746,1766261746,0
LTE,310,410,20993,43297974,0,-88.3902,35.7863,1000,1,1,1766269156,1766269156,0
LTE,310,410,20993,41410312,0,-88.4786,35.7627,1000,1,1,1766269401,1766269401,0
LTE,310,410,20992,41269768,0,-88.8747,35.6628,1000,4,1,1766270590,1779922632,0
LTE,310,410,20992,43287313,0,-88.8608,35.6644,1000,2,1,1766270675,1775597761,0
LTE,310,260,32827,18734615,0,-88.913,35.8378,1000,1,1,1766294101,1766294101,0
LTE,310,410,8856,42630424,0,-86.515,35.9453,1000,1,1,1766329380,1766329380,0
LTE,310,260,43906,25884675,-1,-86.7212,36.0119,1000,11,1,1766365487,1766424124,0
LTE,310,260,43906,31667205,-1,-86.7425,36.0234,1000,3,1,1766365822,1766424124,0
LTE,310,260,43906,31667262,-1,-86.7512,36.0292,2588,4,1,1766365842,1767446883,0
LTE,310,260,44029,6866494,-1,-86.7985,35.9921,1000,2,1,1766374154,1767454504,0
LTE,310,260,43906,26252801,-1,-86.6877,36.3099,1000,6,1,1766383406,1766431022,0
LTE,310,260,43906,161143359,-1,-86.6188,36.3171,1000,24,1,1766384163,1770163561,0
LTE,310,260,43777,7660802,-1,-86.5172,36.3507,3272,3,1,1766385467,1767247000,0
LTE,310,260,43777,7666691,-1,-86.5301,36.3434,1000,2,1,1766385477,1766431023,0
LTE,310,260,43907,104684095,-1,-86.515,36.3528,2322,36,1,1766385674,1769614443,0
LTE,310,260,43907,30144002,-1,-86.5059,36.3739,1727,21,1,1766385810,1784954003,0
LTE,310,260,43777,7660863,-1,-86.4826,36.3887,3152,24,1,1766386440,1769614444,0
LTE,310,260,43777,7666749,-1,-86.4348,36.3716,1000,7,1,1766387944,1766431024,0
LTE,310,260,43777,7660349,-1,-86.4367,36.3834,1123,13,1,1766387984,1766431024,0
LTE,310,260,43777,7660289,-1,-86.4366,36.3855,1000,18,1,1766388024,1766431024,0
LTE,310,260,43777,30143490,-1,-86.434,36.4005,1000,17,1,1766388211,1766438521,0
LTE,310,260,43777,7666434,-1,-86.4259,36.4025,1000,21,1,1766388261,1766431025,0
LTE,310,260,43777,7666433,-1,-86.4139,36.41,1032,38,1,1766388322,1766431025,0
LTE,310,260,43907,109384963,-1,-86.3841,36.4285,2372,37,1,1766388478,1766431025,0
LTE,310,260,43907,109385023,-1,-86.3878,36.4247,1000,8,1,1766388519,1766431024,0
LTE,310,260,43907,109384961,-1,-86.3621,36.4487,1000,19,1,1766388675,1766431025,0
NR,310,260,11207168,4447604739,-1,-86.4891,36.4116,5956,6,1,1766386069,1769614445,0
LTE,310,260,43777,30143549,-1,-86.4629,36.44,1629,21,1,1766390053,1769614444,0
LTE,310,260,43777,7467326,-1,-86.5064,36.5413,4081,21,1,1766390461,1774203482,0
LTE,310,260,43777,7467266,-1,-86.5062,36.5432,4863,21,1,1766390466,1769592452,0
LTE,310,260,43777,7056653,-1,-86.5822,36.223,1000,1,1,1766407424,1766407424,0
LTE,310,410,20992,41221642,0,-88.9143,35.8393,1000,1,1,1766382108,1766382108,0
LTE,310,410,20992,41335818,0,-88.7954,35.8953,1000,1,1,1766386471,1766386471,0
LTE,310,260,43907,7313470,-1,-86.5159,36.5812,1000,22,1,1766490202,1770163562,0
LTE,310,410,20993,43312906,0,-88.8076,35.0533,1000,1,1,1766441647,1766441647,0
LTE,310,410,20993,43458320,0,-88.4684,35.7187,1000,1,1,1766553077,1766553077,0
LTE,310,410,20992,43349776,0,-88.9255,35.6124,1000,1,1,1766554337,1766554337,0
LTE,310,410,20993,41240593,0,-88.2402,35.8371,1000,1,1,1766557367,1766557367,0
LTE,310,410,8847,41803800,0,-87.0261,36.4834,1000,1,1,1766576185,1766576185,0
LTE,310,260,43907,28588567,-1,-88.0694,36.0279,1000,2,1,1766581337,1766658422,0
LTE,310,260,43907,28588557,-1,-88.0771,36.0272,1000,14,1,1766581347,1766658422,0
LTE,310,410,20992,41352108,0,-88.9079,36.4927,1000,1,1,1766717746,1766717746,0
LTE,310,410,8197,39213834,0,-88.7036,36.8523,3032,2,1,1766798373,1779922444,0
LTE,310,410,20992,41352119,0,-88.8963,36.5097,1000,3,1,1766801113,1779922629,0
LTE,310,260,42881,32889099,0,-86.5134,37.0099,1000,1,1,1766832499,1766832499,0
NR,310,260,11207168,4302491960,-1,-86.5707,36.3231,1074,25,1,1766968548,1767011041,0
LTE,310,410,20993,43313079,0,-88.8081,35.0521,1000,1,1,1766961608,1766961608,0
LTE,310,410,20992,41240072,0,-88.9662,35.6802,3976,5,1,1766981322,1779922632,0
LTE,310,410,20992,41318920,0,-88.917,35.8242,1000,1,1,1766990456,1766990456,0
LTE,310,410,20993,41240328,0,-88.8898,35.0671,1000,1,1,1767049314,1767049314,0
NR,310,260,11271424,4393521174,-1,-86.7958,36.0353,1000,7,1,1765547624,1767237601,0
NR,310,260,11271424,4422479898,-1,-86.796,36.0352,1000,20,1,1765564611,1767237601,0
NR,310,260,11271424,4422480185,-1,-86.7961,36.0352,1000,17,1,1765617283,1767237601,0
NR,310,260,11271424,4422480175,-1,-86.7868,36.0248,1580,19,1,1765626543,1773988391,0
NR,310,260,11271424,4301513015,-1,-86.7959,36.0354,1000,9,1,1765627949,1767237601,0
NR,310,260,11271424,4319727928,-1,-86.7959,36.0355,1000,2,1,1765654164,1767237601,0
LTE,310,260,42881,161219341,0,-86.3166,37.0336,1000,1,1,1767135695,1767135695,0
LTE,310,260,42881,13240835,0,-86.5249,36.8892,1000,1,1,1767138164,1767138164,0
LTE,310,410,8838,41739447,0,-86.7064,36.086,1000,1,1,1767147100,1767147100,0
LTE,310,410,20992,41301769,0,-88.921,35.6201,1000,1,1,1767158925,1767158925,0
LTE,310,260,43906,8115459,0,-86.8811,35.3204,1492,14,1,1767165128,1773965942,0
LTE,310,410,8856,42620168,0,-86.7286,35.8094,1000,1,1,1767207293,1767207293,0
LTE,310,410,9101,42261677,0,-85.2734,35.0452,1000,1,1,1767210885,1767210885,0
LTE,310,410,9101,42241453,0,-85.2249,35.0865,1000,1,1,1767220563,1767220563,0
LTE,310,410,9101,42241304,0,-85.2232,35.088,1000,1,1,1767288099,1767288099,0
LTE,310,260,43777,7085374,-1,-86.646,36.4494,1000,6,1,1767386054,1767442803,0
LTE,310,260,43907,105750334,-1,-86.6758,36.4655,2407,50,1,1767386049,1769661423,0
LTE,310,260,43777,7657279,-1,-86.6458,36.439,1000,2,1,1767386129,1767442803,0
LTE,310,260,43777,7657217,-1,-86.6458,36.4186,2093,10,1,1767386139,1767442803,0
LTE,310,260,43777,7657277,-1,-86.6528,36.4253,2471,21,1,1767386149,1767442803,0
LTE,310,260,43777,7084862,-1,-86.6792,36.4394,5318,16,1,1767386210,1769661423,0
LTE,310,260,43907,48304957,-1,-86.6315,36.4011,1359,17,1,1767386296,1767442804,0
LTE,310,260,43907,48304959,-1,-86.6038,36.3469,4451,7,1,1767386441,1769150763,0
LTE,310,260,43777,8106241,-1,-86.6174,36.3736,1000,9,1,1767386471,1767442804,0
LTE,310,260,43906,161143297,-1,-86.5994,36.3206,919,50,1,1767386814,1769592422,0
LTE,310,260,43906,6997253,-1,-86.7109,36.2679,1000,4,1,1767391369,1767442805,0
LTE,310,260,43906,29656322,-1,-86.7896,36.1905,1000,2,1,1767391848,1767442805,0
LTE,310,260,44029,29507842,-1,-86.9468,36.0793,1084,21,1,1767392408,1767446882,0
LTE,310,260,44029,29648897,-1,-86.9447,36.0658,3183,21,1,1767392579,1767446882,0
LTE,310,260,43906,103742723,-1,-86.9512,36.058,5719,6,1,1767392630,1780201954,0
LTE,310,260,44029,29648899,-1,-86.9437,36.0552,1028,37,1,1767396338,1767442808,0
LTE,310,260,43906,103742783,-1,-86.9639,36.0565,1000,1,1,1767398226,1767398226,0
LTE,310,260,44029,29648957,-1,-86.9729,36.0869,1000,2,1,1767403973,1767446882,0
LTE,310,260,44029,6871615,-1,-86.8891,36.0519,1000,1,1,1767404493,1767404493,0
LTE,310,260,43906,103742721,-1,-86.8744,36.0501,1000,12,1,1767404523,1767446883,0
LTE,310,260,44029,29515521,-1,-86.8037,36.0384,1000,8,1,1767405158,1767446883,0
LTE,310,260,43906,6998786,-1,-86.7226,36.0553,1000,2,1,1767410389,1767454503,0
LTE,310,260,44029,9930813,-1,-86.803,35.9805,1000,6,1,1767412652,1767454504,0
LTE,310,260,44029,9930814,-1,-86.807,35.9688,1000,8,1,1767412743,1767454504,0
LTE,310,260,44029,6379325,-1,-86.8104,35.9592,1000,4,1,1767412788,1767454504,0
LTE,310,260,43906,7033151,-1,-86.8177,35.9446,1000,3,1,1767412833,1767454504,0
LTE,310,260,44029,6870590,-1,-86.8183,35.9378,1000,4,1,1767412843,1767454504,0
LTE,310,260,43906,7033150,-1,-86.8214,35.9377,1000,17,1,1767412853,1767454504,0
LTE,310,260,43906,104365885,-1,-86.8243,35.9322,1000,4,1,1767412889,1767478141,0
LTE,310,260,43906,48287748,-1,-86.8258,35.9462,1000,18,1,1767422638,1767478141,0
LTE,310,260,43906,48287750,-1,-86.822,35.9465,1000,4,1,1767422668,1767467341,0
LTE,310,260,43906,48287749,-1,-86.8209,35.9459,1000,2,1,1767422704,1767467341,0
NR,310,260,11271424,4301386040,-1,-86.8241,35.9472,1000,6,1,1767426301,1767478143,0
NR,310,260,11271424,4301386030,-1,-86.819,35.9404,1045,13,1,1767427660,1767478143,0
NR,310,260,11271424,4483670320,-1,-86.8258,35.9461,1000,21,1,1767427685,1767478143,0
NR,310,260,11271424,4301386031,-1,-86.8275,35.9455,1000,1,1,1767428204,1767428204,0
NR,310,260,11271424,4483670322,-1,-86.8208,35.9472,1000,7,1,1767428254,1767478143,0
NR,310,260,11271424,4346319151,-1,-86.8173,35.9471,1000,4,1,1767428350,1767478143,0
NR,310,260,11271424,4346319150,-1,-86.8175,35.9388,1000,1,1,1767428400,1767428400,0
NR,310,260,11271424,4438409517,-1,-86.8222,35.9263,723,30,1,1767428425,1767478144,0
NR,310,260,11271424,4438409519,-1,-86.824,35.9119,1176,12,1,1767428471,1767478143,0
NR,310,260,11271424,4358930733,-1,-86.8205,35.9124,1000,5,1,1767428667,1767478143,0
NR,310,260,11271424,4487643437,-1,-86.8237,35.9078,1000,9,1,1767428693,1767478143,0
NR,310,260,11271424,4524364077,-1,-86.825,35.8993,1000,6,1,1767428753,1767478143,0
NR,310,260,11271424,4358930435,-1,-86.8237,35.8981,1000,2,1,1767428809,1767478143,0
NR,310,260,11271424,4524363777,-1,-86.8302,35.8821,1936,21,1,1767428900,1773988392,0
NR,310,260,11271424,4319686677,-1,-86.8249,35.8988,1000,2,1,1767428910,1767478143,0
NR,310,260,11271424,4524364087,-1,-86.8251,35.9012,1000,5,1,1767428925,1767478143,0
NR,310,260,11271424,4524363797,-1,-86.8253,35.8998,1000,1,1,1767428940,1767428940,0
NR,310,260,11271424,4438409529,-1,-86.8246,35.9052,1000,5,1,1767429000,1767478144,0
NR,310,260,11271424,4487643447,-1,-86.8221,35.9102,1000,9,1,1767429025,1767478144,0
NR,310,260,11271424,4358930743,-1,-86.8184,35.9139,1000,7,1,1767429086,1767478144,0
NR,310,260,11271424,4438409218,-1,-86.8164,35.9193,1000,10,1,1767429147,1767478144,0
NR,310,260,11271424,4438409518,-1,-86.8164,35.922,1000,5,1,1767429680,1767478144,0
NR,310,260,11206912,4515254294,-1,-86.7763,36.1407,1000,1,1,1767435177,1767435177,0
NR,310,260,11206912,4341522735,-1,-86.7711,36.1505,1000,4,1,1767435232,1773988391,0
NR,310,260,11206912,4301435181,-1,-86.7604,36.1574,1000,6,1,1767435278,1773988391,0
NR,310,260,11206912,4341530925,-1,-86.7602,36.1608,1000,1,1,1767435298,1767435298,0
NR,310,260,11206912,4329247023,-1,-86.7655,36.1676,1000,4,1,1767435328,1773988391,0
NR,310,260,11206912,4329247021,-1,-86.7684,36.1728,1000,15,1,1767435343,1773988391,0
NR,310,260,11206912,4319736110,-1,-86.7745,36.182,1000,7,1,1767435379,1767478144,0
NR,310,260,11206912,4468539693,-1,-86.7749,36.1853,1194,4,1,1767435389,1767478144,0
NR,310,260,11206912,4319736111,-1,-86.7752,36.1861,1000,3,1,1767435429,1767478144,0
NR,310,260,11206912,4319736109,-1,-86.7754,36.1904,1000,8,1,1767435449,1767478144,0
NR,310,260,11206912,4302258479,-1,-86.7755,36.1934,1000,3,1,1767435515,1767478144,0
NR,310,260,11206912,4301529391,-1,-86.7642,36.2354,1000,3,1,1767435727,1767478202,0
NR,310,260,11206912,4301529389,-1,-86.7535,36.24,1000,13,1,1767435742,1767478202,0
NR,310,260,11206912,4346323246,-1,-86.7348,36.2767,1000,3,1,1767435928,1767478202,0
NR,310,260,11206912,4346323245,-1,-86.7312,36.2822,1000,7,1,1767435943,1767478202,0
NR,310,260,11206912,4346343727,-1,-86.6944,36.3048,1000,9,1,1767436407,1769593561,0
NR,310,260,11206912,4346343725,-1,-86.687,36.3102,1000,6,1,1767436432,1767478202,0
NR,310,260,11206912,4302385453,-1,-86.6562,36.3144,1932,21,1,1767436468,1769063106,0
NR,310,260,11206912,4346343726,-1,-86.6745,36.3097,1274,10,1,1767436513,1769063106,0
NR,310,260,11206912,4319732014,-1,-86.6398,36.3195,1000,1,1,1767436609,1767436609,0
NR,310,260,11207168,4532146179,-1,-86.6367,36.3216,1000,2,1,1767436619,1767478203,0
LTE,310,260,43777,30143551,-1,-86.4819,36.3983,8583,34,1,1767438808,1769614444,0
LTE,310,260,43777,30143511,-1,-86.4739,36.409,1000,1,1,1767438833,1767438833,0
LTE,310,260,43907,30144021,-1,-86.4699,36.4156,1000,1,1,1767438864,1767438864,0
LTE,310,260,43777,7313213,-1,-86.4868,36.4856,1807,36,1,1767439207,1768625941,0
LTE,310,260,43777,7313215,-1,-86.4962,36.49,1000,1,1,1767439267,1767439267,0
NR,310,260,11207168,4326191416,-1,-86.6109,36.3311,1000,7,1,1767437264,1767495482,0
NR,310,260,11207168,4302491961,-1,-86.6023,36.3326,1000,4,1,1767437300,1767495483,0
NR,310,260,11207168,4532146489,-1,-86.5978,36.3329,1000,2,1,1767437320,1767495482,0
NR,310,260,11207168,4326191126,-1,-86.5957,36.3329,1000,1,1,1767437330,1767437330,0
NR,310,260,11207168,4302491949,-1,-86.5385,36.3491,2401,19,1,1767437476,1767495483,0
NR,310,260,11207168,4414689582,-1,-86.5502,36.3413,1000,1,1,1767437527,1767437527,0
NR,310,260,11207168,4401123631,-1,-86.5502,36.3425,1000,1,1,1767437532,1767437532,0
NR,310,260,11207168,4302491649,-1,-86.5472,36.3467,1000,6,1,1767437542,1767495483,0
NR,310,260,11207168,4532146198,-1,-86.5399,36.3532,1000,1,1,1767437587,1767437587,0
NR,310,260,11207168,4401123350,-1,-86.5069,36.3736,1000,1,1,1767437723,1767437723,0
NR,310,260,11207168,4401119545,-1,-86.5059,36.3746,1000,1,1,1767437728,1767437728,0
NR,310,260,11207168,4358639619,-1,-86.4943,36.384,1000,7,1,1767437748,1767495483,0
NR,310,260,11207168,4369448982,-1,-86.4673,36.4197,1000,2,1,1767438879,1767495483,0
NR,310,260,11207168,4411936791,-1,-86.4675,36.4195,1000,1,1,1767438884,1767438884,0
NR,310,260,11207168,4401119233,-1,-86.4643,36.4279,2333,8,1,1767438894,1767495483,0
NR,310,260,11207168,4369448962,-1,-86.4621,36.439,1448,19,1,1767438924,1767495483,0
NR,310,260,11207168,4369449262,-1,-86.4618,36.4419,1000,2,1,1767439000,1767495483,0
LTE,310,410,20992,43380752,0,-88.8124,35.6665,1000,1,1,1767382776,1767382776,0
LTE,310,410,8852,41854488,0,-86.4086,36.1376,1000,1,1,1767385071,1767385071,0
LTE,310,260,43906,6870038,0,-86.6947,36.311,1000,1,1,1767422907,1767422907,0
LTE,310,260,43906,6381572,0,-86.7586,36.1562,1000,1,1,1767515288,1767515288,0
LTE,310,410,8836,41767341,0,-87.1678,36.0249,1000,1,1,1767526403,1767526403,0
LTE,310,410,20993,41299480,0,-88.3677,35.7825,1000,1,1,1767533121,1767533121,0
LTE,310,410,20993,41410485,0,-88.4775,35.7632,1000,1,1,1767533551,1767533551,0
LTE,310,410,20992,43287311,0,-88.8303,35.6709,1000,1,1,1767534528,1767534528,0
LTE,310,410,20992,41239304,0,-88.8383,35.6674,1000,1,1,1767534582,1767534582,0
LTE,310,410,20992,41239306,0,-88.8558,35.6654,1000,9,1,1767534636,1779922632,0
LTE,310,410,8852,42634775,0,-86.5118,36.1806,1000,1,1,1767572879,1767572879,0
LTE,310,410,20993,43297808,0,-88.3561,35.7822,1000,1,1,1767674016,1767674016,0
LTE,310,410,9108,43246230,-1,-85.1342,35.0223,1000,1,1,1767774688,1767774688,0
LTE,310,410,9101,42250411,-1,-85.1344,35.0222,1000,2,1,1767797312,1767997142,0
LTE,310,410,9101,42263990,0,-85.186,35.0829,1000,1,1,1767725154,1767725154,0
LTE,310,410,20992,41319083,0,-88.9173,35.8236,1000,1,1,1767764659,1767764659,0
LTE,310,260,43777,30841602,-1,-86.5498,36.3398,1000,1,1,1767852114,1767852114,0
LTE,310,410,8852,43221519,0,-86.4803,36.2306,1000,1,1,1767810633,1767810633,0
LTE,310,410,8852,41850646,0,-86.4747,36.2321,1000,1,1,1767810655,1767810655,0
LTE,310,410,20992,43404047,0,-88.7582,36.0172,1000,1,1,1767856605,1767856605,0
LTE,310,410,8846,41801899,0,-87.4297,36.0874,1000,1,1,1767882099,1767882099,0
LTE,310,260,43906,160270102,0,-86.6851,35.6282,1000,1,1,1767919515,1767919515,0
LTE,310,410,8832,42599432,0,-86.786,35.4672,1000,1,1,1767921010,1767921010,0
LTE,310,260,30499,222732290,0,-85.2586,35.0022,1000,1,1,1768024955,1768024955,0
LTE,310,260,32770,51031307,0,-88.8067,35.0017,1000,1,1,1768078529,1768078529,0
LTE,310,260,30499,222346773,0,-85.2122,35.0877,1000,1,1,1768093858,1768093858,0
LTE,310,410,20992,41221803,0,-88.8714,35.8496,1000,1,1,1768114058,1768114058,0
LTE,310,410,20992,43313423,0,-88.7369,35.6803,1000,1,1,1768119451,1768119451,0
LTE,310,260,30499,70269709,0,-85.3273,35.0106,1000,8,1,1768150450,1783708291,0
LTE,310,410,9101,42246572,0,-85.2627,35.0629,1000,1,1,1768152782,1768152782,0
LTE,310,260,43906,6386704,0,-86.7511,36.2181,1000,4,1,1768179125,1773965946,0
LTE,310,410,20993,43296522,0,-88.6338,35.7154,1000,1,1,1768187018,1768187018,0
LTE,310,410,20992,43288079,0,-88.9766,35.6635,4132,3,1,1768189036,1779922632,0
LTE,310,260,43906,26993409,-1,-86.7743,36.1801,1000,1,1,1768341603,1768341603,0
LTE,310,260,43907,23116094,-1,-86.6416,36.5059,1000,2,1,1768360868,1768402683,0
LTE,310,260,43906,161143358,-1,-86.6149,36.3062,1042,22,1,1768402582,1774200003,0
LTE,310,410,8838,43196844,0,-86.7545,36.1311,1000,1,1,1768403107,1768403107,0
LTE,310,410,8837,41734317,0,-86.4096,35.8412,1000,1,1,1768408108,1768408108,0
LTE,310,260,43906,8948239,0,-86.6882,36.1971,1000,1,1,1768413190,1768413190,0
LTE,310,260,43777,6867262,-1,-86.5971,36.332,1648,21,1,1768416566,1769614443,0
LTE,310,260,43777,6867005,-1,-86.5902,36.3183,4114,28,1,1768416703,1769614443,0
LTE,310,260,43777,6867263,-1,-86.6198,36.33,740,50,1,1768416794,1770163562,0
LTE,310,260,43777,6873918,-1,-86.6266,36.3038,1943,37,1,1768417213,1769614442,0
LTE,310,260,43777,6867007,-1,-86.6181,36.2938,2043,21,1,1768418565,1769614442,0
LTE,310,260,44029,104261439,-1,-86.6078,36.2781,1000,9,1,1768418626,1768474983,0
LTE,310,260,43777,6999613,-1,-86.6131,36.2789,2354,20,1,1768418651,1768773904,0
LTE,310,260,44029,104261437,-1,-86.5996,36.2876,1000,2,1,1768419055,1768773904,0
LTE,310,260,43777,6397247,-1,-86.7005,36.2952,742,28,1,1768424796,1769261221,0
NR,310,260,11206912,4346343737,-1,-86.6925,36.3023,1000,7,1,1768429034,1768773904,0
NR,310,260,11206912,4346343736,-1,-86.6821,36.3078,1017,32,1,1768429064,1768773904,0
NR,310,260,11206912,4302385465,-1,-86.6633,36.3085,1134,13,1,1768429138,1768474983,0
NR,310,260,11206912,4302385463,-1,-86.6562,36.3129,1542,29,1,1768429168,1768474983,0
LTE,310,410,8195,39333569,0,-86.4717,36.9072,1000,1,1,1768417591,1768417591,0
LTE,310,260,42881,161219329,0,-86.2111,37.0445,1000,1,1,1768418676,1768418676,0
LTE,310,410,20992,41239477,0,-88.8327,35.6698,1000,1,1,1768456774,1768456774,0
LTE,310,260,43906,26656514,0,-86.8285,35.8604,1000,1,1,1768491940,1768491940,0
LTE,310,260,43777,6882110,-1,-86.5622,36.3292,1385,39,1,1768522850,1769614443,0
LTE,310,260,43777,7660862,-1,-86.4921,36.3648,3014,23,1,1768523068,1769614443,0
LTE,310,260,43907,48304958,-1,-86.5325,36.3532,2649,29,1,1768523113,1769150763,0
LTE,310,260,43777,7666751,-1,-86.5198,36.3407,1875,21,1,1768526158,1769063104,0
LTE,310,260,43777,7660861,-1,-86.4777,36.3855,1023,29,1,1768548989,1769150764,0
LTE,310,260,43907,104684045,-1,-86.4975,36.3599,1000,1,1,1768564122,1768564122,0
LTE,310,260,43777,7660351,-1,-86.4766,36.4044,1565,7,1,1768576922,1769614444,0
LTE,310,260,43777,7666495,-1,-86.4707,36.4556,4120,14,1,1768577029,1769614444,0
LTE,310,260,43777,7467325,-1,-86.5181,36.5706,2154,26,1,1768578083,1774203484,0
LTE,310,260,43906,26656524,0,-86.8284,35.8601,1000,1,1,1768513595,1768513595,0
LTE,310,260,43907,7976706,0,-86.3231,36.2181,1000,1,1,1768558600,1768558600,0
LTE,310,410,8846,41733035,0,-87.4704,36.9374,1000,3,1,1768561489,1779922502,0
LTE,310,410,8846,41867180,0,-87.4749,36.8327,1000,1,1,1768566492,1768566492,0
LTE,310,410,8195,39265559,0,-87.1815,36.6453,1000,1,1,1768569012,1768569012,0
LTE,310,410,8838,41860013,0,-86.7763,36.1536,1000,15,1,1768576488,1772487484,0
LTE,310,410,8856,41739958,0,-86.486,35.971,1000,1,1,1768578744,1768578744,0
LTE,310,260,30507,68136973,0,-85.1123,35.3817,1000,1,1,1768603919,1768603919,0
LTE,310,410,20993,41240501,0,-88.8892,35.066,1000,1,1,1768605313,1768605313,0
LTE,310,260,43003,7191328,0,-88.1836,37.0619,1000,1,1,1768633228,1768633228,0
LTE,310,260,43003,8663051,0,-88.7331,36.6396,1000,1,1,1768635691,1768635691,0
LTE,310,260,43003,8663042,0,-88.7097,36.5524,1000,1,1,1768635750,1768635750,0
LTE,310,410,8197,39197961,0,-88.8104,36.5884,2416,5,1,1768635947,1779922630,0
LTE,310,260,43777,6866750,-1,-86.631,36.3013,3668,22,1,1768711862,1769614442,0
LTE,310,260,43777,6867517,-1,-86.6396,36.2914,1000,6,1,1768711945,1768773903,0
NR,310,260,11206912,4565884950,-1,-86.6079,36.3085,1000,8,1,1768702578,1774191601,0
NR,310,260,11206912,4565884949,-1,-86.6046,36.3136,1000,13,1,1768702593,1768920605,0
LTE,310,260,43907,162798593,0,-85.9219,35.2356,1000,1,1,1768803550,1768803550,0
LTE,310,260,43907,7976716,0,-86.3226,36.2171,1000,1,1,1768815679,1768815679,0
LTE,310,260,43906,6997309,-1,-86.704,36.2878,1000,6,1,1768773565,1769129581,0
LTE,310,260,43907,30144003,-1,-86.5501,36.341,1000,1,1,1768807915,1768807915,0
LTE,310,260,43777,7666445,-1,-86.4676,36.4193,1000,2,1,1768808685,1768920605,0
NR,310,260,11206912,4301709313,-1,-86.7024,36.2876,1000,12,1,1768774401,1769129587,0
NR,310,260,11206912,4319731715,-1,-86.7011,36.2938,1000,21,1,1768774431,1769661425,0
NR,310,260,11207168,4356436271,-1,-86.5593,36.5796,1000,1,1,1768878579,1768878579,0
LTE,310,410,20993,41222839,0,-88.46,35.7182,1000,1,1,1768865753,1768865753,0
LTE,310,410,8838,41751221,0,-86.8232,36.1411,1000,1,1,1768911679,1768911679,0
LTE,310,410,8838,42635273,0,-86.7644,36.1441,1000,1,1,1768913972,1768913972,0
NR,310,260,11207168,4301688833,-1,-86.7176,36.3698,2622,30,1,1769008357,1769661425,0
NR,310,260,11207168,4301688853,-1,-86.7135,36.3567,1000,3,1,1769008796,1769063105,0
NR,310,260,11206912,4446711830,-1,-86.7017,36.325,1000,2,1,1769009105,1769063105,0
NR,310,260,11206912,4446711810,-1,-86.7044,36.3252,1000,14,1,1769009364,1769592426,0
NR,310,260,11206912,4302127105,-1,-86.7021,36.3184,1090,14,1,1769009389,1769592426,0
NR,310,260,11206912,4302385455,-1,-86.6617,36.3088,1000,3,1,1769010831,1769063106,0
NR,310,260,11206912,4442386453,-1,-86.6461,36.3035,1000,1,1,1769010913,1769010913,0
NR,310,260,11206912,4302332207,-1,-86.6275,36.268,1000,8,1,1769013181,1769063106,0
NR,310,260,11206912,4302332217,-1,-86.6259,36.2606,1000,12,1,1769013324,1769063106,0
NR,310,260,11206912,4301390135,-1,-86.6262,36.2552,1000,4,1,1769013340,1769063106,0
NR,310,260,11206912,4302331925,-1,-86.6226,36.2862,1000,2,1,1769013865,1769063106,0
LTE,310,260,43907,98457869,0,-86.281,36.2715,1000,1,1,1768958413,1768958413,0
LTE,310,260,43003,7967490,0,-88.8423,36.5294,1000,1,1,1768964381,1768964381,0
LTE,310,260,43777,104682764,0,-86.6867,36.2049,1000,1,1,1769020169,1769020169,0
LTE,310,260,43777,6397245,-1,-86.6983,36.2995,1000,14,1,1769033099,1769261221,0
LTE,310,260,43906,26252863,-1,-86.6909,36.3034,1000,13,1,1769033130,1770163562,0
LTE,310,260,43906,26252862,-1,-86.6824,36.3077,1363,30,1,1769033160,1770163562,0
LTE,310,260,43777,6873919,-1,-86.6635,36.3085,1129,45,1,1769033222,1769261222,0
LTE,310,260,42881,13240894,-1,-86.4545,36.8593,1590,9,1,1769066923,1769129584,0
LTE,310,260,43777,7313983,-1,-86.5796,36.6132,1000,8,1,1769067748,1769129585,0
LTE,310,260,43907,98457662,-1,-86.586,36.5962,4937,15,1,1769067792,1769661422,0
LTE,310,260,43777,7084861,-1,-86.6967,36.4486,2372,26,1,1769082083,1769661423,0
LTE,310,260,43777,7084863,-1,-86.7169,36.422,1925,50,1,1769082205,1769661423,0
LTE,310,260,43777,7220285,-1,-86.7209,36.4085,1391,16,1,1769082272,1769129586,0
LTE,310,260,43777,7220286,-1,-86.7149,36.3849,1444,19,1,1769082368,1769129586,0
LTE,310,260,43777,7657278,-1,-86.7157,36.3802,2211,14,1,1769082467,1769661424,0
LTE,310,260,43777,6869054,-1,-86.7152,36.344,1111,20,1,1769082566,1769129587,0
LTE,310,260,43906,104649533,-1,-86.7086,36.3307,1000,7,1,1769082666,1769129586,0
LTE,310,260,43906,104649534,-1,-86.705,36.3234,1000,9,1,1769082701,1769129586,0
LTE,310,260,43906,6870077,-1,-86.7019,36.3165,1000,5,1,1769082748,1769129587,0
LTE,310,260,43906,6870078,-1,-86.7019,36.3122,1000,3,1,1769082773,1769129586,0
LTE,310,260,43777,6871869,-1,-86.703,36.3067,1000,5,1,1769082788,1769129587,0
LTE,310,260,43906,6870079,-1,-86.704,36.3078,1000,10,1,1769086081,1769129587,0
NR,310,260,11207168,4321632257,-1,-86.5562,36.6221,1000,14,1,1769059118,1769129587,0
NR,310,260,11207168,4321632259,-1,-86.57,36.6336,1549,22,1,1769059188,1769129588,0
NR,310,260,11008768,4426035202,-1,-86.5641,36.6548,1258,11,1,1769059323,1769129588,0
NR,310,260,11008768,4426035201,-1,-86.5545,36.6673,1000,6,1,1769059388,1769129588,0
LTE,310,410,8840,42944439,0,-86.8662,36.2234,1000,1,1,1769042462,1769042462,0
LTE,310,410,8836,41738677,0,-87.097,36.0878,1000,1,1,1769043669,1769043669,0
LTE,310,410,20992,41332745,0,-88.8127,35.6703,1000,1,1,1769055327,1769055327,0
LTE,310,260,32770,70158604,0,-88.2135,35.7679,1000,1,1,1769055370,1769055370,0
LTE,310,410,20993,41303824,0,-88.6344,35.7139,1000,1,1,1769056704,1769056704,0
LTE,310,410,20993,41303991,0,-88.6868,35.6863,1000,1,1,1769056791,1769056791,0
LTE,310,260,43777,6866751,-1,-86.6572,36.3063,1237,6,1,1769090817,1769261222,0
LTE,310,260,43777,6866749,-1,-86.6476,36.304,1000,13,1,1769090912,1769261222,0
LTE,310,260,43777,7085375,-1,-86.6656,36.4609,1000,20,1,1769161457,1769661423,0
NR,310,260,11207168,4520845314,-1,-86.6417,36.5119,1000,2,1,1769164755,1769208062,0
LTE,310,410,8839,41953453,0,-85.9041,35.2996,1000,1,1,1769109820,1769109820,0
LTE,310,410,8837,41936309,0,-86.0809,35.4825,1000,1,1,1769111059,1769111059,0
LTE,310,410,20993,41240503,0,-88.9675,35.0388,1000,1,1,1769118752,1769118752,0
LTE,310,410,20992,41332744,0,-88.7844,35.6801,1000,1,1,1769144160,1769144160,0
LTE,310,410,20992,41335981,0,-88.7807,35.8885,1000,1,1,1769152377,1769152377,0
NR,310,260,11207168,4369354755,-1,-86.714,36.4252,1658,22,1,1769205181,1769592426,0
NR,310,260,11207168,4395048961,-1,-86.722,36.406,1000,9,1,1769205278,1769261223,0
NR,310,260,11207168,4395048962,-1,-86.7153,36.3867,1456,19,1,1769205324,1769261223,0
NR,310,260,11207168,4424593410,-1,-86.7146,36.3747,3045,25,1,1769205422,1769661425,0
NR,310,260,11207168,4301688834,-1,-86.7169,36.3475,1108,31,1,1769205504,1769661425,0
NR,310,260,11206912,4446711809,-1,-86.7113,36.3362,1006,18,1,1769205549,1769661425,0
NR,310,260,11206912,4302266369,-1,-86.7038,36.3107,1000,7,1,1769205704,1769592426,0
NR,310,260,11206912,4302127107,-1,-86.7033,36.3062,1000,24,1,1769205739,1769661425,0
NR,310,260,11206912,4565884929,-1,-86.5895,36.3125,1000,1,1,1769212028,1769212028,0
LTE,310,410,8848,43017901,0,-86.712,36.3237,1000,1,1,1769385517,1769385517,0
LTE,310,410,8848,41770925,0,-86.7159,36.2647,1000,1,1,1769386771,1769386771,0
LTE,310,260,43777,6994192,0,-86.7113,36.2475,1000,1,1,1769402406,1769402406,0
LTE,310,410,8852,41793463,0,-86.7725,36.3961,1000,1,1,1769430568,1769430568,0
NR,310,260,11207168,4302491650,-1,-86.5656,36.3276,1000,2,1,1769222523,1769592425,0
NR,310,260,11207168,4412276737,-1,-86.7216,36.4036,1000,2,1,1769550271,1769592426,0
NR,310,260,11206912,4346343425,-1,-86.7177,36.3979,1000,1,1,1769550297,1769550297,0
LTE,310,260,43907,104379711,-1,-86.4816,36.4846,1000,3,1,1769571957,1769614444,0
NR,310,260,11206912,4346372097,-1,-86.4676,36.4588,1000,2,1,1769571804,1769614445,0
NR,310,260,11207168,4356435970,-1,-86.4783,36.48,1000,10,1,1769571905,1769614445,0
LTE,310,260,43777,7218237,-1,-86.7223,36.4064,1000,9,1,1769618273,1769661424,0
NR,310,260,11206912,4302266370,-1,-86.6985,36.2976,1000,3,1,1769618920,1769661425,0
LTE,310,410,20992,41352109,0,-88.891,36.5112,1000,1,1,1769655474,1769655474,0
LTE,310,260,43907,162728451,0,-86.4426,35.9443,1000,1,1,1769878794,1769878794,0
LTE,310,410,8848,41770933,0,-86.6905,36.2641,1000,1,1,1769884256,1769884256,0
LTE,310,260,43907,50505218,0,-86.3019,35.5167,1000,1,1,1769895677,1769895677,0
LTE,310,260,43906,161143308,-1,-86.6095,36.3069,1000,2,1,1769890985,1774200003,0
NR,310,260,11206912,4436381697,-1,-86.5896,36.2884,1083,37,1,1769628855,1770020345,0
NR,310,260,11206912,4301389825,-1,-86.5967,36.2904,1000,1,1,1769628896,1769628896,0
LTE,310,410,8834,41832457,0,-87.3296,36.6352,1000,2,1,1770120719,1773936482,0
LTE,310,410,8834,42682211,0,-87.2818,36.5991,1000,2,1,1770120946,1773936241,0
LTE,310,410,8834,43025935,0,-87.241,36.5428,1000,1,1,1770121204,1770121204,0
LTE,310,410,8847,42603190,0,-87.1891,36.5032,1419,3,1,1770121405,1773837601,0
LTE,310,410,8840,42598828,0,-86.7803,36.2287,1000,2,1,1770123569,1770123781,0
LTE,310,410,8840,41743533,0,-86.7628,36.2322,1516,2,1,1770123720,1785407464,0
LTE,310,410,8838,41745323,0,-86.7704,36.1738,1000,2,1,1770124111,1773840061,0
LTE,310,410,8838,43196843,0,-86.7712,36.1451,1944,7,1,1770124185,1772487484,0
LTE,310,410,8838,41741485,0,-86.7327,36.1412,1000,2,1,1770124351,1785406861,0
LTE,310,410,8838,42886665,0,-86.7213,36.0804,1000,2,1,1770124848,1770124921,0
LTE,310,410,8838,42886668,0,-86.7248,36.0801,1000,1,1,1770124879,1770124879,0
LTE,310,410,8833,41755160,0,-86.783,36.038,1000,1,1,1770125649,1770125649,0
LTE,310,410,8833,43053322,0,-86.8183,35.9363,1000,1,1,1770126066,1770126066,0
LTE,310,410,8856,43240208,0,-86.8261,35.9043,1000,1,1,1770126194,1770126194,0
LTE,310,410,8856,42810127,0,-86.8679,35.7562,1000,1,1,1770126805,1770126805,0
LTE,310,410,8856,42810132,0,-86.8687,35.7543,1000,1,1,1770126813,1770126813,0
LTE,310,410,8856,42912685,0,-86.8724,35.7432,1000,1,1,1770126858,1770126858,0
LTE,310,410,8832,43307958,0,-86.8872,35.6851,1000,1,1,1770127092,1770127092,0
LTE,310,410,8832,43307926,0,-86.8925,35.6627,1000,1,1,1770127182,1770127182,0
LTE,310,410,8832,43215296,0,-86.8857,35.4558,1000,1,1,1770128006,1770128006,0
LTE,310,410,8832,41758744,0,-86.8856,35.2474,1192,2,1,1770128836,1770128941,0
LTE,310,260,43003,7515169,0,-88.3783,36.8408,1000,1,1,1770065268,1770065268,0
LTE,310,410,8840,43064586,0,-86.8675,36.2116,1000,1,1,1770086961,1770086961,0
LTE,310,260,43906,6383893,0,-86.694,36.1453,1000,1,1,1770127623,1770127623,0
LTE,310,410,20993,41401872,0,-88.464,35.7662,1000,1,1,1770173227,1770173227,0
LTE,310,410,20992,41354769,0,-88.8772,35.8907,1000,1,1,1770194517,1770194517,0
LTE,310,410,8837,41786550,0,-86.4287,35.8469,1000,1,1,1770295857,1770295857,0
UMTS,310,260,30499,223631894,0,-85.0262,35.446,1000,1,1,1770488651,1770488651,0
LTE,310,260,43905,42720771,0,-85.0863,36.0249,1000,1,1,1770604684,1770604684,0
LTE,310,260,43905,8613123,0,-85.0863,36.0249,1000,1,1,1770604818,1770604818,0
LTE,310,260,44028,8558593,0,-85.3039,36.1314,4580,3,1,1770605387,1777607569,0
LTE,310,260,44028,8572931,0,-85.2621,36.135,1461,3,1,1770605447,1781807048,0
LTE,310,260,44028,8558594,0,-85.3383,36.1291,6801,3,1,1770605588,1781807402,0
LTE,310,260,43907,164840717,0,-86.2138,36.194,9718,22,1,1770608274,1788291486,0
UMTS,310,260,30507,42456341,0,-85.1837,35.2186,1000,1,1,1770490581,1770490581,0
UMTS,310,410,9101,42924049,0,-85.2043,35.072,1000,1,1,1770494571,1770494571,0
UMTS,310,260,30499,68217110,0,-85.0866,35.043,1000,1,1,1770495643,1770495643,0
LTE,310,410,8195,39333568,0,-86.3876,36.8432,1000,1,1,1770572469,1770572469,0
LTE,310,410,8840,41834166,0,-86.9299,36.0854,1000,1,1,1770604686,1770604686,0
LTE,310,410,8852,43216045,0,-86.2927,36.1903,1000,1,1,1770700429,1770700429,0
LTE,310,410,8852,41853612,0,-86.2986,36.1799,1000,1,1,1770700474,1770700474,0
LTE,310,410,8848,43087031,0,-86.6545,36.1659,1000,1,1,1770701523,1770701523,0
LTE,310,410,20992,41335825,0,-88.8496,35.9108,1000,1,1,1770702054,1770702054,0
LTE,310,410,8834,41765036,0,-87.2656,36.5766,1000,2,1,1770720883,1773837181,0
LTE,310,260,42881,109412353,0,-88.655,37.0577,1000,1,1,1770726419,1770726419,0
LTE,310,410,8833,41824439,0,-86.6771,36.0734,1000,1,1,1770774757,1770774757,0
LTE,310,410,20993,43458319,0,-88.4704,35.7592,1000,1,1,1770788431,1770788431,0
LTE,310,410,9101,42264020,0,-85.1857,35.0833,1000,1,1,1770932671,1770932671,0
LTE,310,410,8846,41731607,0,-87.2126,36.0874,1000,1,1,1770954224,1770954224,0
LTE,310,260,32770,3263775,0,-88.8897,35.0677,1000,1,1,1771023188,1771023188,0
LTE,310,410,20993,43313078,0,-88.6377,35.0112,1000,1,1,1771104080,1771104080,0
LTE,310,260,30499,43950594,0,-85.0864,35.0765,1000,1,1,1771177636,1771177636,0
LTE,310,410,8832,42878481,0,-86.8002,35.4509,1000,1,1,1771204338,1771204338,0
LTE,310,260,32770,2915093,0,-88.9748,35.774,1000,1,1,1771303874,1771303874,0
LTE,310,410,20992,43402760,0,-88.8433,35.8743,1000,1,1,1771305158,1771305158,0
LTE,310,260,30211,223663617,0,-85.7142,35.1089,1000,1,1,1771325600,1771325600,0
LTE,310,260,30499,223432971,0,-85.2635,35.0792,1000,1,1,1771350732,1771350732,0
LTE,310,260,42881,158262019,0,-88.5192,36.9995,1000,1,1,1771418132,1771418132,0
LTE,310,410,8838,42635274,0,-86.7664,36.1481,1000,1,1,1771432344,1771432344,0
LTE,310,410,8837,41836311,0,-86.412,36.0072,1000,1,1,1771438426,1771438426,0
LTE,310,410,20992,41356040,0,-88.7497,35.9423,1000,1,1,1771490444,1771490444,0
LTE,310,260,43907,46796299,0,-87.9311,36.0817,1000,1,1,1771505964,1771505964,0
LTE,310,260,43777,6778892,0,-86.8703,36.0996,1000,1,1,1771516315,1771516315,0
LTE,310,260,30211,223550487,-1,-85.416,35.2796,1000,1,1,1771634729,1771634729,0
LTE,310,410,8846,42616491,0,-88.6759,35.9749,1000,1,1,1771580590,1771580590,0
LTE,310,410,8856,42620182,0,-86.7246,35.8129,1000,1,1,1771622396,1771622396,0
LTE,310,410,8832,42942389,0,-86.8614,35.0826,1000,1,1,1771627648,1771627648,0
LTE,310,410,20993,43288337,0,-88.9295,35.0807,1000,1,1,1771629383,1771629383,0
LTE,310,410,20992,43269647,0,-88.8091,35.8341,1000,1,1,1771642722,1771642722,0
LTE,310,260,32770,75052053,0,-88.8719,35.8846,1000,1,1,1771643015,1771643015,0
LTE,310,260,43907,8293409,0,-88.164,36.0427,1000,1,1,1771756898,1771756898,0
LTE,310,260,43907,158426881,0,-87.6406,36.0791,1000,1,1,1771763170,1771763170,0
LTE,310,410,8838,41732632,-1,-86.806,36.1562,1000,5,1,1771824079,1772408043,0
LTE,310,410,8838,43251095,-1,-86.7857,36.1554,500,37,1,1771825895,1771888806,0
LTE,310,410,8838,42635445,-1,-86.753,36.1518,1000,6,1,1771831319,1771888802,0
LTE,310,410,8838,41741495,-1,-86.7299,36.1377,1387,22,1,1771831399,1786562581,0
LTE,310,410,8838,43251094,-1,-86.7829,36.1546,1000,4,1,1771849907,1772487486,0
LTE,310,410,8838,43251093,-1,-86.7834,36.1555,1000,8,1,1771851470,1771888807,0
LTE,310,410,8838,43251135,-1,-86.7793,36.1574,1000,12,1,1771852390,1771888806,0
LTE,310,410,8838,42706110,-1,-86.778,36.1575,1000,11,1,1771852480,1771888806,0
LTE,310,410,8838,42706109,-1,-86.7766,36.1558,1000,17,1,1771852530,1772487484,0
LTE,310,410,8838,42706128,-1,-86.7845,36.1578,1000,1,1,1771865601,1771865601,0
LTE,310,410,8838,42679587,-1,-86.8042,36.1505,1000,5,1,1771868091,1771888807,0
LTE,310,410,8838,42679651,-1,-86.8052,36.1518,1000,2,1,1771868131,1771888807,0
LTE,310,410,8838,43166912,-1,-86.806,36.1564,1000,1,1,1771868351,1771868351,0
LTE,310,410,8838,43012801,-1,-86.8058,36.1562,1000,1,1,1771868481,1771868481,0
LTE,310,410,8195,39333567,0,-86.4142,36.8837,1000,1,1,1771788636,1771788636,0
LTE,310,410,20992,41319085,0,-88.94,35.8263,1000,1,1,1771819786,1771819786,0
LTE,310,410,8846,41745579,0,-87.486,36.87,1000,1,1,1771850949,1771850949,0
LTE,310,410,8847,43147542,0,-87.0968,36.5866,1000,1,1,1771853425,1771853425,0
LTE,310,410,8852,41762486,0,-86.5337,36.2288,1000,1,1,1771901986,1771901986,0
LTE,310,410,20992,41274383,0,-88.9244,35.7777,1000,1,1,1771914603,1771914603,0
LTE,310,260,32770,19498006,0,-88.4632,36.0819,1000,1,1,1771920522,1771920522,0
LTE,310,410,20993,41240493,0,-88.9554,35.0595,1000,1,1,1771971911,1771971911,0
LTE,310,410,20993,41240491,0,-88.8908,35.0438,1000,1,1,1771973153,1771973153,0
LTE,310,260,32770,53727767,0,-88.8477,35.957,1000,1,1,1771993773,1771993773,0
LTE,310,260,43906,63869205,0,-87.0872,36.1247,1000,1,1,1772016926,1772016926,0
LTE,310,260,32770,19498007,0,-88.7142,36.052,1000,1,1,1772094253,1772094253,0
LTE,310,410,20992,41269769,0,-88.8742,35.6572,1000,3,1,1772150949,1779922632,0
LTE,310,410,20992,41319093,0,-88.9079,35.8225,1000,1,1,1772168488,1772168488,0
LTE,310,260,32770,3600150,0,-88.7586,35.9217,1000,1,1,1772169657,1772169657,0
LTE,310,410,20992,41356204,0,-88.7608,35.9295,1000,1,1,1772169724,1772169724,0
LTE,310,260,32770,158575363,0,-88.535,35.9641,1000,1,1,1772177955,1772177955,0
LTE,310,260,43906,6383885,0,-86.7015,36.1225,1000,1,1,1772205341,1772205341,0
LTE,310,410,8838,42706291,0,-86.7005,36.1384,1000,1,1,1772205913,1772205913,0
GSM,310,260,16082,9863,-1,-85.1635,35.0635,1000,1,1,1772222499,1772222499,0
LTE,310,260,30507,67964939,0,-85.053,35.0418,1000,1,1,1772223576,1772223576,0
LTE,310,410,20993,43312920,0,-88.8082,35.0539,1000,1,1,1772243099,1772243099,0
GSM,310,260,17571,31051,-1,-88.607,35.7168,1000,1,1,1772260831,1772260831,0
GSM,310,260,31403,10311,-1,-87.3171,35.9633,1000,1,1,1772284295,1772284295,0
LTE,310,410,8840,43142327,-1,-86.7633,36.1938,1000,1,1,1772376792,1772376792,0
LTE,310,410,8838,42631960,-1,-86.7867,36.1741,1000,18,1,1772384668,1772408042,0
LTE,310,410,8838,42602263,-1,-86.7893,36.1698,1000,6,1,1772384768,1772408042,0
LTE,310,410,8838,42705997,-1,-86.7821,36.1586,1000,10,1,1772384848,1772487481,0
LTE,310,410,8838,43251136,-1,-86.7841,36.1542,1000,3,1,1772385478,1772487486,0
LTE,310,410,8838,42574360,-1,-86.799,36.1586,1000,8,1,1772386548,1772408043,0
LTE,310,260,43907,103788289,0,-85.8084,36.1396,1000,1,1,1772363415,1772363415,0
LTE,310,260,44027,8525569,0,-85.7627,36.0925,4426,2,1,1772370414,1781808781,0
LTE,310,410,8838,42706100,-1,-86.7795,36.1546,1000,4,1,1772430775,1772487486,0
LTE,310,410,8838,41859864,-1,-86.7748,36.1534,500,30,1,1772430785,1772487486,0
LTE,310,410,8838,42635288,-1,-86.7688,36.1481,1000,18,1,1772430855,1772487481,0
LTE,310,410,8838,42635287,-1,-86.7635,36.1426,1000,21,1,1772430935,1772487482,0
LTE,310,410,8838,43196694,-1,-86.7609,36.1373,1000,21,1,1772430985,1772487482,0
LTE,310,410,8838,42635456,-1,-86.7649,36.1461,1000,3,1,1772431306,1772487482,0
LTE,310,410,8838,42635447,-1,-86.7668,36.1489,1000,14,1,1772431345,1772487482,0
LTE,310,410,8838,42705853,-1,-86.7737,36.1575,1000,7,1,1772431555,1772487484,0
LTE,310,410,8838,42705873,-1,-86.7703,36.1585,1000,20,1,1772431575,1772487485,0
LTE,310,410,8838,42705854,-1,-86.7674,36.1652,1000,14,1,1772431655,1772487482,0
LTE,310,410,8838,42635437,-1,-86.7716,36.1491,1000,10,1,1772433795,1773982419,0
LTE,310,410,8838,42635436,-1,-86.7759,36.1377,1000,9,1,1772433885,1772487484,0
LTE,310,410,8838,41728939,-1,-86.778,36.1344,1000,9,1,1772433915,1772487484,0
LTE,310,410,8838,41751725,-1,-86.7677,36.1574,1000,10,1,1772435015,1772487485,0
LTE,310,410,8838,41000316,-1,-86.7689,36.1583,1000,4,1,1772437205,1772487485,0
LTE,310,410,8838,41000318,-1,-86.7689,36.1585,1000,3,1,1772437235,1772487485,0
LTE,310,410,8838,41000332,-1,-86.7691,36.1588,1000,7,1,1772437315,1772487485,0
LTE,310,410,8838,41000334,-1,-86.7693,36.1588,1000,2,1,1772437775,1772487485,0
LTE,310,410,8838,43140031,-1,-86.7691,36.1576,1000,4,1,1772440576,1772487485,0
LTE,310,410,8838,43139989,-1,-86.767,36.1579,1000,5,1,1772453426,1772487485,0
LTE,310,410,8838,42705741,-1,-86.7709,36.1572,1000,2,1,1772456066,1772487485,0
LTE,310,410,8838,42651711,-1,-86.7823,36.1555,1000,12,1,1772456666,1772487486,0
LTE,310,410,8838,40982404,-1,-86.6666,36.1312,1000,1,1,1772464867,1772464867,0
LTE,310,410,9101,42260907,0,-85.2469,35.0698,1000,1,1,1772392908,1772392908,0
LTE,310,410,20992,43402924,0,-88.834,35.8285,1000,1,1,1772435405,1772435405,0
LTE,310,260,43906,6381571,0,-86.7614,36.1538,1000,5,1,1772469120,1788291484,0
LTE,310,260,43906,6381581,0,-86.7663,36.1451,1000,1,1,1772469166,1772469166,0
LTE,310,410,9101,43029717,0,-85.2697,35.0469,1000,1,1,1772485691,1772485691,0
LTE,310,410,9101,42263831,0,-85.1866,35.0855,1000,1,1,1772489552,1772489552,0
LTE,310,410,8846,41735862,0,-87.3793,36.0115,1000,1,1,1772516153,1772516153,0
LTE,310,410,20992,43402923,0,-88.8446,35.8734,1000,1,1,1772517997,1772517997,0
LTE,310,260,30507,73767691,0,-85.4241,35.0364,1000,1,1,1772538622,1772538622,0
LTE,310,260,30507,73767693,0,-85.4791,35.0419,1000,1,1,1772538674,1772538674,0
LTE,310,410,20992,43273231,0,-88.7554,35.9164,1000,1,1,1772603868,1772603868,0
LTE,310,410,8837,41775276,0,-86.3952,36.0396,1000,1,1,1772612192,1772612192,0
LTE,310,260,43907,164840707,0,-86.3211,36.1879,8249,3,1,1772628625,1788291485,0
LTE,310,410,8836,42983440,0,-86.9015,36.0583,1000,1,1,1772630794,1772630794,0
LTE,310,410,8840,41861303,0,-86.8802,36.1413,1000,1,1,1772658117,1772658117,0
LTE,310,410,20992,41301942,0,-88.9233,35.615,1000,1,1,1772664726,1772664726,0
LTE,310,410,20993,41303825,0,-88.6909,35.6886,1000,1,1,1772683546,1772683546,0
LTE,310,410,20992,41301941,0,-88.897,35.6586,1000,1,1,1772684267,1772684267,0
LTE,310,410,8838,41885100,0,-86.7704,36.0784,1000,1,1,1772733135,1772733135,0
LTE,310,410,9101,42361623,0,-85.2381,35.094,1000,1,1,1772757815,1772757815,0
LTE,310,410,8856,43398417,0,-86.5306,35.9413,1000,1,1,1772761217,1772761217,0
LTE,310,410,8848,43017743,0,-86.7112,36.3321,1000,1,1,1772774844,1772774844,0
LTE,310,410,8833,42939671,0,-86.7723,35.9618,1000,1,1,1772817667,1772817667,0
LTE,310,410,8846,42616501,0,-88.6666,35.979,1000,1,1,1772867324,1772867324,0
LTE,310,410,9108,42241707,0,-85.0577,35.0017,1000,1,1,1773006394,1773006394,0
LTE,310,410,20992,41221815,0,-88.9148,35.8392,1000,1,1,1773033743,1773033743,0
LTE,310,260,43906,8948227,0,-86.6895,36.1987,1000,2,1,1773148194,1773965945,0
GSM,310,260,31403,3072,-1,-87.5786,35.9231,1000,1,1,1773195226,1773195226,0
LTE,310,260,32827,18496033,0,-88.7756,35.6702,1000,1,1,1773203099,1773203099,0
LTE,310,260,30499,222892033,0,-85.2687,35.0462,1000,1,1,1773273572,1773273572,0
LTE,310,260,43906,6388486,0,-86.7328,36.0475,1000,1,1,1773331243,1773331243,0
LTE,310,260,43906,6388496,0,-86.7718,36.0434,1000,1,1,1773332472,1773332472,0
LTE,310,260,43906,50544909,0,-86.7464,36.0356,1000,1,1,1773332597,1773332597,0
LTE,310,410,20993,41240757,0,-88.1808,35.826,1000,1,1,1773407638,1773407638,0
LTE,310,260,32770,3263748,0,-88.9574,35.0657,1000,1,1,1773521626,1773521626,0
LTE,310,260,43907,158458124,0,-88.0408,36.0667,1000,1,1,1773558551,1773558551,0
LTE,310,260,44029,7215105,0,-87.6092,35.9111,1350,5,1,1773627644,1788291442,0
LTE,310,410,9101,43472852,0,-85.3307,35.0516,1000,1,1,1773688705,1773688705,0
LTE,310,260,43777,6791179,0,-86.8659,36.1827,1000,1,1,1773691409,1773691409,0
LTE,310,410,20993,41240584,0,-88.1817,35.8204,1000,1,1,1773700396,1773700396,0
LTE,310,410,8837,42635018,0,-86.2438,35.6046,1962,4,1,1773707740,1785402661,0
GSM,310,260,31403,3021,-1,-87.1369,36.0996,1000,1,1,1773712847,1773712847,0
LTE,310,410,8846,41848087,0,-87.8007,35.882,1000,1,1,1773715549,1773715549,0
LTE,310,260,32770,19505165,0,-88.5559,35.8992,1000,1,1,1773721661,1773721661,0
LTE,310,260,30507,73767683,0,-85.4769,35.0398,1000,1,1,1773742860,1773742860,0
LTE,310,410,8846,41775638,0,-87.3459,36.0632,1000,1,1,1773749603,1773749603,0
LTE,310,410,8846,41816491,0,-87.4586,37.0097,1000,1,1,1773834606,1773834606,0
LTE,310,410,8846,42999823,0,-87.4696,36.8894,1571,4,1,1773835026,1773835141,0
LTE,310,410,8846,43224513,0,-87.4695,36.8899,1187,2,1,1773835038,1773835141,0
LTE,310,410,8846,42999826,0,-87.4725,36.8665,1000,1,1,1773835175,1773835175,0
LTE,310,410,8834,43070479,0,-87.3726,36.6592,1000,1,1,1773836665,1773836665,0
LTE,310,410,8834,43070655,0,-87.3609,36.652,1000,2,1,1773836698,1773836761,0
LTE,310,410,8834,43112465,0,-87.357,36.6505,1000,2,1,1773836711,1773836761,0
LTE,310,410,8834,43112464,0,-87.3278,36.6341,1000,1,1,1773836836,1773836836,0
LTE,310,410,8834,43112463,0,-87.3243,36.6327,1000,1,1,1773836848,1773836848,0
LTE,310,410,8834,43068863,0,-87.2872,36.6046,1000,2,1,1773836980,1773837061,0
LTE,310,410,8834,41746093,0,-87.2554,36.5662,1000,1,1,1773837188,1773837188,0
LTE,310,410,8834,41746091,0,-87.2461,36.5485,1000,1,1,1773837261,1773837261,0
LTE,310,410,8834,41746092,0,-87.2399,36.5409,1000,1,1,1773837294,1773837294,0
LTE,310,410,8834,41760171,0,-87.2199,36.5238,1000,1,1,1773837386,1773837386,0
LTE,310,410,8847,42628781,0,-87.1593,36.4862,1000,2,1,1773837591,1782918121,0
LTE,310,260,43777,7287553,0,-87.5021,36.8641,1000,10,1,1773837679,1788452101,0
LTE,310,410,8847,42628779,0,-87.1158,36.4605,1000,2,1,1773837790,1782918242,0
LTE,310,410,8847,42628780,0,-87.1044,36.453,1000,2,1,1773837837,1782918302,0
LTE,310,410,8840,42972440,0,-86.9503,36.3599,1000,1,1,1773838439,1773838439,0
LTE,310,410,8840,42972439,0,-86.9339,36.3496,1000,1,1,1773838510,1773838510,0
LTE,310,410,8840,41772311,0,-86.7997,36.2767,1000,1,1,1773839105,1773839105,0
LTE,310,410,8840,42598678,0,-86.786,36.2537,1000,1,1,1773839206,1773839206,0
LTE,310,410,8840,42982928,0,-86.7766,36.2057,1000,1,1,1773839853,1773839853,0
LTE,310,410,8838,43222465,0,-86.7553,36.1528,1000,1,1,1773840248,1773840248,0
LTE,310,410,8838,41828524,0,-86.6883,36.0677,1000,3,1,1773840717,1786681885,0
LTE,310,410,8833,41775533,0,-86.6708,36.0522,1000,2,1,1773840789,1785406442,0
LTE,310,410,8833,43055376,0,-86.6461,36.0372,1000,1,1,1773840896,1773840896,0
LTE,310,410,8833,42599176,0,-86.58,35.9839,1000,3,1,1773841172,1786560001,0
LTE,310,410,8837,42602134,0,-86.3794,35.7941,1926,3,1,1773842222,1773931141,0
LTE,310,410,8837,42897813,0,-86.319,35.7201,11607,3,1,1773842241,1773842942,0
LTE,310,410,8837,42857366,0,-86.3531,35.7608,1593,2,1,1773842253,1773842401,0
LTE,310,410,8837,42897815,0,-86.2457,35.6309,1000,1,1,1773842937,1773842937,0
LTE,310,410,8837,42897814,0,-86.2418,35.6208,1000,1,1,1773842980,1773842980,0
LTE,310,410,8837,41839895,0,-86.2397,35.5977,1000,1,1,1773843072,1773843072,0
LTE,310,410,8837,42635017,0,-86.2366,35.5739,2721,5,1,1773843147,1785402541,0
LTE,310,410,8837,42623498,0,-86.1043,35.5082,1000,1,1,1773843666,1773843666,0
LTE,310,410,8839,42358189,0,-85.85,35.2522,15547,5,1,1773848204,1782925981,0
LTE,310,260,43777,7287613,0,-87.5003,36.8631,1000,2,1,1773850489,1778698741,0
LTE,310,410,9101,42246680,0,-85.2945,35.0187,1000,1,1,1773852214,1773852214,0
LTE,310,410,9101,42246678,0,-85.2804,35.0163,1000,1,1,1773852289,1773852289,0
LTE,310,410,9101,42343350,0,-85.2572,35.0515,1000,1,1,1773783170,1773783170,0
LTE,310,410,20992,43317776,0,-88.9063,35.6129,1000,1,1,1773809182,1773809182,0
LTE,310,410,9101,42864597,0,-85.2557,35.0173,1000,1,1,1773924321,1773924321,0
LTE,310,410,9101,42916820,0,-85.346,35.027,1000,2,1,1773924739,1773924782,0
LTE,310,410,8839,41953493,0,-85.8918,35.2895,1008,2,1,1773928512,1777005286,0
LTE,310,410,8837,42933655,0,-86.0579,35.4701,1000,1,1,1773929424,1773929424,0
LTE,310,410,8837,41840063,0,-86.2405,35.6556,3333,3,1,1773930433,1786558322,0
LTE,310,410,8837,41839894,0,-86.2777,35.6775,2420,2,1,1773930447,1774153298,0
LTE,310,410,8837,42623926,0,-86.3521,35.7604,2119,4,1,1773930857,1785403443,0
LTE,310,410,8837,43231926,0,-86.3567,35.7655,1000,1,1,1773930946,1773930946,0
LTE,310,410,8837,42602135,0,-86.3949,35.8108,1000,1,1,1773931157,1773931157,0
LTE,310,410,8837,43067797,0,-86.4135,35.8278,1000,1,1,1773931244,1773931244,0
LTE,310,410,8837,43066384,0,-86.4296,35.8424,1000,1,1,1773931319,1773931319,0
LTE,310,410,8833,42599349,0,-86.5792,35.9837,1000,1,1,1773932037,1773932037,0
LTE,310,410,8833,42599351,0,-86.5994,35.9976,1000,2,1,1773932085,1786560122,0
LTE,310,410,8833,41729974,0,-86.6095,36.0047,1000,2,1,1773932149,1786560122,0
LTE,310,410,8838,41750967,0,-86.7139,36.1017,1000,2,1,1773932885,1782921121,0
LTE,310,410,8838,42635279,0,-86.7558,36.1533,1000,1,1,1773933377,1773933377,0
LTE,310,410,8838,43025302,0,-86.762,36.1636,1000,1,1,1773933438,1773933438,0
LTE,310,410,8838,43025303,0,-86.7662,36.1691,1000,1,1,1773933470,1773933470,0
LTE,310,410,8838,43088789,0,-86.7702,36.1739,1000,1,1,1773933503,1773933503,0
LTE,310,410,8838,42823952,0,-86.7699,36.1753,1000,2,1,1773933516,1784694812,0
LTE,310,410,8840,41772470,0,-86.7887,36.2614,1000,1,1,1773933908,1773933908,0
LTE,310,410,8840,41772469,0,-86.8024,36.2798,1000,1,1,1773934127,1773934127,0
LTE,310,410,8840,41772471,0,-86.8041,36.2815,1000,1,1,1773934153,1773934153,0
LTE,310,410,8847,42603017,0,-87.1887,36.5036,1532,4,1,1773935737,1782918001,0
LTE,310,410,8846,41832876,0,-87.5118,36.7446,1000,2,1,1773937304,1773937383,0
LTE,310,410,8197,39239432,0,-87.7644,36.8994,1000,1,1,1773938746,1773938746,0
LTE,310,410,8197,39240640,0,-87.8347,36.9455,1000,1,1,1773939032,1773939032,0
LTE,310,410,8197,39214088,0,-88.3131,37.0098,1823,3,1,1773940861,1773941041,0
LTE,310,410,8197,39214229,0,-88.3356,36.9925,1000,1,1,1773941022,1773941022,0
LTE,310,410,8197,39214230,0,-88.3459,36.9762,1000,1,1,1773941102,1773941102,0
LTE,310,410,8197,40475285,0,-88.3465,36.9728,1000,1,1,1773941115,1773941115,0
LTE,310,410,8197,39212297,0,-88.3653,36.8319,3000,4,1,1773941612,1773942001,0
LTE,310,410,8197,39196343,0,-88.3672,36.8201,1000,1,1,1773941889,1773941889,0
LTE,310,410,8197,39195914,0,-88.3365,36.795,1000,1,1,1773942044,1773942044,0
LTE,310,410,8197,39211435,0,-88.3339,36.7928,1000,1,1,1773942057,1773942057,0
LTE,310,410,8197,39196363,0,-88.3272,36.7873,1000,1,1,1773942089,1773942089,0
LTE,310,410,8197,40681231,0,-88.3111,36.7489,3499,2,1,1773942128,1773942421,0
LTE,310,410,8197,40681203,0,-88.3165,36.7718,1000,1,1,1773942164,1773942164,0
LTE,310,410,8197,40492047,0,-88.3027,36.7019,1000,2,1,1773942429,1773942541,0
LTE,310,410,8197,39205384,0,-88.3031,36.6872,1000,2,1,1773942496,1773942541,0
LTE,310,410,8197,39204874,0,-88.3028,36.6788,1000,1,1,1773942547,1773942547,0
LTE,310,410,8197,40945584,0,-88.3139,36.628,1000,1,1,1773946267,1773946267,0
LTE,310,410,8197,40945581,0,-88.3151,36.622,1000,1,1,1773946377,1773946377,0
LTE,310,410,8197,39201481,0,-88.3153,36.6147,1000,2,1,1773946459,1773946501,0
LTE,310,410,8197,39204877,0,-88.3154,36.5996,1000,1,1,1773946577,1773946577,0
LTE,310,410,8197,39195570,0,-88.3285,36.4879,1000,1,1,1773947243,1773947243,0
LTE,310,410,8846,41966858,0,-88.3307,36.4725,1000,1,1,1773947309,1773947309,0
LTE,310,410,8846,41966088,0,-88.3338,36.3891,1043,2,1,1773947671,1773947761,0
LTE,310,410,8846,41966089,0,-88.3298,36.3428,1000,1,1,1773947946,1773947946,0
LTE,310,410,8846,41959103,0,-88.3259,36.3166,1000,1,1,1773948092,1773948092,0
LTE,310,410,8846,41959104,0,-88.3213,36.293,1000,1,1,1773948328,1773948328,0
LTE,310,410,8846,41961665,0,-88.3184,36.2924,1000,1,1,1773948341,1773948341,0
LTE,310,410,8846,41959597,0,-88.3121,36.2878,1000,1,1,1773948408,1773948408,0
LTE,310,410,8846,42806445,0,-88.2658,36.2573,1000,2,1,1773948732,1773948782,0
LTE,310,410,8846,41959853,0,-88.2012,36.2151,1079,2,1,1773949000,1773949142,0
LTE,310,410,8846,42806444,0,-88.2059,36.2198,1000,1,1,1773949017,1773949017,0
LTE,310,410,8846,43214346,0,-88.1133,35.9571,1000,1,1,1773950393,1773950393,0
LTE,310,410,8846,43214345,0,-88.1035,35.9157,1124,2,1,1773950529,1773950641,0
LTE,310,410,8846,43482304,0,-88.0762,35.8427,4835,17,1,1773952576,1779922813,0
LTE,310,260,43906,160285185,-1,-86.8803,35.0503,3014,18,1,1773920088,1785904232,0
LTE,310,260,44029,30142722,-1,-86.8837,35.0846,1000,2,1,1773920243,1773965941,0
LTE,310,260,44029,7085058,-1,-86.8809,35.1132,1199,13,1,1773920318,1778903324,0
LTE,310,260,44029,7085057,-1,-86.8788,35.1531,2792,23,1,1773920383,1773965941,0
LTE,310,260,44029,7299134,-1,-86.8743,35.1799,1000,13,1,1773920539,1773988383,0
LTE,310,260,44029,7298622,-1,-86.8722,35.1903,1000,2,1,1773920589,1773965941,0
LTE,310,260,44029,7299843,-1,-86.8865,35.2798,1939,22,1,1773920834,1773965942,0
LTE,310,260,43906,8115457,-1,-86.8791,35.3392,1000,9,1,1773921064,1773988382,0
LTE,310,260,43906,8115477,-1,-86.8817,35.3484,1000,11,1,1773921109,1773988382,0
LTE,310,260,43906,158679829,-1,-86.8962,35.6308,1000,1,1,1773922075,1773922075,0
LTE,310,260,44029,8105228,-1,-86.8775,35.7202,1000,1,1,1773922370,1773922370,0
LTE,310,260,43906,6386946,-1,-86.6956,36.1797,1000,2,1,1773925859,1773965945,0
LTE,310,260,43777,104682753,-1,-86.6936,36.222,1000,2,1,1773926049,1773965945,0
LTE,310,260,43906,6386702,-1,-86.7475,36.2319,1000,3,1,1773926315,1773965946,0
LTE,310,260,43906,6386699,-1,-86.7468,36.225,1000,8,1,1773926330,1773965946,0
NR,310,260,11271424,4422480173,-1,-86.7788,36.0454,1082,23,1,1773923977,1773988391,0
NR,310,260,11206912,4444565807,-1,-86.7744,36.0558,1000,14,1,1773924067,1773988391,0
NR,310,260,11206912,4444565805,-1,-86.77,36.069,1017,23,1,1773924102,1773988391,0
NR,310,260,11206912,4420862253,-1,-86.7639,36.0832,1000,13,1,1773924182,1773988391,0
NR,310,260,11206912,4301394223,-1,-86.7631,36.0943,1216,13,1,1773924202,1773988391,0
NR,310,260,11206912,4301394222,-1,-86.7595,36.0964,1119,11,1,1773924217,1773965952,0
NR,310,260,11206912,4301394221,-1,-86.7651,36.1049,1301,20,1,1773924287,1773988391,0
NR,310,260,11206912,4429758767,-1,-86.7555,36.108,1000,10,1,1773924367,1773965952,0
NR,310,260,11206912,4301472047,-1,-86.7495,36.1111,1000,8,1,1773924467,1773965952,0
NR,310,260,11206912,4301472057,-1,-86.7447,36.1108,1000,14,1,1773924522,1773965952,0
NR,310,260,11206912,4301472056,-1,-86.7361,36.1101,1000,10,1,1773925314,1773965952,0
NR,310,260,11206912,4302311735,-1,-86.7351,36.11,1000,1,1,1773925344,1773925344,0
NR,310,260,11206912,4328485177,-1,-86.7295,36.1096,1000,4,1,1773925369,1773965952,0
NR,310,260,11206912,4328485167,-1,-86.7172,36.115,2280,3,1,1773925444,1773965953,0
NR,310,260,11206912,4319674671,-1,-86.7258,36.109,1000,2,1,1773925459,1773965953,0
NR,310,260,11206912,4301463855,-1,-86.7231,36.1092,1000,2,1,1773925469,1773965952,0
NR,310,260,11206912,4301463853,-1,-86.7121,36.1122,1000,15,1,1773925479,1773965953,0
NR,310,260,11206912,4397482287,-1,-86.7022,36.1173,1000,1,1,1773925559,1773925559,0
NR,310,260,11206912,4397482285,-1,-86.6976,36.1213,1000,10,1,1773925564,1773965953,0
NR,310,260,11206912,4328485165,-1,-86.6974,36.1338,1000,13,1,1773925619,1773965953,0
NR,310,260,11206912,4301459759,-1,-86.6981,36.1433,1000,5,1,1773925694,1773965953,0
NR,310,260,11206912,4301459757,-1,-86.6908,36.1572,1497,7,1,1773925719,1773965953,0
NR,310,260,11206912,4415762734,-1,-86.6916,36.1542,1000,4,1,1773925744,1773965953,0
NR,310,260,11206912,4415762733,-1,-86.6904,36.1623,1000,8,1,1773925764,1773965953,0
NR,310,260,11206912,4302262575,-1,-86.689,36.1727,1000,2,1,1773925819,1773965953,0
NR,310,260,11206912,4436447535,-1,-86.6926,36.1761,1000,5,1,1773925829,1773965953,0
NR,310,260,11206912,4326175032,-1,-86.7538,36.1911,1000,9,1,1773926535,1773965953,0
NR,310,260,11206912,4302328121,-1,-86.7536,36.1849,1000,16,1,1773926670,1773988391,0
LTE,310,410,20992,43366927,0,-88.9242,35.8537,1000,1,1,1773894378,1773894378,0
LTE,310,260,44029,7911426,-1,-86.85,35.4022,6260,3,1,1773933725,1775188626,0
LTE,310,260,44029,7911427,-1,-86.8844,35.3718,1742,22,1,1773933735,1773988382,0
LTE,310,260,44029,7299074,-1,-86.8737,35.1831,1000,2,1,1773934501,1773988383,0
LTE,310,260,44029,7299094,-1,-86.8745,35.1801,1000,2,1,1773934516,1773988383,0
NR,310,260,11206912,4301422893,-1,-86.7664,36.1761,1000,1,1,1773930697,1773930697,0
NR,310,260,11206912,4301426989,-1,-86.7729,36.1246,1000,5,1,1773931083,1773988391,0
NR,310,260,11206912,4301426990,-1,-86.7734,36.117,1000,7,1,1773931113,1773988391,0
NR,310,260,11206912,4420862255,-1,-86.7673,36.0766,1000,3,1,1773931273,1773988391,0
NR,310,260,11271424,4341518637,-1,-86.7869,36.0083,1000,2,1,1773931513,1773988391,0
NR,310,260,11271424,4341518357,-1,-86.7906,36.0047,1000,1,1,1773931533,1773931533,0
NR,310,260,11271424,4301513006,-1,-86.789,36.0062,1000,1,1,1773931528,1773931528,0
NR,310,260,11271424,4422479875,-1,-86.7983,35.9923,1335,15,1,1773931538,1773988392,0
NR,310,260,11271424,4341518337,-1,-86.8034,35.9787,1000,2,1,1773931618,1773988391,0
NR,310,260,11271424,4341518338,-1,-86.8055,35.9727,1000,5,1,1773931628,1773988392,0
NR,310,260,11271424,4341518339,-1,-86.8085,35.964,1000,5,1,1773931658,1773988392,0
NR,310,260,11271424,4301385730,-1,-86.8127,35.9521,1000,9,1,1773931683,1773988392,0
NR,310,260,11271424,4346318850,-1,-86.8173,35.9388,1000,6,1,1773931723,1773988392,0
NR,310,260,11271424,4434984962,-1,-86.8161,35.9422,1000,1,1,1773931738,1773931738,0
NR,310,260,11271424,4438409217,-1,-86.8214,35.9269,1000,7,1,1773931773,1773988392,0
NR,310,260,11271424,4438409219,-1,-86.8249,35.9111,1052,12,1,1773931808,1773988392,0
NR,310,260,11271424,4524363779,-1,-86.8325,35.8491,1751,13,1,1773931988,1773988392,0
NR,310,260,11271424,4319686657,-1,-86.8327,35.8454,1000,6,1,1773932033,1773988392,0
NR,310,260,11271424,4319686658,-1,-86.8352,35.8279,1000,7,1,1773932094,1773988392,0
NR,310,260,11271424,4319686659,-1,-86.8425,35.8166,1446,9,1,1773932129,1773988392,0
NR,310,260,11271424,4319686660,-1,-86.8472,35.81,1000,4,1,1773932174,1773988392,0
NR,310,260,11271424,4302249986,-1,-86.8496,35.8068,1000,1,1,1773932194,1773932194,0
NR,310,260,11271424,4319686679,-1,-86.8537,35.8017,1000,5,1,1773932209,1773988392,0
NR,310,260,11271424,4319686969,-1,-86.8644,35.7742,7055,13,1,1773932234,1773988392,0
NR,310,260,11271424,4302131511,-1,-86.8627,35.7835,1000,3,1,1773932284,1773988392,0
NR,310,260,11271424,4357165367,-1,-86.8639,35.7759,1000,7,1,1773932304,1773988392,0
NR,310,260,11271424,4357165057,-1,-86.8666,35.7608,1030,13,1,1773932339,1773988392,0
NR,310,260,11271424,4319686959,-1,-86.871,35.7488,1000,4,1,1773932414,1773988392,0
NR,310,260,11271424,4357165358,-1,-86.8735,35.7386,1000,10,1,1773932434,1773988392,0
NR,310,260,11271424,4395045165,-1,-86.8759,35.7283,1000,4,1,1773932489,1773988392,0
NR,310,260,11271424,4395044865,-1,-86.8771,35.7231,1000,3,1,1773932509,1773988392,0
NR,310,260,11271424,4302323714,-1,-86.8778,35.72,1000,1,1,1773932524,1773932524,0
NR,310,260,11271424,4357165368,-1,-86.8785,35.7174,1000,3,1,1773932529,1773988392,0
NR,310,260,11271424,4395045175,-1,-86.8835,35.6987,1324,16,1,1773932564,1773988393,0
NR,310,260,11271424,4395045176,-1,-86.8918,35.6612,2838,34,1,1773932654,1773988393,0
NR,310,260,11271424,4417896759,-1,-86.8938,35.643,1000,1,1,1773932804,1773932804,0
NR,310,260,11271424,4538826753,-1,-86.901,35.6048,3332,21,1,1773932839,1773988393,0
NR,310,260,11271424,4417896449,-1,-86.8971,35.6288,1000,2,1,1773932854,1773988393,0
NR,310,260,11271424,4417896470,-1,-86.9006,35.6135,1000,1,1,1773932914,1773932914,0
NR,310,260,11271424,4538827053,-1,-86.901,35.6093,1000,5,1,1773932919,1773988393,0
NR,310,260,11271424,4538827063,-1,-86.9039,35.5823,1000,3,1,1773933019,1773988393,0
NR,310,260,11271424,4538826775,-1,-86.9043,35.5793,1000,1,1,1773933034,1773933034,0
NR,310,260,11271424,4538827055,-1,-86.9062,35.5663,1266,16,1,1773933039,1773988393,0
NR,310,260,11271424,4538826755,-1,-86.9084,35.5526,1000,3,1,1773933124,1773988393,0
NR,310,260,11271424,4333051905,-1,-86.9028,35.533,1916,18,1,1773933139,1773988393,0
NR,310,260,11271424,4333052206,-1,-86.8955,35.5103,1000,10,1,1773933260,1773988393,0
NR,310,260,11271424,4333051927,-1,-86.8921,35.4997,1000,4,1,1773933320,1773988393,0
NR,310,260,11271424,4557914413,-1,-86.8791,35.0268,1000,2,1,1773935066,1773988393,0
NR,310,260,11271424,4557914415,-1,-86.879,35.0096,1669,21,1,1773935076,1773988393,0
LTE,310,410,20993,41367313,0,-88.0907,35.8101,1000,1,1,1774003719,1774003719,0
LTE,310,410,20993,41367306,0,-88.0881,35.7871,1733,7,1,1774003787,1779922447,0
LTE,310,410,20993,41367305,0,-88.0906,35.7488,3972,9,1,1774003914,1779922447,0
LTE,310,410,20993,41281800,0,-88.1062,35.7221,3074,5,1,1774004079,1779922447,0
LTE,310,410,20993,43329807,0,-88.1075,35.7128,1252,3,1,1774004156,1774016881,0
LTE,310,410,20993,43329983,0,-88.1125,35.6967,3423,8,1,1774004212,1779922447,0
LTE,310,410,20993,43329985,0,-88.1219,35.6686,1000,3,1,1774004376,1779922447,0
LTE,310,410,20993,43329984,0,-88.1251,35.6496,1698,11,1,1774004396,1779922447,0
LTE,310,410,20993,43456266,0,-88.1236,35.6325,1000,1,1,1774004613,1774004613,0
LTE,310,410,20993,43456265,0,-88.1392,35.5438,4919,4,1,1774004876,1777034281,0
LTE,310,410,20993,41410824,0,-88.1304,35.5109,5079,8,1,1774005131,1777034221,0
LTE,310,410,20993,41272330,0,-88.1102,35.4822,3956,14,1,1774005353,1779922447,0
LTE,310,410,20993,41398792,0,-88.1169,35.4895,2733,5,1,1774005379,1777034161,0
LTE,310,410,20993,41272328,0,-88.065,35.4411,2517,10,1,1774005708,1779922447,0
LTE,310,410,20993,41285896,0,-88.0482,35.4182,1000,1,1,1774005929,1774005929,0
LTE,310,410,20993,42634513,0,-88.0463,35.3893,3668,11,1,1774005949,1779922446,0
LTE,310,410,20993,42634506,0,-88.0351,35.3886,3583,6,1,1774005962,1779922446,0
LTE,310,410,20993,42634504,0,-87.9957,35.3752,1000,1,1,1774006364,1774006364,0
LTE,310,410,20993,42634689,0,-88.0388,35.3873,3968,4,1,1774006692,1777033441,0
LTE,310,410,20993,41256719,0,-88.0421,35.3736,1000,1,1,1774006861,1774006861,0
LTE,310,410,20993,41272329,0,-88.0759,35.3566,11854,23,1,1774006897,1779922446,0
LTE,310,410,20993,41272336,0,-88.0676,35.3576,8353,13,1,1774006910,1779922446,0
LTE,310,410,20993,41399823,0,-88.0662,35.3609,1000,1,1,1774006969,1774006969,0
LTE,310,410,20993,41373631,0,-88.1235,35.3003,7667,4,1,1774007003,1774014301,0
LTE,310,410,20993,41373455,0,-88.1319,35.2924,6490,7,1,1774007107,1779922446,0
LTE,310,410,20993,43421448,0,-88.1172,35.3135,6519,10,1,1774007141,1779922446,0
LTE,310,410,20993,41285898,0,-88.1191,35.3125,4170,14,1,1774007180,1779922446,0
LTE,310,410,20993,41399816,0,-88.1143,35.3254,1000,1,1,1774007215,1774007215,0
LTE,310,410,20993,41286071,0,-88.1311,35.2972,1793,3,1,1774007313,1774014421,0
LTE,310,410,20993,41272081,0,-88.1942,35.208,7721,2,1,1774007495,1774008303,0
LTE,310,410,20993,41373633,0,-88.156,35.2516,1000,1,1,1774007567,1774007567,0
LTE,310,410,20993,41284287,0,-88.1585,35.2475,1000,1,1,1774007589,1774007589,0
LTE,310,410,20993,41373457,0,-88.1632,35.2441,1000,2,1,1774007621,1774014121,0
LTE,310,410,20993,41284104,0,-88.1797,35.2363,2267,9,1,1774007644,1777032661,0
LTE,310,410,20993,43421450,0,-88.1933,35.2064,7185,5,1,1774007667,1779922446,0
LTE,310,410,20993,41358600,0,-88.1891,35.2224,4912,9,1,1774007713,1777032721,0
LTE,310,410,20993,41399817,0,-88.1992,35.2173,3598,10,1,1774007759,1777032481,0
LTE,310,410,20993,41284105,0,-88.2086,35.1854,1455,5,1,1774008008,1779922446,0
LTE,310,410,20993,41358601,0,-88.2144,35.1739,2893,9,1,1774008078,1779922446,0
LTE,310,410,20993,41325320,0,-88.2162,35.1677,1981,11,1,1774008106,1779922446,0
LTE,310,410,20993,42890250,0,-88.2354,35.1498,1000,2,1,1774008279,1777031941,0
LTE,310,410,20993,41272074,0,-88.2544,35.1274,1807,3,1,1774008357,1777031761,0
LTE,310,410,20993,41272073,0,-88.2613,35.0867,5078,4,1,1774008545,1777031582,0
LTE,310,410,20993,41228298,0,-88.2684,35.0531,4067,10,1,1774008721,1777031521,0
LTE,310,410,20993,41333512,0,-88.2697,35.0502,3561,9,1,1774009014,1779922446,0
LTE,310,410,20993,41228481,0,-88.2719,35.0435,1000,4,1,1774010516,1777031221,0
LTE,310,410,20993,41333695,0,-88.2661,35.0539,3355,4,1,1774011004,1779922446,0
LTE,310,410,20993,41333526,0,-88.273,35.0464,4443,23,1,1774012421,1779922446,0
LTE,310,410,20993,41228312,0,-88.2698,35.0517,12427,23,1,1774012498,1779922446,0
LTE,310,410,20993,41272080,0,-88.2558,35.091,1059,2,1,1774013092,1777031581,0
LTE,310,410,20993,41286408,0,-88.2415,35.1463,1000,2,1,1774013368,1777031941,0
LTE,310,410,20993,41282831,0,-88.2378,35.1483,1000,2,1,1774013392,1779922446,0
LTE,310,410,20993,41358608,0,-88.2314,35.1525,1000,2,1,1774013407,1777032001,0
LTE,310,410,20993,43373327,0,-88.2279,35.155,1000,2,1,1774013428,1777032001,0
LTE,310,410,20993,41399831,0,-88.1836,35.2339,1000,2,1,1774013980,1774014061,0
LTE,310,410,20993,41284118,0,-88.1793,35.2362,1000,2,1,1774014005,1774014061,0
LTE,310,410,20993,41358614,0,-88.1619,35.2522,1427,2,1,1774014056,1774014241,0
LTE,310,410,20993,41398793,0,-88.1284,35.2998,1000,1,1,1774014397,1774014397,0
LTE,310,410,20993,41331728,0,-88.1233,35.3093,1000,3,1,1774014446,1779922446,0
LTE,310,410,20993,41285905,0,-88.1337,35.2923,2759,4,1,1774014464,1777032901,0
LTE,310,410,20993,41285912,0,-88.1198,35.3188,1000,1,1,1774014482,1774014482,0
LTE,310,410,20993,41331720,0,-88.0492,35.4141,1000,2,1,1774015150,1777033681,0
LTE,310,410,20993,41272335,0,-88.0508,35.4244,1000,1,1,1774015200,1774015200,0
LTE,310,410,20993,41272337,0,-88.106,35.4808,2873,4,1,1774015413,1779922447,0
LTE,310,410,20993,43458831,0,-88.1173,35.4903,2808,3,1,1774015475,1779922447,0
LTE,310,410,20993,41398799,0,-88.1222,35.4961,1000,1,1,1774015618,1774015618,0
LTE,310,410,20993,43459007,0,-88.1377,35.515,1000,2,1,1774015704,1774015741,0
LTE,310,410,20993,43347648,0,-88.137,35.5137,1000,2,1,1774015717,1779922447,0
LTE,310,410,20993,41408448,0,-88.1366,35.556,4110,15,1,1774015744,1779922447,0
LTE,310,410,20993,41408449,0,-88.1215,35.6108,2302,8,1,1774016124,1779922447,0
LTE,310,410,20993,41367488,0,-88.1066,35.7188,1733,4,1,1774016769,1777035541,0
LTE,310,410,20993,41367312,0,-88.1048,35.7218,1478,2,1,1774016898,1779922447,0
LTE,310,410,8846,41847999,0,-87.6143,35.9102,1000,3,1,1774019942,1779922813,0
LTE,310,410,8846,43055808,0,-87.3421,36.0219,1000,1,1,1774021302,1774021302,0
LTE,310,410,8846,41902346,0,-87.3776,36.08,2280,9,1,1774024021,1779922448,0
LTE,310,260,43777,7534359,0,-87.5003,36.8646,1000,2,1,1774024321,1774034041,0
LTE,310,410,8846,43091984,0,-87.3461,36.2298,4283,7,1,1774025081,1779922814,0
LTE,310,410,8846,41749008,0,-87.3446,36.2329,1000,1,1,1774025131,1774025131,0
LTE,310,410,8846,43469071,0,-87.3464,36.2418,1000,1,1,1774025169,1774025169,0
LTE,310,410,8846,41779627,0,-87.3481,36.2476,1000,1,1,1774025200,1774025200,0
LTE,310,260,43777,7534399,0,-87.5006,36.864,1000,2,1,1774025221,1774033501,0
LTE,310,410,8846,41749174,0,-87.3694,36.3116,1000,1,1,1774025541,1774025541,0
LTE,310,410,8846,42630921,0,-87.3753,36.3352,1200,5,1,1774025637,1779922501,0
LTE,310,410,8846,42630922,0,-87.3766,36.3515,1000,2,1,1774025723,1779922501,0
LTE,310,410,8846,41815048,0,-87.37,36.4376,1000,1,1,1774026116,1774026116,0
LTE,310,410,8834,41756952,0,-87.3664,36.5392,1000,2,1,1774026960,1774027022,0
LTE,310,410,8834,41873944,0,-87.4181,36.5947,1000,2,1,1774027770,1774027861,0
LTE,310,410,8834,41838104,0,-87.4236,36.603,1000,1,1,1774027838,1774027838,0
LTE,310,410,8834,41778456,0,-87.4368,36.6447,1000,1,1,1774028245,1774028245,0
LTE,310,410,8834,41804055,0,-87.4403,36.6537,1000,1,1,1774028298,1774028298,0
LTE,310,410,8834,42828048,0,-87.4419,36.66,1000,1,1,1774028332,1774028332,0
LTE,310,410,8834,42828047,0,-87.4427,36.664,1000,1,1,1774028359,1774028359,0
LTE,310,410,8834,43058703,0,-87.4461,36.6757,1000,2,1,1774028411,1774028461,0
LTE,310,410,8834,41840321,0,-87.4482,36.6824,1000,1,1,1774028458,1774028458,0
LTE,310,410,8846,43037632,0,-87.4619,36.7271,1000,2,1,1774028653,1774028761,0
LTE,310,410,8846,43037633,0,-87.472,36.8181,1000,1,1,1774029115,1774029115,0
LTE,310,410,8846,41788341,0,-87.4684,36.874,1000,1,1,1774029555,1774029555,0
LTE,310,260,43777,7534339,0,-87.4998,36.8629,1000,1,1,1774034086,1774034086,0
LTE,310,260,43906,6385175,0,-86.8079,36.1492,1000,1,1,1774004203,1774004203,0
LTE,310,260,43906,50355972,0,-86.7876,36.1654,1000,1,1,1774012358,1774012358,0
LTE,310,260,30499,68155659,0,-85.2452,35.1918,3055,50,1,1774026287,1783708289,0
LTE,310,260,43777,7056651,-1,-86.5851,36.2593,1000,6,1,1774121541,1774162981,0
LTE,310,260,44029,104261378,-1,-86.5852,36.2617,1000,2,1,1774122108,1774162981,0
LTE,310,260,44029,104261377,-1,-86.5911,36.2832,1013,25,1,1774122191,1774162982,0
NR,310,260,11206912,4436382007,-1,-86.5966,36.2899,1000,2,1,1774121266,1774162982,0
NR,310,260,11206912,4436381997,-1,-86.5904,36.2797,1000,5,1,1774121362,1774162982,0
NR,310,260,11206912,4436381999,-1,-86.5862,36.2657,1000,14,1,1774121448,1774162982,0
NR,310,260,11206912,4301668373,-1,-86.5852,36.2591,1000,1,1,1774121534,1774121534,0
LTE,310,260,43906,161143318,-1,-86.6061,36.3081,1000,1,1,1774156582,1774156582,0
LTE,310,260,43906,26252812,-1,-86.6554,36.3073,1000,2,1,1774161438,1774200003,0
LTE,310,260,43777,6873869,-1,-86.6622,36.3076,1002,3,1,1774161448,1788064299,0
LTE,310,260,43777,6873867,-1,-86.6558,36.3125,1000,5,1,1774161458,1774200003,0
LTE,310,260,43907,30028811,-1,-86.5152,36.5876,1000,6,1,1774164664,1774203484,0
LTE,310,260,43907,30028861,-1,-86.5147,36.589,1000,1,1,1774165621,1774165621,0
LTE,310,410,9101,42277036,0,-85.2807,35.0401,1000,1,1,1774121009,1774121009,0
LTE,310,260,43907,8550403,0,-87.6609,36.1173,1000,1,1,1774258755,1774258755,0
LTE,310,410,8846,41868297,0,-87.1317,36.1176,1000,1,1,1774263856,1774263856,0
LTE,310,260,43003,8542221,0,-88.5723,36.7704,1000,1,1,1774282007,1774282007,0
LTE,310,410,20992,41351946,0,-88.8984,36.5051,1313,5,1,1774284122,1779922444,0
LTE,310,260,44029,30828045,0,-87.3266,36.0089,1000,1,1,1774314896,1774314896,0
LTE,310,260,44029,30828035,0,-87.3302,36.011,1000,1,1,1774314963,1774314963,0
LTE,310,410,20992,41301932,0,-88.9191,35.6262,1000,1,1,1774319978,1774319978,0
LTE,310,260,30499,44206093,0,-85.3965,35.0189,1000,1,1,1774345664,1774345664,0
LTE,310,260,30499,44206083,0,-85.4038,35.0224,1000,1,1,1774345689,1774345689,0
LTE,310,260,43907,6869772,0,-86.4391,35.9874,1000,1,1,1774351780,1774351780,0
LTE,310,260,43907,46791967,0,-88.1826,36.0502,1000,1,1,1774431787,1774431787,0
LTE,310,410,8846,41846967,0,-87.398,36.068,1000,1,1,1774440253,1774440253,0
LTE,310,410,8833,43084972,0,-86.7763,36.0122,1000,1,1,1774555122,1774555122,0
LTE,310,260,43906,6870039,0,-86.71,36.3066,1000,1,1,1774702429,1774702429,0
LTE,310,410,8837,42891281,0,-86.227,35.3486,1000,1,1,1774716732,1774716732,0
LTE,310,410,20993,41250058,0,-88.554,35.0754,1000,1,1,1774816323,1774816323,0
LTE,310,260,32827,18586134,0,-88.9149,35.8205,1000,1,1,1774843178,1774843178,0
LTE,310,410,8846,41731755,0,-87.1848,36.1087,1000,1,1,1774877900,1774877900,0
LTE,310,410,8856,41736620,0,-86.7086,35.8683,1000,1,1,1774897436,1774897436,0
LTE,310,410,8195,39261357,0,-86.1341,37.0553,4055,3,1,1774924500,1786568102,0
LTE,310,410,8837,41840064,0,-86.2204,35.6111,2169,2,1,1774927649,1786558141,0
LTE,310,410,8837,41840053,0,-86.2494,35.6519,1000,1,1,1774927814,1774927814,0
LTE,310,260,32770,70158614,0,-88.2208,35.7597,1000,1,1,1774998358,1774998358,0
LTE,310,260,43907,104501249,0,-86.1092,36.1698,2694,13,1,1775132927,1788291486,0
LTE,310,410,8839,42302391,0,-85.7912,35.167,1000,1,1,1775139840,1775139840,0
LTE,310,260,43777,7534357,0,-87.4805,36.9046,1000,1,1,1775201719,1775201719,0
LTE,310,410,20992,41332907,0,-88.7795,35.6785,1000,1,1,1775185179,1775185179,0
LTE,310,410,8837,42635191,0,-86.2723,35.6005,1000,1,1,1775214670,1775214670,0
LTE,310,260,43777,6387477,0,-86.693,36.2237,1000,1,1,1775221561,1775221561,0
LTE,310,410,8846,41847467,0,-87.4885,35.9911,1000,1,1,1775248960,1775248960,0
LTE,310,260,32770,158575373,0,-88.5339,35.9486,1000,1,1,1775292622,1775292622,0
LTE,310,260,43906,225482754,0,-87.2132,36.0921,1000,1,1,1775307136,1775307136,0
LTE,310,410,8197,40486294,0,-88.654,37.0514,1000,4,1,1775520964,1779922629,0
LTE,310,410,20992,41239467,0,-88.8288,35.672,1000,1,1,1775425551,1775425551,0
LTE,310,410,8840,41777174,0,-86.8676,36.2169,1000,1,1,1775468829,1775468829,0
LTE,310,410,8846,41735863,0,-87.421,36.0226,1000,1,1,1775471108,1775471108,0
LTE,310,410,20992,41352977,0,-88.8623,35.6562,1000,1,1,1775476771,1775476771,0
LTE,310,410,8197,39198216,0,-88.6745,36.9489,7003,13,1,1775556178,1779922629,0
LTE,310,410,8197,39203080,0,-88.6766,36.9823,2110,10,1,1775556227,1779922629,0
LTE,310,410,8197,40299023,0,-88.6766,36.9008,1000,1,1,1775556627,1775556627,0
LTE,310,410,8197,39212717,0,-88.6509,36.8044,7702,18,1,1775556751,1779922629,0
LTE,310,410,8197,40237995,0,-88.6665,36.8516,2318,6,1,1775556766,1779922629,0
LTE,310,410,8197,40237996,0,-88.652,36.8219,1000,1,1,1775556964,1775556964,0
LTE,310,410,8197,40306096,0,-88.6494,36.7957,1000,2,1,1775557072,1779922444,0
LTE,310,410,8197,39206829,0,-88.6784,36.7251,1579,6,1,1775557384,1779922629,0
LTE,310,410,8197,39208200,0,-88.7224,36.6917,1119,3,1,1775557619,1779922629,0
LTE,310,410,8197,39197960,0,-88.7655,36.6345,2494,5,1,1775557838,1779922629,0
LTE,310,410,8197,39198728,0,-88.837,36.5561,3098,6,1,1775558215,1779922629,0
LTE,310,410,8197,39198730,0,-88.8711,36.5129,3384,5,1,1775558462,1779922629,0
LTE,310,410,20992,41352117,0,-88.8761,36.4869,1000,1,1,1775558798,1775558798,0
LTE,310,410,20992,41374218,0,-88.8677,36.4666,2082,8,1,1775558953,1779922629,0
LTE,310,410,20992,41374216,0,-88.8613,36.4442,1000,4,1,1775559008,1779922629,0
LTE,310,410,20992,41374217,0,-88.858,36.4118,3150,12,1,1775559044,1779922630,0
LTE,310,410,20992,41344776,0,-88.8564,36.4173,1560,4,1,1775559070,1779922444,0
LTE,310,410,20992,41344520,0,-88.8629,36.3838,3598,18,1,1775559132,1779922630,0
LTE,310,410,20992,41344521,0,-88.8665,36.3331,3536,5,1,1775559454,1779922444,0
LTE,310,410,20992,41344778,0,-88.8709,36.3393,2800,12,1,1775559469,1779922630,0
LTE,310,410,20992,41347082,0,-88.8543,36.3151,1667,15,1,1775559682,1779922630,0
LTE,310,410,20992,41344777,0,-88.8439,36.2995,1000,2,1,1775559868,1779922630,0
LTE,310,410,20992,41358351,0,-88.8414,36.2858,1220,4,1,1775559889,1779922630,0
LTE,310,410,20992,41347088,0,-88.8407,36.2837,1000,1,1,1775559949,1775559949,0
LTE,310,410,20992,41358527,0,-88.8351,36.2551,2243,5,1,1775559998,1779922630,0
LTE,310,410,20992,41358528,0,-88.8304,36.2192,1812,4,1,1775560163,1779922630,0
LTE,310,410,20992,41361325,0,-88.8081,36.1685,3708,10,1,1775560308,1779922630,0
LTE,310,410,20992,41359624,0,-88.8139,36.1049,3067,14,1,1775560755,1779922630,0
LTE,310,410,20992,41359626,0,-88.8242,36.0693,1001,5,1,1775560993,1779922630,0
LTE,310,410,20992,41359625,0,-88.8156,36.0413,2513,10,1,1775561073,1779922630,0
LTE,310,410,20992,41356042,0,-88.7886,35.9863,4830,24,1,1775561212,1779922630,0
LTE,310,410,20992,41225226,0,-88.7998,36.0108,1000,1,1,1775561271,1775561271,0
LTE,310,410,20992,41356041,0,-88.7637,35.9356,1766,6,1,1775561611,1779922630,0
LTE,310,410,20992,41335816,0,-88.7497,35.8954,2256,16,1,1775561901,1779922630,0
LTE,310,410,20992,41335817,0,-88.7492,35.8579,2273,10,1,1775562127,1779922630,0
LTE,310,410,20992,41266184,0,-88.7703,35.8164,2305,13,1,1775562327,1779922630,0
LTE,310,410,20992,41266186,0,-88.7882,35.7941,1000,3,1,1775562563,1779922630,0
LTE,310,410,20992,41266185,0,-88.792,35.792,1000,2,1,1775562581,1779922445,0
LTE,310,410,20992,41301512,0,-88.8166,35.7783,2147,9,1,1775562607,1779922630,0
LTE,310,410,20992,41301513,0,-88.8419,35.7634,1000,3,1,1775562784,1779922630,0
LTE,310,410,20992,41227784,0,-88.8465,35.7476,1555,9,1,1775562805,1779922630,0
LTE,310,410,20992,41301514,0,-88.8473,35.7624,1000,4,1,1775562820,1779922630,0
LTE,310,410,20992,41227786,0,-88.8521,35.725,1000,4,1,1775563015,1779922630,0
LTE,310,410,20992,42901768,0,-88.855,35.7084,1114,9,1,1775563067,1779922630,0
LTE,310,410,20992,42901769,0,-88.8556,35.6866,1265,9,1,1775563244,1779922630,0
LTE,310,410,20992,41372169,0,-88.8556,35.675,1000,2,1,1775563478,1779922630,0
LTE,310,410,20992,41239305,0,-88.8528,35.6563,1000,9,1,1775563559,1779922632,0
LTE,310,410,20992,41352968,0,-88.8517,35.6496,1000,6,1,1775563592,1779922632,0
LTE,310,410,20992,41352969,0,-88.8502,35.6411,1000,6,1,1775563637,1779922632,0
LTE,310,410,20992,43296010,0,-88.8474,35.633,1000,5,1,1775563666,1779922630,0
LTE,310,410,20992,43296009,0,-88.8392,35.6176,1467,13,1,1775563725,1779922632,0
LTE,310,410,20992,41321480,0,-88.8423,35.619,1000,2,1,1775563771,1779922445,0
LTE,310,410,20992,41239562,0,-88.8343,35.6129,1000,4,1,1775563883,1779922445,0
LTE,310,410,20992,41248192,0,-88.8342,35.6125,1000,1,1,1775563898,1775563898,0
LTE,310,410,20992,43296182,0,-88.8292,35.6126,1000,2,1,1775563927,1775596922,0
LTE,310,410,20992,41239735,0,-88.8255,35.6124,1000,2,1,1775563942,1779922630,0
LTE,310,410,20992,41239734,0,-88.8172,35.6059,1331,6,1,1775563969,1779922630,0
LTE,310,410,20993,41219254,0,-88.8067,35.553,2062,6,1,1775564414,1779922630,0
LTE,310,410,20993,41221303,0,-88.79,35.5376,1000,1,1,1775564628,1775564628,0
LTE,310,410,20993,41219244,0,-88.7985,35.546,2578,12,1,1775564644,1779922630,0
LTE,310,410,20993,41342893,0,-88.7185,35.4882,8805,26,1,1775564704,1779922630,0
LTE,310,410,20993,41312427,0,-88.7527,35.5121,1000,5,1,1775564794,1779922630,0
LTE,310,410,20993,43360429,0,-88.714,35.486,1000,2,1,1775564961,1775565061,0
LTE,310,410,20993,41221293,0,-88.6789,35.4622,1778,2,1,1775565093,1775565241,0
LTE,310,410,20993,41221291,0,-88.6603,35.4493,1000,2,1,1775565251,1779922630,0
LTE,310,410,20993,41221292,0,-88.6582,35.4391,1000,2,1,1775565299,1779922630,0
LTE,310,410,20993,41342892,0,-88.6418,35.4136,2778,5,1,1775565455,1779922630,0
LTE,310,410,20993,41277976,0,-88.64,35.3591,3812,4,1,1775565621,1779922630,0
LTE,310,410,20993,41277974,0,-88.6407,35.3576,3997,7,1,1775565653,1779922630,0
LTE,310,410,20993,41277975,0,-88.6355,35.2901,3357,7,1,1775565921,1779922630,0
LTE,310,410,20993,41341719,0,-88.6021,35.2036,7232,4,1,1775566135,1779922632,0
LTE,310,410,20993,41280024,0,-88.6291,35.2569,1000,2,1,1775566165,1779922630,0
LTE,310,410,20993,43389706,0,-88.6266,35.2563,1784,9,1,1775566196,1779922632,0
LTE,310,410,20993,41341704,0,-88.6188,35.2456,1000,3,1,1775566221,1779922445,0
LTE,310,410,20993,41341705,0,-88.613,35.2104,11620,16,1,1775566241,1779922632,0
LTE,310,410,20993,41341938,0,-88.6165,35.2148,1989,6,1,1775566272,1779922630,0
LTE,310,410,20993,43328193,0,-88.6151,35.2145,1000,1,1,1775566344,1775566344,0
LTE,310,410,20993,43461311,0,-88.6158,35.2067,1000,1,1,1775566375,1775566375,0
LTE,310,410,20993,43336897,0,-88.6133,35.1775,2229,5,1,1775566443,1779922630,0
LTE,310,410,20993,43336896,0,-88.5992,35.153,1000,3,1,1775566588,1779922630,0
LTE,310,410,20993,43336895,0,-88.586,35.1557,1000,1,1,1775566681,1775566681,0
LTE,310,410,20993,43328192,0,-88.577,35.1496,2350,4,1,1775566695,1779922630,0
LTE,310,410,20993,43374273,0,-88.5725,35.1416,1000,2,1,1775566792,1775566861,0
LTE,310,410,20993,43298239,0,-88.5587,35.1085,4405,13,1,1775566808,1779922630,0
LTE,310,410,20993,43374272,0,-88.5668,35.1277,1000,2,1,1775566902,1779922630,0
LTE,310,410,20993,43298240,0,-88.5349,35.0499,2878,6,1,1775567179,1779922630,0
LTE,310,410,20993,41250056,0,-88.552,35.0928,5895,23,1,1775592927,1779922813,0
LTE,310,410,20993,41326089,0,-88.5636,35.1205,1114,6,1,1775593756,1779922632,0
LTE,310,410,20993,41280009,0,-88.5688,35.1331,1193,4,1,1775593809,1779922445,0
LTE,310,410,20993,41326090,0,-88.5715,35.1396,1000,3,1,1775593888,1779922632,0
LTE,310,410,20993,41250070,0,-88.5484,35.0847,7127,8,1,1775593961,1779922445,0
LTE,310,410,20993,41280023,0,-88.5784,35.1557,1000,3,1,1775594009,1779922632,0
LTE,310,410,20993,43328150,0,-88.5801,35.1551,1000,6,1,1775594164,1779922632,0
LTE,310,410,20993,43312918,0,-88.5896,35.1544,1000,1,1,1775594201,1775594201,0
LTE,310,410,20993,41288726,0,-88.5953,35.1526,1000,3,1,1775594216,1779922632,0
LTE,310,410,20993,41288713,0,-88.6063,35.1541,1000,1,1,1775594267,1775594267,0
LTE,310,410,20993,41288714,0,-88.6131,35.1728,1646,7,1,1775594296,1779922632,0
LTE,310,410,20993,41280010,0,-88.6142,35.1835,1000,2,1,1775594394,1779922632,0
LTE,310,410,20993,41277961,0,-88.6361,35.2943,2927,11,1,1775594758,1779922632,0
LTE,310,410,20993,41277960,0,-88.6403,35.3491,3969,13,1,1775594950,1779922632,0
LTE,310,410,20993,41342729,0,-88.6417,35.4005,4894,17,1,1775595075,1779922632,0
LTE,310,410,20993,41221129,0,-88.6536,35.4369,1000,4,1,1775595382,1779922632,0
LTE,310,410,20993,41342730,0,-88.6658,35.4498,4418,8,1,1775595412,1779922632,0
LTE,310,410,20993,41221128,0,-88.6597,35.4461,1000,3,1,1775595555,1779922632,0
LTE,310,410,20993,41221130,0,-88.6811,35.464,2120,8,1,1775595614,1779922632,0
LTE,310,410,20993,43360266,0,-88.7053,35.4804,2723,7,1,1775595678,1779922632,0
LTE,310,410,20993,41312271,0,-88.7403,35.504,1000,1,1,1775595945,1775595945,0
LTE,310,410,20993,41312264,0,-88.7528,35.5125,2059,5,1,1775595959,1779922632,0
LTE,310,410,20993,41219081,0,-88.7986,35.5462,2677,9,1,1775596116,1779922632,0
LTE,310,410,20992,43287568,0,-88.8213,35.6126,1000,1,1,1775596876,1775596876,0
LTE,310,410,20992,41269770,0,-88.9084,35.6683,3102,6,1,1775597828,1779922632,0
LTE,310,410,20992,41301768,0,-88.9072,35.6681,1000,3,1,1775597895,1779922632,0
LTE,310,410,20992,41240235,0,-88.9621,35.6579,3611,3,1,1775598088,1782102595,0
LTE,310,410,20992,41301933,0,-88.9453,35.6721,1273,2,1,1775598103,1782451477,0
LTE,310,410,20992,41338539,0,-88.9515,35.6539,5343,3,1,1775598118,1785385993,0
LTE,310,410,20992,41292810,0,-88.9966,35.691,1000,1,1,1775598237,1775598237,0
LTE,310,410,8846,42626219,0,-87.9497,36.0239,1000,1,1,1775559789,1775559789,0
LTE,310,410,20993,41408535,0,-88.5874,35.0398,1000,1,1,1775601773,1775601773,0
LTE,310,410,20992,43349777,0,-88.9644,35.6289,1000,1,1,1775623509,1775623509,0
LTE,310,410,9101,42261687,0,-85.2739,35.0449,1000,1,1,1775765277,1775765277,0
LTE,310,410,20993,41250071,0,-88.5349,35.0634,1000,1,1,1775773745,1775773745,0
LTE,310,410,8835,41936918,0,-85.8087,36.1396,1000,1,1,1775819032,1775819032,0
LTE,310,260,43907,164840716,0,-86.164,36.1892,22098,22,1,1775820207,1788291486,0
LTE,310,260,32827,18917153,0,-88.9618,35.723,1000,1,1,1775884422,1775884422,0
LTE,310,410,8846,41902507,0,-87.3636,36.0733,1000,1,1,1775904540,1775904540,0
LTE,310,410,8846,41821869,0,-87.3188,36.0857,1000,1,1,1775905753,1775905753,0
LTE,310,260,32770,3263778,0,-88.9516,35.0616,1000,1,1,1775944491,1775944491,0
LTE,310,260,43907,158458114,0,-88.0347,36.0759,1000,1,1,1776085304,1776085304,0
LTE,310,410,8833,42604554,0,-86.7413,35.9326,1000,1,1,1776110580,1776110580,0
LTE,310,410,8837,42635025,0,-86.2899,35.6093,5056,2,1,1776168307,1786558081,0
LTE,310,410,8832,41843990,0,-86.8267,35.5004,1000,1,1,1776290410,1776290410,0
LTE,310,410,8837,41935287,0,-86.0729,35.4727,1000,1,1,1776482876,1776482876,0
LTE,310,260,30499,223706891,0,-85.2567,35.1132,1000,1,1,1776531103,1776531103,0
LTE,310,260,43906,27079445,0,-86.7648,35.5284,1000,1,1,1776539157,1776539157,0
LTE,310,260,43777,7299351,0,-87.9663,37.0051,1000,1,1,1776591630,1776591630,0
LTE,310,410,8846,41846957,0,-87.4099,36.0836,1000,1,1,1776680686,1776680686,0
LTE,310,260,43906,6998797,0,-86.7443,36.0554,1000,1,1,1776710111,1776710111,0
LTE,310,260,44029,27715595,0,-87.9443,35.8677,2579,30,1,1776725063,1788291441,0
LTE,310,260,44029,27715596,0,-87.9924,35.8689,1818,23,1,1776725297,1788291441,0
LTE,310,260,44029,27715586,0,-88.0027,35.8682,1000,1,1,1776725300,1776725300,0
LTE,310,410,9108,42356917,0,-85.0462,35.1171,1000,2,1,1776956429,1779922811,0
LTE,310,410,9108,43124927,0,-85.0521,35.1049,1000,3,1,1776956461,1779922811,0
LTE,310,410,9108,42915264,0,-85.0784,35.083,1000,3,1,1776956610,1779922811,0
LTE,310,410,9108,42915263,0,-85.0919,35.0795,1000,1,1,1776956678,1776956678,0
LTE,310,410,9108,43246271,0,-85.1143,35.0725,1000,4,1,1776956737,1779922811,0
LTE,310,410,9108,43455169,0,-85.1134,35.0734,1000,1,1,1776956760,1776956760,0
LTE,310,410,9108,43246272,0,-85.1336,35.0582,1000,3,1,1776956836,1779922811,0
LTE,310,410,9101,42815511,0,-85.2052,35.007,1000,2,1,1776957201,1779922811,0
LTE,310,410,9101,42252568,0,-85.2564,35.0178,1000,1,1,1776957400,1776957400,0
LTE,310,410,9101,42343607,0,-85.2992,35.0231,1000,3,1,1776957573,1786553461,0
LTE,310,410,20993,41282840,0,-88.5046,35.0764,1000,1,1,1777026805,1777026805,0
LTE,310,410,20993,41282838,0,-88.421,35.0689,1000,1,1,1777027114,1777027114,0
LTE,310,410,20993,43381528,0,-88.4007,35.072,1000,1,1,1777027193,1777027193,0
LTE,310,410,20993,41286409,0,-88.3657,35.0473,2642,5,1,1777027288,1779922446,0
LTE,310,410,20993,41282824,0,-88.3824,35.0587,1000,1,1,1777027317,1777027317,0
LTE,310,410,20993,43381514,0,-88.3671,35.0518,1000,2,1,1777027347,1777027441,0
LTE,310,410,20993,41333513,0,-88.3566,35.0326,2731,3,1,1777027465,1779922446,0
LTE,310,410,20993,41333685,0,-88.2578,35.0586,1679,2,1,1777031223,1779922446,0
LTE,310,410,20993,41281801,0,-88.1194,35.4927,1000,1,1,1777034107,1777034107,0
LTE,310,410,20993,43456428,0,-88.1318,35.5788,1000,1,1,1777034541,1777034541,0
LTE,310,410,20993,43456429,0,-88.125,35.5921,1000,1,1,1777034635,1777034635,0
LTE,310,410,20993,41281964,0,-88.1234,35.6336,1000,1,1,1777034945,1777034945,0
LTE,310,410,20993,41281963,0,-88.1207,35.6707,1000,1,1,1777035214,1777035214,0
LTE,310,410,20993,41367489,0,-88.0843,35.7725,1000,1,1,1777035703,1777035703,0
LTE,310,410,8846,42902465,0,-88.0043,35.8696,2468,5,1,1777037432,1779922813,0
LTE,310,410,8846,41848257,0,-87.8359,35.8786,2675,6,1,1777037975,1779922813,0
LTE,310,410,8846,41848256,0,-87.786,35.8807,1648,4,1,1777038211,1779922813,0
LTE,310,410,8846,43464385,0,-87.7601,35.8817,1000,2,1,1777038332,1779922813,0
LTE,310,410,8846,43464384,0,-87.7362,35.8762,1054,3,1,1777038401,1779922813,0
LTE,310,410,8846,43464383,0,-87.6884,35.8806,3020,6,1,1777038499,1779922814,0
LTE,310,410,8846,41846711,0,-87.3419,36.0236,1000,4,1,1777040824,1779922814,0
LTE,310,410,8846,41775788,0,-87.3422,36.023,1000,4,1,1777040883,1779922814,0
LTE,310,410,8846,43055766,0,-87.3585,36.0421,1498,6,1,1777041586,1779922814,0
LTE,310,410,8846,43126934,0,-87.3626,36.0486,1000,1,1,1777041706,1777041706,0
LTE,310,410,8846,43055767,0,-87.3725,36.0583,1000,4,1,1777041770,1779922814,0
LTE,310,410,8846,43055633,0,-87.3766,36.0623,1000,1,1,1777041900,1777041900,0
LTE,310,410,8846,41902360,0,-87.3759,36.0859,1345,4,1,1777042050,1779922814,0
LTE,310,410,8846,41735702,0,-87.3732,36.1056,1000,1,1,1777042284,1777042284,0
LTE,310,410,8846,41779480,0,-87.3606,36.1357,3909,10,1,1777042302,1779922814,0
LTE,310,410,8846,41820952,0,-87.3433,36.1943,2448,3,1,1777042680,1777042982,0
LTE,310,410,8846,41779478,0,-87.3429,36.1883,2293,9,1,1777042697,1779922814,0
LTE,310,410,8846,43092160,0,-87.3495,36.2474,2351,11,1,1777043072,1779922814,0
LTE,310,410,8846,41749184,0,-87.3487,36.2458,1477,2,1,1777043090,1777043281,0
LTE,310,410,8846,43469247,0,-87.3474,36.2459,1000,6,1,1777043133,1779922814,0
LTE,310,410,8846,43092159,0,-87.3582,36.2848,1877,5,1,1777043310,1779922814,0
LTE,310,410,8846,42902720,0,-87.3729,36.3264,2436,6,1,1777043511,1779922814,0
LTE,310,410,8846,42902721,0,-87.3766,36.3515,1000,1,1,1777043714,1777043714,0
LTE,310,410,8846,41749183,0,-87.3846,36.3911,1000,2,1,1777043928,1779922814,0
LTE,310,410,8846,41749007,0,-87.3855,36.3954,1000,1,1,1777043947,1777043947,0
LTE,310,410,8834,41833644,0,-87.3753,36.4791,1000,2,1,1777044452,1779922814,0
LTE,310,410,8834,41757111,0,-87.3682,36.5418,1000,5,1,1777044968,1779922814,0
LTE,310,410,8834,41787051,0,-87.3847,36.5508,1383,10,1,1777045097,1779922814,0
LTE,310,410,8834,41787052,0,-87.3943,36.5529,1000,3,1,1777045258,1779922814,0
LTE,310,410,8834,41831596,0,-87.3997,36.5608,1000,1,1,1777045329,1777045329,0
LTE,310,410,8834,41831595,0,-87.4036,36.5672,1000,8,1,1777045346,1779922814,0
LTE,310,410,8834,41874092,0,-87.4091,36.5791,2626,11,1,1777045413,1779922814,0
LTE,310,410,8834,41838252,0,-87.4173,36.5934,1000,2,1,1777045507,1777045564,0
LTE,310,410,8834,41874093,0,-87.4223,36.6009,1635,12,1,1777045525,1779922814,0
LTE,310,410,8834,41838253,0,-87.4275,36.6094,1000,5,1,1777045585,1779922814,0
LTE,310,410,8834,41778604,0,-87.4332,36.6266,1579,14,1,1777045694,1779922814,0
LTE,310,410,9101,42277035,0,-85.2891,35.0474,1000,1,1,1776978769,1776978769,0
LTE,310,260,43905,8574476,0,-85.1923,36.0665,1514,7,1,1777032709,1788291490,0
LTE,310,260,43906,50358531,0,-86.787,36.1621,1000,1,1,1777123175,1777123175,0
LTE,310,260,43907,104501250,0,-86.1276,36.1666,2424,6,1,1777169661,1788291486,0
LTE,310,260,43907,104651779,0,-85.5761,36.1388,1000,1,1,1777171553,1777171553,0
LTE,310,260,43907,158210622,0,-86.6501,36.0373,1000,1,1,1777315712,1777315712,0
LTE,310,410,8852,41845527,0,-86.5829,36.5906,1000,1,1,1777231915,1777231915,0
LTE,310,410,8852,41845528,0,-86.6304,36.5839,1000,1,1,1777231951,1777231951,0
LTE,310,260,43777,6869013,0,-86.7238,36.3736,1000,1,1,1777233415,1777233415,0
LTE,310,260,43906,6400267,0,-86.8707,36.1457,1000,1,1,1777246995,1777246995,0
LTE,310,260,43906,6400257,0,-86.8684,36.1497,1000,9,1,1777246995,1788291483,0
LTE,310,260,43906,6400277,0,-86.8829,36.1803,1000,1,1,1777247012,1777247012,0
LTE,310,260,44029,7973121,0,-87.7973,35.8831,1000,1,1,1777254732,1777254732,0
LTE,310,410,20993,41240591,0,-88.1951,35.8478,1000,1,1,1777255816,1777255816,0
LTE,310,410,20993,41240592,0,-88.2547,35.7763,1000,1,1,1777255854,1777255854,0
LTE,310,410,20993,41240585,0,-88.2547,35.7773,1000,1,1,1777255854,1777255854,0
LTE,310,410,20993,43296529,0,-88.6294,35.7309,1000,1,1,1777257140,1777257140,0
LTE,310,410,8838,41777069,0,-86.8155,36.1447,1000,1,1,1777291671,1777291671,0
LTE,310,260,32770,3301152,0,-88.55,35.0235,1000,1,1,1777329151,1777329151,0
LTE,310,410,8846,41779629,0,-87.3566,36.164,1000,1,1,1777380661,1777380661,0
LTE,310,410,8836,41835436,0,-86.9735,36.0653,1000,1,1,1777384372,1777384372,0
LTE,310,260,43906,160270850,0,-87.8022,35.8738,1000,1,1,1777549578,1777549578,0
LTE,310,260,44027,8540418,0,-85.8779,36.1538,2923,19,1,1777556141,1788291487,0
LTE,310,410,20993,41250057,0,-88.5323,35.0436,4170,24,1,1777595721,1779922813,0
LTE,310,410,20992,41274550,0,-88.9867,35.7754,1000,1,1,1777618595,1777618595,0
LTE,310,260,43906,98456835,0,-86.8315,36.2328,1000,1,1,1777686127,1777686127,0
LTE,310,410,20993,41299637,0,-88.2507,35.8154,1000,1,1,1777718898,1777718898,0
LTE,310,260,44029,27715585,0,-87.9427,35.8697,1000,1,1,1777757475,1777757475,0
LTE,310,260,43907,19967254,0,-87.9302,36.0268,1000,1,1,1777791791,1777791791,0
LTE,310,410,20993,43458475,0,-88.4817,35.7658,1000,1,1,1777800852,1777800852,0
LTE,310,410,8852,41732011,0,-86.6414,36.5273,1000,1,1,1777812191,1777812191,0
LTE,310,410,8840,41811885,0,-86.8747,36.1758,1000,1,1,1777833976,1777833976,0
LTE,310,410,8846,41847723,0,-87.4904,35.9801,1000,1,1,1777836438,1777836438,0
LTE,310,410,20992,41265579,0,-88.7378,35.6818,1000,1,1,1777840157,1777840157,0
LTE,310,410,20993,41249974,0,-88.3879,35.7743,1000,1,1,1777944163,1777944163,0
LTE,310,410,8856,42614793,0,-86.7551,35.8835,1000,1,1,1778013133,1778013133,0
LTE,310,410,8846,43126799,0,-87.4242,36.1191,1000,1,1,1778077421,1778077421,0
LTE,310,410,9101,42280215,0,-85.2567,35.0888,1000,1,1,1778094502,1778094502,0
LTE,310,260,43907,104501251,0,-86.1431,36.1776,1112,15,1,1778098734,1788291486,0
LTE,310,260,30499,43704845,0,-85.1631,35.0644,1000,1,1,1778267443,1778267443,0
LTE,310,410,20992,41332917,0,-88.7817,35.678,1000,1,1,1778276885,1778276885,0
LTE,310,260,30499,69933059,-1,-85.3114,35.0474,1000,1,1,1778365725,1778365725,0
LTE,310,410,8195,39265719,0,-87.1994,36.6475,1000,1,1,1778418499,1778418499,0
LTE,310,410,8195,39265717,0,-87.1613,36.6501,1000,1,1,1778418639,1778418639,0
LTE,310,260,43906,50355982,0,-86.7877,36.1661,1000,1,1,1778423299,1778423299,0
LTE,310,410,8838,42635280,0,-86.7672,36.1431,1000,1,1,1778423708,1778423708,0
LTE,310,260,32770,222600992,0,-88.9251,35.8648,1000,1,1,1778469254,1778469254,0
LTE,310,260,43906,6400258,0,-86.8568,36.1383,1000,1,1,1778504030,1778504030,0
LTE,310,260,43906,6400268,0,-86.8368,36.1404,1000,1,1,1778504046,1778504046,0
LTE,310,410,8852,42592961,-1,-86.0679,36.5296,15351,50,1,1777636829,1778782982,0
LTE,310,410,8852,41807807,-1,-86.2992,36.4943,1000,5,1,1778584113,1778886243,0
LTE,310,410,8856,42604470,0,-86.7415,35.8686,1000,1,1,1778527017,1778527017,0
LTE,310,260,43907,104501271,0,-86.1618,36.2004,1000,1,1,1778588412,1778588412,0
LTE,310,260,43906,6400260,0,-86.8559,36.1308,1000,1,1,1778593152,1778593152,0
LTE,310,260,32770,43515936,0,-88.5044,35.7467,1000,1,1,1778593256,1778593256,0
LTE,310,260,44029,27715605,0,-87.9359,35.8306,1000,1,1,1778621534,1778621534,0
LTE,310,410,20993,41249808,0,-88.3843,35.7725,1000,1,1,1778622850,1778622850,0
LTE,310,410,8852,42936591,-1,-86.2862,36.4982,1332,23,1,1778585487,1778886243,0
LTE,310,410,8852,42592792,-1,-86.2364,36.554,1000,1,1,1778587473,1778587473,0
LTE,310,410,8852,42592778,-1,-86.2369,36.5517,1000,12,1,1778589008,1778782982,0
LTE,310,260,43907,30201879,-1,-86.2917,36.4968,1000,13,1,1778589396,1778782983,0
LTE,310,260,43907,30201869,-1,-86.301,36.5032,1000,15,1,1778589497,1778782983,0
LTE,310,260,43907,30201859,-1,-86.3036,36.5047,1000,1,1,1778589753,1778589753,0
LTE,310,410,8852,41852332,-1,-86.39,36.4242,2281,39,1,1778847697,1778886243,0
LTE,310,410,20993,41303990,0,-88.6371,35.7147,1000,1,1,1778839529,1778839529,0
LTE,310,260,43906,6386709,0,-86.7469,36.2347,1000,1,1,1778854067,1778854067,0
LTE,310,260,30499,222099713,0,-85.2212,35.2218,1000,1,1,1778863430,1778863430,0
LTE,310,260,43906,8105731,0,-86.6645,35.8557,1000,1,1,1778876006,1778876006,0
LTE,310,410,8837,41884440,0,-86.4923,35.8998,1000,2,1,1778934149,1785404101,0
LTE,310,410,8195,39261355,0,-86.0566,37.0916,2747,3,1,1779120534,1786568461,0
LTE,310,410,20993,41299478,0,-88.2663,35.8299,1000,1,1,1779194552,1779194552,0
LTE,310,410,8835,41909429,0,-85.5842,36.1451,1000,1,1,1779205188,1779205188,0
LTE,310,410,8852,41936565,0,-86.0189,36.1398,1000,1,1,1779208171,1779208171,0
LTE,310,260,43777,6626573,0,-86.5152,36.1652,1000,1,1,1779209838,1779209838,0
LTE,310,410,9101,42246827,0,-85.2772,35.0176,1000,2,1,1779359812,1782928921,0
LTE,310,260,43906,50358540,0,-86.7872,36.1636,1000,1,1,1779384745,1779384745,0
LTE,310,260,44029,29513987,0,-87.4699,35.9185,1000,1,1,1779401833,1779401833,0
LTE,310,410,20992,43349775,0,-88.9105,35.6802,1000,1,1,1779406624,1779406624,0
LTE,310,260,30507,67964929,0,-85.053,35.0423,1000,1,1,1779448972,1779448972,0
LTE,310,410,8839,43152597,0,-85.685,35.0419,1000,1,1,1779458081,1779458081,0
LTE,310,260,30507,52836621,0,-85.0678,35.0659,1000,1,1,1779566331,1779566331,0
LTE,310,260,30499,222099723,0,-85.2034,35.2275,3912,36,1,1779702569,1783708288,0
LTE,310,410,9108,42354613,0,-85.208,35.2235,1411,15,1,1779721788,1782090847,0
LTE,310,410,8832,42599605,0,-86.7852,35.4682,1000,1,1,1779724574,1779724574,0
LTE,310,410,8852,41742764,-1,-86.4638,36.3728,1003,19,1,1778912972,1779816842,0
LTE,310,410,8852,43112117,-1,-86.4445,36.3631,1000,1,1,1778913136,1778913136,0
LTE,310,410,8852,43022783,-1,-86.4416,36.3633,1000,5,1,1778913142,1779816842,0
LTE,310,410,8852,43254207,-1,-86.4287,36.2321,1000,6,1,1778913797,1779816843,0
LTE,310,410,8852,43254208,-1,-86.4252,36.2227,1000,15,1,1778913828,1779816843,0
LTE,310,410,8852,41769225,-1,-86.4164,36.2024,1516,27,1,1778913902,1779816843,0
LTE,310,410,8852,41853079,-1,-86.3965,36.1844,1737,27,1,1778914077,1779816843,0
LTE,310,410,8852,41853078,-1,-86.36,36.1838,1420,18,1,1778914257,1779816843,0
LTE,310,410,8852,43261334,-1,-86.3151,36.1826,1461,22,1,1778914346,1779816844,0
LTE,310,410,8852,41867457,-1,-86.1915,36.1926,1000,2,1,1778914846,1779816844,0
LTE,310,260,43907,122795326,0,-87.4208,36.8174,1000,1,1,1779900610,1779900610,0
LTE,310,410,8197,39213238,-1,-88.6757,37.0194,1000,1,1,1770286446,1770286446,0
LTE,310,410,8197,39198218,-1,-88.6769,36.8996,1000,1,1,1770286933,1770286933,0
LTE,310,410,8197,39198217,-1,-88.6779,36.8789,1910,4,1,1770286963,1779922444,0
LTE,310,410,8197,39213832,-1,-88.6627,36.8447,1298,4,1,1770287117,1779922444,0
LTE,310,410,8197,40306093,-1,-88.6885,36.7193,1000,1,1,1770287791,1770287791,0
LTE,310,410,8197,40954561,-1,-88.7314,36.683,1000,2,1,1770287974,1779922444,0
LTE,310,410,8197,40273167,-1,-88.7369,36.6726,1000,1,1,1770288034,1770288034,0
LTE,310,410,8197,40273343,-1,-88.761,36.6399,3413,9,1,1770288064,1779922444,0
LTE,310,410,20992,41351944,-1,-88.8767,36.4871,1000,1,1,1770289074,1770289074,0
LTE,310,410,20992,41344950,-1,-88.8441,36.3,1000,2,1,1770290110,1779922444,0
LTE,310,410,20992,43406344,-1,-88.8358,36.2636,3133,7,1,1770290171,1779922444,0
LTE,310,410,20992,41347081,-1,-88.8413,36.2845,1000,1,1,1770290201,1770290201,0
LTE,310,410,20992,43406345,-1,-88.8331,36.224,1273,4,1,1770290414,1779922444,0
LTE,310,410,20992,41361162,-1,-88.8082,36.17,4350,15,1,1770290535,1779922444,0
LTE,310,410,20992,41361161,-1,-88.8082,36.1368,1000,1,1,1770290993,1770290993,0
LTE,310,410,20992,41239725,-1,-88.8256,35.6124,1000,4,1,1770294253,1779922445,0
LTE,310,410,20992,41239724,-1,-88.8169,35.6039,1826,9,1,1770294405,1779922445,0
LTE,310,410,20993,41219243,-1,-88.8148,35.5755,1000,5,1,1770294680,1779922445,0
LTE,310,410,20993,43336853,-1,-88.6119,35.161,1000,1,1,1770296879,1770296879,0
LTE,310,410,20993,43336854,-1,-88.5994,35.1524,1000,3,1,1770296909,1779922445,0
LTE,310,410,15111,51897622,-1,-88.3642,35.0142,1000,1,1,1770311698,1770311698,0
LTE,310,410,15111,51895574,-1,-88.3621,35.0197,1000,1,1,1770311729,1770311729,0
LTE,310,410,20993,41333527,-1,-88.3429,35.0395,2314,8,1,1770311759,1779922446,0
LTE,310,410,20993,41228471,-1,-88.2517,35.0782,1000,1,1,1770319473,1770319473,0
LTE,310,410,20993,41272246,-1,-88.2577,35.1013,1637,6,1,1770319534,1779922446,0
LTE,310,410,20993,41272247,-1,-88.2517,35.1361,1565,6,1,1770319718,1779922446,0
LTE,310,410,20993,41284278,-1,-88.2055,35.1966,1000,1,1,1770320236,1770320236,0
LTE,310,410,20993,41358773,-1,-88.1898,35.2232,5027,4,1,1770320267,1779922446,0
LTE,310,410,20993,41399990,-1,-88.1942,35.224,1886,4,1,1770320297,1779922446,0
LTE,310,410,20993,41284277,-1,-88.1761,35.2389,2529,6,1,1770320419,1779922446,0
LTE,310,410,20993,43421623,-1,-88.1583,35.2513,1562,3,1,1770320601,1779922446,0
LTE,310,410,8846,41902345,-1,-87.3745,36.0603,1000,1,1,1770366556,1770366556,0
LTE,310,410,8846,43091983,-1,-87.3572,36.2751,1000,2,1,1770367928,1779922448,0
LTE,310,410,8846,42902544,-1,-87.3697,36.3125,1000,1,1,1770368143,1770368143,0
LTE,310,410,8846,41749164,-1,-87.3719,36.3196,1000,1,1,1770368174,1770368174,0
LTE,310,410,8834,41757101,-1,-87.3697,36.5428,1000,3,1,1770369637,1779922502,0
LTE,310,410,8834,41804204,-1,-87.4414,36.658,1000,3,1,1770370857,1779922502,0
LTE,310,410,8834,41774251,-1,-87.4518,36.6879,1000,1,1,1770371132,1770371132,0
LTE,310,410,8846,41757612,-1,-87.4526,36.6929,1000,1,1,1770371162,1770371162,0
LTE,310,410,20992,41248016,-1,-88.8358,35.6128,1000,1,1,1775544091,1775544091,0
LTE,310,410,20993,41219253,-1,-88.8148,35.5755,1110,5,1,1775544409,1779922630,0
LTE,310,410,20993,41219080,-1,-88.8146,35.5752,1000,2,1,1775576685,1779922632,0
LTE,310,410,20992,41239561,-1,-88.8158,35.6036,1841,7,1,1775576776,1779922632,0
LTE,310,410,20993,43267087,-1,-88.8248,35.6125,1000,1,1,1775577094,1775577094,0
LTE,310,410,8846,41802668,-1,-87.374,36.4506,1892,5,1,1777024354,1779922814,0
LTE,310,410,8847,41802157,-1,-87.3733,36.4845,1000,1,1,1777024672,1777024672,0
LTE,310,410,8195,42917898,-1,-87.4592,36.7178,1000,1,1,1777026675,1777026675,0
LTE,310,410,20993,43288335,0,-88.8916,35.0685,1000,1,1,1779832051,1779832051,0
LTE,310,410,8839,42302232,0,-85.7956,35.1701,1000,1,1,1779880104,1779880104,0
LTE,310,410,8837,41840065,0,-86.2863,35.6303,3768,2,1,1779882864,1786558261,0
LTE,310,410,20992,41319095,0,-88.9404,35.8271,1000,1,1,1779940182,1779940182,0
LTE,310,260,43907,155102230,0,-85.9509,35.1761,1000,1,1,1779948554,1779948554,0
LTE,310,410,8852,43181495,0,-86.5339,36.1698,1000,1,1,1779949748,1779949748,0
LTE,310,260,43907,46791937,0,-88.1782,36.0576,1000,1,1,1779951392,1779951392,0
LTE,310,410,20993,41240759,0,-88.2242,35.8166,1000,1,1,1780011817,1780011817,0
LTE,310,410,20992,41240079,0,-88.9751,35.6508,1000,1,1,1780014529,1780014529,0
LTE,310,410,8836,41753013,0,-86.942,36.0854,1000,1,1,1780019263,1780019263,0
LTE,310,260,43907,158398731,0,-87.335,36.9963,1000,2,1,1780197010,1783271461,0
LTE,310,260,44161,23662339,0,-85.0151,35.9842,1000,3,1,1780414422,1788291491,0
LTE,310,260,44161,23662349,0,-85.0138,35.9871,1000,1,1,1780414825,1780414825,0
LTE,310,260,43905,7954453,0,-85.0285,35.942,1000,1,1,1780415135,1780415135,0
LTE,310,410,8835,42869263,0,-85.0136,35.9778,1000,1,1,1780415557,1780415557,0
LTE,310,260,43777,7656767,-1,-87.4026,36.4466,1000,1,1,1780673123,1780673123,0
LTE,310,830,53095,2953110,-1,-85.1096,35.3834,1000,1,1,1780800493,1780800493,0
LTE,310,410,9093,42254507,-1,-85.1103,35.3808,928,32,1,1780800279,1782090912,0
LTE,310,260,43906,26585355,0,-86.7495,35.4374,1000,1,1,1780434322,1780434322,0
LTE,310,260,44029,29514007,0,-87.4645,35.951,1000,1,1,1780459071,1780459071,0
LTE,310,410,20992,41265581,0,-88.78,35.6784,1000,1,1,1780541190,1780541190,0
LTE,310,410,9101,42275511,0,-85.2475,35.1365,1000,1,1,1780852886,1780852886,0
LTE,310,410,8838,41820333,0,-86.8054,36.1422,1000,1,1,1780929093,1780929093,0
LTE,310,410,9101,43258837,0,-85.1827,35.0757,1000,1,1,1780942803,1780942803,0
LTE,310,410,8846,43256758,0,-87.4716,36.9536,1000,1,1,1781002518,1781002518,0
LTE,310,260,43777,6994709,0,-86.8443,36.2182,1000,1,1,1781058921,1781058921,0
LTE,310,260,30499,52922883,0,-85.3413,35.0236,1614,31,1,1781076778,1787513538,0
LTE,310,260,43906,103741975,0,-86.7828,36.3104,1000,1,1,1781130618,1781130618,0
LTE,310,410,9108,43454992,0,-85.0775,35.0439,1000,1,1,1781160019,1781160019,0
LTE,310,260,43777,50355981,0,-86.7885,36.169,1000,1,1,1781194870,1781194870,0
LTE,310,260,30499,72870403,0,-85.0167,35.0242,1000,1,1,1781215554,1781215554,0
LTE,310,410,8837,42237969,0,-86.0784,35.4934,1000,1,1,1781268164,1781268164,0
LTE,310,260,43003,8663041,0,-88.7362,36.6405,1000,1,1,1781391469,1781391469,0
LTE,310,410,8837,41794743,0,-86.0589,35.1695,1000,1,1,1781393503,1781393503,0
LTE,310,410,8832,42599446,0,-86.786,35.4666,1000,1,1,1781411685,1781411685,0
LTE,310,410,9093,42254509,-1,-85.1137,35.3738,1000,18,1,1781528737,1782090849,0
LTE,310,410,9093,42267051,-1,-85.1309,35.3337,3766,40,1,1781528788,1782090911,0
LTE,310,410,9093,42254508,-1,-85.13,35.3378,3184,32,1,1781528809,1782090911,0
LTE,310,410,9108,43052715,-1,-85.1466,35.2475,7444,50,1,1781529052,1782322921,0
LTE,310,410,9093,42266890,-1,-85.1386,35.3168,761,47,1,1781529068,1782090913,0
LTE,310,410,9108,42284559,-1,-85.1432,35.2437,1000,21,1,1781529391,1782329462,0
LTE,310,410,9108,43052725,-1,-85.1494,35.2494,5736,29,1,1781529442,1782090913,0
LTE,310,410,9108,42283436,-1,-85.1438,35.2694,3248,47,1,1781529489,1782090914,0
LTE,310,410,9108,42284735,-1,-85.1482,35.2468,1309,50,1,1781534403,1782090913,0
LTE,310,410,9093,42266888,-1,-85.1293,35.3383,3333,47,1,1781535101,1782090913,0
LTE,310,260,43906,8105741,0,-86.6673,35.8556,1000,1,1,1781528642,1781528642,0
LTE,310,410,9101,42244012,0,-85.3277,35.063,1000,1,1,1781542267,1781542267,0
LTE,310,260,30499,52922882,0,-85.3153,35.0102,1000,1,1,1781543204,1781543204,0
LTE,310,260,43777,50355971,0,-86.7885,36.1687,1000,1,1,1781543829,1781543829,0
LTE,310,410,9101,42246611,0,-85.2608,35.0785,1000,1,1,1781637582,1781637582,0
LTE,310,410,9101,42260248,0,-85.1849,35.0758,1000,1,1,1781638399,1781638399,0
LTE,310,260,30499,52836610,0,-85.0507,35.047,1000,1,1,1781639749,1781639749,0
LTE,310,260,43906,50358019,0,-86.7886,36.157,1000,1,1,1781719879,1781719879,0
LTE,310,260,43905,42720781,0,-85.0836,36.0789,1000,1,1,1781806288,1781806288,0
LTE,310,260,43905,8613141,0,-85.0993,36.0347,5116,4,1,1781806319,1788291490,0
LTE,310,260,44029,7215875,0,-87.1711,36.0276,1000,2,1,1781814138,1781814303,0
LTE,310,260,44029,29513495,0,-87.1712,36.027,1000,3,1,1781814335,1781842801,0
LTE,310,260,44029,29513535,0,-87.1714,36.0267,1000,13,1,1781814643,1781852221,0
LTE,310,260,30499,223432982,0,-85.2465,35.0684,1000,1,1,1781723212,1781723212,0
LTE,310,260,43907,155102231,0,-86.0668,35.1597,1000,1,1,1781739864,1781739864,0
LTE,310,410,20992,41332908,0,-88.8095,35.6695,1000,1,1,1781740088,1781740088,0
LTE,310,410,20993,41249964,0,-88.3906,35.7887,1000,1,1,1781741322,1781741322,0
LTE,310,410,9101,42249750,0,-85.2168,35.0637,1000,1,1,1781832201,1781832201,0
LTE,310,410,8833,42599339,0,-86.5765,35.9879,1000,1,1,1781874572,1781874572,0
LTE,310,410,8837,41834411,0,-86.4388,35.986,1000,1,1,1781880724,1781880724,0
LTE,310,260,43907,6869782,0,-86.429,35.9725,1000,1,1,1781880791,1781880791,0
LTE,310,260,43907,31767830,0,-86.4088,35.9755,1000,1,1,1781880881,1781880881,0
LTE,310,260,43906,6998549,0,-86.7826,36.2373,1000,1,1,1781883468,1781883468,0
LTE,310,410,8846,41774774,0,-87.7482,35.8575,1000,1,1,1781919619,1781919619,0
GSM,310,260,16082,8671,-1,-85.1258,35.2453,1000,4,1,1781696367,1782090781,0
GSM,310,260,16082,9891,-1,-85.1268,35.3447,2851,28,1,1781741757,1782090781,0
GSM,310,260,16082,4122,-1,-85.1263,35.3467,2770,27,1,1781741772,1782090781,0
GSM,310,260,16082,4123,-1,-85.1288,35.3404,1000,12,1,1781742234,1782090781,0
GSM,310,260,16082,4121,-1,-85.1093,35.3819,1000,7,1,1781742446,1782090781,0
GSM,310,260,16082,9893,-1,-85.1395,35.3155,1070,21,1,1781775821,1782090781,0
LTE,310,410,9108,43052566,-1,-85.1476,35.2531,2988,13,1,1781695984,1782090913,0
LTE,310,410,9108,42283446,-1,-85.1448,35.2605,4365,26,1,1781696498,1782090914,0
LTE,310,410,9108,42283287,-1,-85.1295,35.2469,3177,38,1,1781696863,1782090914,0
LTE,310,410,9093,42254358,-1,-85.1099,35.3835,1000,8,1,1781763142,1782090912,0
LTE,310,410,9093,42254517,-1,-85.1094,35.3834,1000,2,1,1781771165,1782090910,0
LTE,310,410,9101,42251529,-1,-85.2575,35.1695,1000,23,1,1781777881,1782090847,0
LTE,310,410,9101,42840336,-1,-85.2585,35.1682,1000,1,1,1781778463,1781778463,0
LTE,310,410,9108,42830273,-1,-85.1263,35.2427,500,35,1,1781779459,1782090911,0
LTE,310,410,9093,42254360,-1,-85.1185,35.366,1000,1,1,1781785800,1781785800,0
LTE,310,410,9093,42266902,-1,-85.1298,35.3367,1000,8,1,1781785937,1782090849,0
LTE,310,410,9093,42850751,-1,-85.1296,35.3377,3533,47,1,1781785977,1782090910,0
LTE,310,410,9093,42850575,-1,-85.1303,35.3365,1426,2,1,1781786018,1782090905,0
LTE,310,410,9108,42284560,-1,-85.1717,35.2414,1000,22,1,1781787031,1782329042,0
LTE,310,410,9108,42829247,-1,-85.1465,35.2421,1000,2,1,1781787219,1782090903,0
LTE,310,410,9108,42364331,-1,-85.1257,35.2432,1000,5,1,1781789263,1782090912,0
LTE,310,410,9093,42850753,-1,-85.1392,35.3156,1000,5,1,1781795420,1782090909,0
LTE,310,410,9108,42830293,-1,-85.1335,35.2403,1000,3,1,1781863963,1782090908,0
LTE,310,410,9093,42850577,-1,-85.1473,35.26,1000,1,1,1781938082,1781938082,0
LTE,310,260,30499,222892045,0,-85.2845,35.0474,1000,1,1,1782067217,1782067217,0
LTE,310,410,9101,42245814,0,-85.3189,35.1493,1000,1,1,1782072241,1782072241,0
LTE,310,410,8846,41846700,0,-87.284,36.0234,1000,1,1,1782154683,1782154683,0
LTE,310,410,8852,41845677,0,-86.5998,36.5896,1000,1,1,1782158390,1782158390,0
LTE,310,410,8840,43226797,0,-86.8709,36.1039,1000,1,1,1782227006,1782227006,0
LTE,310,260,44027,6394126,0,-86.5246,35.9825,1000,1,1,1782232718,1782232718,0
LTE,310,410,8832,41804296,0,-86.3243,35.29,1000,1,1,1782238744,1782238744,0
LTE,310,260,30499,52836631,0,-85.0694,35.0653,1000,1,1,1782271257,1782271257,0
LTE,310,260,43906,103741955,0,-86.8237,36.3098,1000,1,1,1782273959,1782273959,0
LTE,310,260,43906,103741965,0,-86.8232,36.3094,1000,1,1,1782273962,1782273962,0
LTE,310,260,43777,8106519,0,-87.2216,36.5199,1000,1,1,1782275249,1782275249,0
LTE,310,260,43777,7354113,0,-87.4939,36.7334,1000,1,1,1782276512,1782276512,0
LTE,310,260,43777,7354135,0,-87.5385,36.7146,1000,1,1,1782276513,1782276513,0
LTE,310,260,42881,158262039,0,-88.6073,36.9898,1000,1,1,1782279983,1782279983,0
UMTS,310,260,30499,42456341,0,-85.1892,35.2178,1000,1,1,1782318515,1782318515,0
LTE,310,260,43777,7033356,0,-86.791,36.2208,1000,1,1,1782405626,1782405626,0
LTE,310,410,8836,41857453,0,-87.1766,36.0281,1000,1,1,1782407864,1782407864,0
LTE,310,410,20992,43273232,0,-88.7619,35.9108,1000,1,1,1782453855,1782453855,0
LTE,310,260,43906,8115458,0,-86.8469,35.3407,1000,1,1,1782512767,1782512767,0
LTE,310,410,20992,41240245,0,-88.9784,35.6259,1000,1,1,1782514091,1782514091,0
LTE,310,410,8840,43226647,0,-86.8703,36.1004,1000,1,1,1782641600,1782641600,0
LTE,310,260,43906,7056141,0,-86.6636,35.9096,1000,1,1,1782666306,1782666306,0
LTE,310,410,9108,42259117,0,-85.0179,35.0309,1000,1,1,1782678625,1782678625,0
LTE,310,260,43777,63838210,0,-86.8408,36.1187,1000,1,1,1782734307,1782734307,0
LTE,310,410,9101,42343349,0,-85.2709,35.0583,1000,1,1,1782742743,1782742743,0
LTE,310,260,44029,27715606,0,-88.0239,35.8698,1000,1,1,1782825274,1782825274,0
LTE,310,410,8846,43037590,0,-87.4715,36.815,1000,1,1,1782913926,1782913926,0
LTE,310,410,8834,41832630,0,-87.3185,36.6304,1000,1,1,1782917268,1782917268,0
LTE,310,410,8834,41832619,0,-87.2993,36.6183,1000,1,1,1782917348,1782917348,0
LTE,310,410,8840,43242646,0,-87.0278,36.4032,1000,1,1,1782918566,1782918566,0
LTE,310,410,8840,43242645,0,-87.012,36.3946,1000,1,1,1782918625,1782918625,0
LTE,310,410,8840,43005887,0,-86.7853,36.2431,1000,1,1,1782919696,1782919696,0
LTE,310,410,8840,43005888,0,-86.7815,36.2299,1000,1,1,1782919789,1782919789,0
LTE,310,410,8838,43006101,0,-86.7532,36.152,1000,1,1,1782920750,1782920750,0
LTE,310,410,8837,42665645,0,-86.0756,35.4918,1000,1,1,1782924279,1782924279,0
LTE,310,410,8839,42972341,0,-85.8186,35.2074,1000,1,1,1782926033,1782926033,0
LTE,310,410,9101,42246317,0,-85.3749,35.0249,1000,1,1,1782928272,1782928272,0
LTE,310,410,9101,42246829,0,-85.2898,35.0184,1000,3,1,1782928766,1784349178,0
LTE,310,260,42881,161219350,0,-86.2139,37.0395,1000,1,1,1782860588,1782860588,0
LTE,310,410,20992,41356214,0,-88.7558,35.9174,1000,1,1,1782879561,1782879561,0
LTE,310,260,30499,52922893,0,-85.324,35.0157,1000,16,1,1782986719,1783708291,0
LTE,310,410,9101,42243499,0,-85.1658,35.0425,1000,1,1,1783052885,1783052885,0
LTE,310,410,8195,39414026,0,-86.5286,36.9326,1000,1,1,1783161798,1783161798,0
LTE,310,410,8846,43147201,0,-87.4848,36.8411,1000,1,1,1783171780,1783171780,0
LTE,310,410,8836,41857304,0,-87.1783,36.0277,1000,1,1,1783176278,1783176278,0
LTE,310,260,43907,38395927,0,-86.3633,35.5765,1000,1,1,1783186840,1783186840,0
LTE,310,260,43907,160284694,0,-85.8798,35.046,1000,1,1,1783194569,1783194569,0
LTE,310,260,43906,160435715,0,-86.8276,35.3484,1000,1,1,1783202253,1783202253,0
LTE,310,260,30499,52922903,0,-85.3316,35.0092,1000,1,1,1783202984,1783202984,0
LTE,310,260,43906,6381591,0,-86.7623,36.154,1000,1,1,1783260609,1783260609,0
LTE,310,410,8846,41848236,0,-87.8022,35.8809,1000,1,1,1783315289,1783315289,0
LTE,310,410,8195,39264429,0,-87.2665,36.7247,1000,1,1,1783346070,1783346070,0
LTE,310,410,8846,43256757,0,-87.3781,37.0073,1000,1,1,1783510742,1783510742,0
LTE,310,410,8840,41753270,0,-86.8571,36.1413,1000,1,1,1783599900,1783599900,0
LTE,310,260,30499,223631883,-1,-85.0109,35.4926,3866,50,1,1781619667,1783708286,0
LTE,310,260,30499,223631884,-1,-85.0524,35.4551,4270,21,1,1781620070,1783708286,0
LTE,310,260,30499,223631894,-1,-85.0655,35.447,1000,19,1,1781620393,1783708286,0
NR,310,260,7807744,6593449985,-1,-85.0797,35.4363,868,34,1,1781620456,1783708286,0
NR,310,260,7807744,6593450005,-1,-85.0882,35.4248,1000,15,1,1781620521,1783708286,0
NR,310,260,7807744,6559944725,-1,-85.1035,35.4016,1000,6,1,1781620648,1783708286,0
NR,310,260,7807744,6576209921,-1,-85.1066,35.3937,1000,21,1,1781620668,1783708286,0
LTE,310,260,30499,68136963,-1,-85.1125,35.377,1646,33,1,1781620700,1783708287,0
LTE,310,260,30499,222220821,-1,-85.1209,35.3591,1000,9,1,1781620848,1783708287,0
LTE,310,260,30499,222220811,-1,-85.1329,35.3296,2922,21,1,1781620865,1783708287,0
LTE,310,260,30499,223545868,-1,-85.126,35.3482,1000,24,1,1781620883,1783708287,0
LTE,310,260,30499,222220813,-1,-85.1414,35.3123,1000,18,1,1781621072,1783708287,0
LTE,310,260,30499,68003083,-1,-85.1537,35.284,2542,51,1,1781621134,1783708288,0
LTE,310,260,30499,68003085,-1,-85.1624,35.2665,1000,24,1,1781621276,1783708288,0
LTE,310,260,30499,42835467,-1,-85.1728,35.2566,1000,10,1,1781621337,1783708288,0
LTE,310,260,30499,42835469,-1,-85.2002,35.2299,4207,26,1,1781621368,1783708288,0
LTE,310,260,30499,222099725,-1,-85.2507,35.189,2948,41,1,1781621603,1783708289,0
LTE,310,260,30499,68155661,-1,-85.2796,35.1689,1620,41,1,1781621733,1783708289,0
LTE,310,260,30499,68155651,-1,-85.2886,35.1516,1000,14,1,1781621829,1783708289,0
LTE,310,260,30499,68155157,-1,-85.2925,35.1436,1000,8,1,1781621870,1783708289,0
LTE,310,260,30499,222316811,-1,-85.3176,35.0999,1000,7,1,1781622039,1783708290,0
LTE,310,260,30499,43435019,-1,-85.3201,35.0969,1000,7,1,1781622051,1783708290,0
LTE,310,260,30499,43266059,-1,-85.3239,35.0865,1000,11,1,1781622080,1783708290,0
LTE,310,260,30499,43266061,-1,-85.3222,35.08,1000,7,1,1781622112,1783708290,0
LTE,310,260,30499,43266060,-1,-85.3211,35.0726,1000,11,1,1781622127,1783708290,0
LTE,310,260,30499,69933067,-1,-85.3165,35.0575,1288,12,1,1781622161,1783708290,0
LTE,310,260,30499,43329293,-1,-85.3178,35.0624,1000,11,1,1781622173,1783708290,0
LTE,310,260,30499,69933069,-1,-85.3177,35.0384,1089,20,1,1781622234,1783708291,0
NR,310,260,7807744,6583288111,-1,-85.327,35.0137,1000,9,1,1781622493,1783708291,0
NR,310,260,7807744,6583288121,-1,-85.3273,35.0132,1000,8,1,1781622513,1783708291,0
NR,310,260,7807744,6583283735,-1,-85.3285,35.0096,1000,6,1,1781622589,1783708291,0
NR,310,260,7807744,6608482327,-1,-85.3277,35.0117,1000,1,1,1781623075,1781623075,0
NR,310,260,7807744,6608486713,-1,-85.3277,35.0117,1000,1,1,1781628846,1781628846,0
NR,310,260,7807744,6595756053,-1,-85.3302,35.0068,1000,3,1,1781639588,1783708291,0
NR,310,260,7807744,6595760439,-1,-85.3304,35.0066,1000,2,1,1781639603,1783708291,0
NR,310,260,7807744,6597304633,-1,-85.3305,35.0069,1000,1,1,1781639619,1781639619,0
LTE,310,410,20993,41248683,0,-88.5823,35.7253,1000,1,1,1783762389,1783762389,0
LTE,310,410,8836,41857451,0,-87.1338,36.0608,1000,1,1,1783767344,1783767344,0
LTE,310,260,30499,42456321,0,-85.266,35.2179,1000,1,1,1783784858,1783784858,0
LTE,310,260,43907,30142477,0,-86.5142,35.9626,1000,1,1,1783787015,1783787015,0
LTE,310,410,9108,42258968,0,-85.0187,35.0408,1000,1,1,1783971523,1783971523,0
LTE,310,260,44027,6390549,0,-86.4023,35.8309,1000,1,1,1784001593,1784001593,0
LTE,310,410,8846,42999999,0,-87.4845,36.8841,1000,1,1,1784029849,1784029849,0
LTE,310,260,43906,6995990,0,-86.5871,36.0298,1000,1,1,1784042515,1784042515,0
LTE,310,260,32827,18699039,0,-88.4529,35.7885,1000,1,1,1784059500,1784059500,0
LTE,310,410,8852,42980369,0,-86.9155,36.5595,1000,1,1,1784109062,1784109062,0
LTE,310,410,8840,42951339,0,-86.707,36.2454,1000,1,1,1784128372,1784128372,0
LTE,310,410,8837,42635190,0,-86.2308,35.5725,1000,1,1,1784216191,1784216191,0
LTE,310,410,20993,41410486,0,-88.5093,35.7358,1000,1,1,1784237979,1784237979,0
LTE,310,410,8839,42302381,0,-85.7975,35.174,1000,1,1,1784290980,1784290980,0
LTE,310,260,30499,107986444,0,-85.0312,35.0392,1000,1,1,1784418024,1784418024,0
LTE,310,410,8846,41774765,0,-87.7564,35.8987,1000,1,1,1784459662,1784459662,0
LTE,310,410,8840,43221271,0,-86.8375,36.2922,1000,1,1,1784650614,1784650614,0
LTE,310,260,43906,161224705,0,-86.8924,36.3807,1000,1,1,1784651193,1784651193,0
LTE,310,260,43777,7217164,0,-86.8923,36.4361,1000,1,1,1784651543,1784651543,0
LTE,310,410,9101,42276523,0,-85.1776,35.0575,1000,1,1,1784661385,1784661385,0
LTE,310,410,8846,42611627,0,-88.168,36.0164,1000,1,1,1784814534,1784814534,0
LTE,310,260,43906,50358541,0,-86.7869,36.1621,1000,1,1,1784816884,1784816884,0
LTE,310,410,20992,41354767,0,-88.7904,35.8468,1000,1,1,1784870264,1784870264,0
LTE,310,410,20992,41269932,0,-88.8721,35.655,1000,1,1,1784945308,1784945308,0
LTE,310,410,8195,39264279,0,-87.2611,36.7191,1000,1,1,1784987959,1784987959,0
LTE,310,410,9108,43455158,0,-85.0687,35.0612,1000,1,1,1785093016,1785093016,0
LTE,310,410,20992,41225398,0,-88.7634,35.9103,1000,1,1,1785232273,1785232273,0
LTE,310,410,8848,42633752,0,-86.7125,36.3233,1000,1,1,1785246675,1785246675,0
LTE,310,260,43906,50504727,0,-86.6446,36.0343,1000,1,1,1785256080,1785256080,0
LTE,310,410,20992,43402925,0,-88.8483,35.8762,1000,1,1,1785320629,1785320629,0
LTE,310,410,9101,42252717,0,-85.2585,35.0194,1000,1,1,1785397143,1785397143,0
LTE,310,410,9101,42246325,0,-85.3621,35.0281,1000,1,1,1785397617,1785397617,0
LTE,310,410,8837,42956694,0,-86.3734,35.7871,1000,1,1,1785403501,1785403501,0
LTE,310,410,8837,43014294,0,-86.378,35.7943,1000,1,1,1785403532,1785403532,0
LTE,310,410,8837,42623925,0,-86.3824,35.7994,1000,1,1,1785403556,1785403556,0
LTE,310,410,8837,41730231,0,-86.4783,35.8867,1000,1,1,1785404003,1785404003,0
LTE,310,410,8840,43143083,0,-86.7407,36.2508,1000,1,1,1785407459,1785407459,0
LTE,310,410,8852,41732032,0,-86.6728,36.4884,1207,2,1,1785408456,1785408541,0
LTE,310,410,8852,41732031,0,-86.6546,36.5118,1000,1,1,1785408601,1785408601,0
LTE,310,410,8852,41850304,0,-86.6364,36.5433,1000,1,1,1785408736,1785408736,0
LTE,310,410,8195,39345175,0,-86.5572,36.6639,1000,1,1,1785409266,1785409266,0
LTE,310,410,8195,40796175,0,-86.4784,36.7801,1000,1,1,1785412102,1785412102,0
LTE,310,410,8195,39343383,0,-86.2558,37.0195,1000,1,1,1785413401,1785413401,0
LTE,310,410,8846,42626070,0,-87.9396,36.0243,1000,1,1,1785422703,1785422703,0
LTE,310,410,9101,42344364,0,-85.3558,35.044,1000,1,1,1785519408,1785519408,0
GSM,310,260,31402,16893,-1,-86.8166,35.8703,1000,1,1,1785537073,1785537073,0
LTE,310,260,43906,6400269,0,-86.8895,36.1341,1000,1,1,1785554708,1785554708,0
LTE,310,260,32770,162679574,0,-88.3135,36.0606,1000,1,1,1785575071,1785575071,0
LTE,310,410,20992,43366928,0,-88.9171,35.7788,1000,1,1,1785645742,1785645742,0
LTE,310,410,8836,41835435,0,-87.004,36.0889,1000,1,1,1785672752,1785672752,0
LTE,310,260,43907,162728460,0,-86.4311,35.933,1000,1,1,1785822610,1785822610,0
LTE,310,410,8846,41847831,0,-87.6389,35.8958,1000,1,1,1785890584,1785890584,0
LTE,310,260,43003,6863393,0,-88.689,37.0768,1000,1,1,1785936244,1785936244,0
LTE,310,260,44029,30166038,0,-87.272,36.0908,1000,1,1,1785943724,1785943724,0
LTE,310,260,43906,103741963,0,-86.8688,36.3244,1000,1,1,1785952569,1785952569,0
LTE,310,410,20993,41264912,0,-88.6499,35.0135,1000,1,1,1785969799,1785969799,0
LTE,310,410,20993,43458477,0,-88.5229,35.7664,1000,1,1,1786043764,1786043764,0
LTE,310,410,9108,42360491,0,-85.0388,35.0678,1000,1,1,1786046367,1786046367,0
LTE,310,410,8838,42706211,0,-86.6987,36.136,1000,1,1,1786190465,1786190465,0
LTE,310,410,9101,42366123,0,-85.2129,35.0525,1000,1,1,1786389169,1786389169,0
LTE,310,260,43907,6789399,0,-86.3829,35.7921,1000,1,1,1786447855,1786447855,0
LTE,310,410,9101,42854927,0,-85.3196,35.0322,1000,1,1,1786553493,1786553493,0
LTE,310,410,8837,42635024,0,-86.2282,35.5696,1000,1,1,1786557982,1786557982,0
LTE,310,410,8837,42623753,0,-86.3564,35.7666,2534,2,1,1786558762,1786558981,0
LTE,310,410,8833,43055510,0,-86.661,36.0467,1000,1,1,1786561746,1786561746,0
LTE,310,410,8833,43055511,0,-86.6782,36.0587,1000,1,1,1786561817,1786561817,0
LTE,310,410,8838,43019414,0,-86.6968,36.0812,1000,1,1,1786561997,1786561997,0
LTE,310,410,8838,43019413,0,-86.7051,36.0926,1000,1,1,1786562168,1786562168,0
LTE,310,410,8195,40538038,0,-86.434,36.9065,1000,1,1,1786566882,1786566882,0
LTE,310,410,8195,40788150,0,-86.4252,36.9222,1000,1,1,1786566949,1786566949,0
LTE,310,410,8195,40788149,0,-86.4158,36.9384,1000,1,1,1786567017,1786567017,0
LTE,310,410,8195,39343369,0,-86.2545,37.0198,1000,1,1,1786567671,1786567671,0
LTE,310,410,8852,41854637,0,-86.397,36.1311,1000,1,1,1786570329,1786570329,0
LTE,310,410,8837,41730221,0,-86.4796,35.8915,1000,1,1,1786624059,1786624059,0
LTE,310,410,8832,42614294,0,-86.724,35.0691,1000,1,1,1786739909,1786739909,0
LTE,310,260,43907,158598403,0,-87.8971,36.1781,1000,1,1,1786784440,1786784440,0
LTE,310,410,8848,42617516,0,-86.6926,36.2048,1000,1,1,1786810971,1786810971,0
LTE,310,410,8832,42599447,0,-86.7757,35.4477,1000,1,1,1786818399,1786818399,0
LTE,310,260,43907,30142476,0,-86.5029,35.9429,1000,1,1,1786988160,1786988160,0
LTE,310,410,8852,41854647,0,-86.4061,36.1399,1000,1,1,1787032606,1787032606,0
LTE,310,410,8833,42661583,0,-86.7916,36.0272,1000,1,1,1787078089,1787078089,0
LTE,310,260,43777,7660812,0,-86.4878,36.3655,1000,1,1,1787146314,1787146314,0
LTE,310,260,43907,30142467,0,-86.4963,35.957,1000,1,1,1787154587,1787154587,0
LTE,310,260,30499,222894850,-1,-85.0429,35.1205,1152,48,1,1787232404,1787513549,0
LTE,310,260,41472,118506028,-1,-85.512,35.0007,1000,11,1,1787234574,1787260746,0
LTE,310,260,31344,109332757,-1,-85.705,35.008,3055,13,1,1787235694,1787513494,0
LTE,310,410,8839,41953463,0,-85.8956,35.293,1000,1,1,1787189514,1787189514,0
LTE,310,260,30499,52836611,0,-85.0699,35.0599,1000,1,1,1787233527,1787233527,0
LTE,310,410,8838,40986492,0,-86.8195,36.1492,1000,1,1,1787247420,1787247420,0
LTE,310,260,30211,43330326,-1,-85.7007,35.0087,1482,27,1,1787465842,1787513494,0
LTE,310,410,8839,43152577,-1,-85.6597,35.0467,1000,6,1,1787466142,1787513495,0
LTE,310,410,8839,43152576,-1,-85.6168,35.0466,1000,6,1,1787466262,1787513496,0
LTE,310,410,9101,43110080,-1,-85.1857,35.0122,1000,11,1,1787470152,1787513524,0
LTE,310,260,30499,223454214,-1,-85.2563,35.0176,1000,12,1,1787469916,1787513540,0
LTE,310,260,30499,222106901,-1,-85.0518,35.1047,1000,6,1,1787470686,1787513548,0
LTE,310,260,43907,8293655,0,-87.7968,36.0856,1000,1,1,1787429404,1787429404,0
LTE,310,260,44161,8453901,0,-85.0452,36.0009,1000,1,1,1787656329,1787656329,0
LTE,310,410,8847,41867691,0,-87.0677,36.5826,1000,1,1,1787836626,1787836626,0
LTE,310,260,43906,6866701,0,-86.6506,36.3034,1000,1,1,1787976745,1787976745,0
LTE,310,260,43906,6866691,0,-86.6515,36.3037,1000,1,1,1788022973,1788022973,0
LTE,310,410,8846,42624429,0,-87.9505,36.043,1000,1,1,1788174164,1788174164,0
LTE,310,410,8848,43043509,0,-86.6703,36.2769,1000,1,1,1788175139,1788175139,0
LTE,310,260,32770,110017302,-1,-88.6832,35.7014,1210,8,1,1786142652,1788291439,0
LTE,310,260,32827,18699030,-1,-88.3583,35.7989,1000,2,1,1786143658,1788291440,0
LTE,310,260,43906,6400259,-1,-86.9059,36.1251,1000,2,1,1786172838,1788291483,0
LTE,310,260,43906,50358029,-1,-86.7898,36.1564,1000,2,1,1786173289,1788291483,0
LTE,310,260,43906,9380865,-1,-86.7707,36.1506,1000,2,1,1786173409,1788291484,0
LTE,310,260,43777,6999821,-1,-86.6208,36.1609,1000,2,1,1786173930,1788291484,0
LTE,310,260,43907,103835651,-1,-85.4929,36.1357,2717,8,1,1786180553,1788291489,0
LTE,310,260,43905,8574487,-1,-85.244,36.1138,1000,6,1,1786181474,1788291489,0
LTE,310,260,43905,30704907,-1,-85.0978,36.0326,1000,14,1,1786182225,1788291490,0
LTE,310,260,43905,42720791,-1,-85.0899,36.0278,1000,2,1,1786182485,1788291490,0
LTE,310,260,43905,30704898,-1,-85.0659,36.0124,1000,2,1,1786182735,1788291491,0
LTE,310,260,42881,13240834,0,-86.4451,36.8788,1000,1,1,1788253845,1788253845,0
LTE,310,260,32770,19497475,0,-88.408,35.9231,1000,1,1,1788327133,1788327133,0
LTE,310,260,32770,160462614,0,-88.5892,36.0527,1000,1,1,1788334636,1788334636,0
LTE,310,410,9108,42356247,0,-85.0558,35.1593,1000,1,1,1788425509,1788425509,0
